name,club,league,position,age,quality,quality_source,true_value_m,tm_value_m,salary_eur_m,salary_estimated,expiry_year,homegrown,hg_basis,country
Jude Bellingham,Real Madrid,la-liga,AM,23,90,fc26,250.0,160.0,20.8,False,2029,True,citizenship-plus-appearances,England
Lamine Yamal,Barcelona,la-liga,RW,18,89,fc26,240.0,120.0,20.8,False,2031,False,appearances,Spain
Erling Haaland,Manchester City,premier-league,ST,25,90,fc26,240.0,200.0,32.0,False,2034,False,appearances,Norway
Kylian Mbappé,Real Madrid,la-liga,ST,27,91,fc26,210.0,180.0,31.2,False,2029,False,appearances,France
Vinicius Junior,Real Madrid,la-liga,LW,25,89,fc26,200.0,180.0,31.3,False,2032,False,appearances,Brazil
Jamal Musiala,Bayern Munich,bundesliga,AM,23,88,fc26,190.0,130.0,22.8,False,2030,True,appearances,Germany
Bukayo Saka,Arsenal,premier-league,RW,24,88,fc26,170.0,130.0,18.3,False,2030,True,appearances,England
Florian Wirtz,Liverpool,premier-league,AM,23,89,fc26,170.0,110.0,12.2,False,2030,False,appearances,Germany
Vitinha,PSG,ligue-1,CM,26,89,fc26,140.0,110.0,11.8,False,2029,False,appearances,Portugal
João Neves,PSG,ligue-1,CM,21,85,fc26,140.0,110.0,9.1,False,2029,False,appearances,Portugal
Cole Palmer,Chelsea,premier-league,AM,24,87,fc26,140.0,120.0,7.9,False,2033,True,appearances,England
Michael Olise,Bayern Munich,bundesliga,RW,24,86,fc26,130.0,130.0,13.5,False,2029,True,appearances,France
Pedri,Barcelona,la-liga,CM,23,89,fc26,130.0,80.0,12.5,False,2030,False,appearances,Spain
Federico Valverde,Real Madrid,la-liga,CM,27,89,fc26,130.0,120.0,16.7,False,2029,False,appearances,Uruguay
Désiré Doué,PSG,ligue-1,RW,21,85,fc26,130.0,90.0,6.9,False,2029,False,appearances,France
Moisés Caicedo,Chelsea,premier-league,CM,24,87,fc26,130.0,110.0,11.0,False,2033,False,appearances,Ecuador
Alexander Isak,Liverpool,premier-league,ST,26,88,fc26,130.0,120.0,17.1,False,2031,False,appearances,Sweden
Ousmane Dembélé,PSG,ligue-1,ST,29,90,fc26,110.0,100.0,18.2,False,2028,False,appearances,France
Khvicha Kvaratskhelia,PSG,ligue-1,LW,25,87,fc26,110.0,90.0,16.4,False,2029,False,appearances,Georgia
Achraf Hakimi,PSG,ligue-1,RB,27,89,fc26,110.0,80.0,13.6,False,2029,False,appearances,Morocco
William Saliba,Arsenal,premier-league,CB,25,87,fc26,110.0,90.0,15.2,False,2030,False,appearances,France
Nico Williams,Athletic Club,la-liga,LW,23,86,fc26,100.0,60.0,17.2,False,2035,False,appearances,Spain
Julián Alvarez,Atletico Madrid,la-liga,ST,26,87,fc26,100.0,100.0,12.5,False,2030,False,appearances,Argentina
Nuno Mendes,PSG,ligue-1,LB,24,86,fc26,100.0,75.0,10.9,False,2029,False,appearances,Portugal
Declan Rice,Arsenal,premier-league,CM,27,87,fc26,100.0,120.0,14.6,False,2028,True,appearances,England
Phil Foden,Manchester City,premier-league,AM,26,85,fc26,100.0,150.0,13.7,False,2030,True,appearances,England
Rodrygo,Real Madrid,la-liga,RW,25,85,fc26,90.0,110.0,16.7,False,2028,False,appearances,Brazil
Willian Pacho,PSG,ligue-1,CB,24,86,fc26,90.0,70.0,9.1,False,2029,False,appearances,Ecuador
Ryan Gravenberch,Liverpool,premier-league,CM,24,85,fc26,90.0,90.0,17.1,False,2032,False,appearances,Netherlands
Alexis Mac Allister,Liverpool,premier-league,CM,27,87,fc26,90.0,85.0,9.1,False,2028,False,appearances,Argentina
Rodri,Barcelona,la-liga,CM,30,90,fc26,90.0,75.0,13.4,False,2027,False,appearances,Spain
Xavi Simons,Tottenham,premier-league,AM,23,84,fc26,90.0,80.0,11.9,False,2030,False,appearances,Netherlands
Lautaro Martínez,Inter Milan,serie-a,ST,28,88,fc26,90.0,85.0,16.7,False,2029,False,appearances,Argentina
Bradley Barcola,PSG,ligue-1,LW,23,84,fc26,120.0,70.0,7.3,False,2028,False,appearances,France
Martin Ødegaard,Arsenal,premier-league,AM,27,87,fc26,80.0,75.0,14.6,False,2028,False,appearances,Norway
Gabriel Magalhães,Arsenal,premier-league,CB,28,88,fc26,80.0,75.0,9.1,False,2029,False,appearances,Brazil
Sandro Tonali,Tottenham,premier-league,CM,26,86,fc26,80.0,75.0,12.2,False,2032,False,appearances,Italy
Alessandro Bastoni,Inter Milan,serie-a,CB,27,87,fc26,80.0,80.0,10.2,False,2028,False,appearances,Italy
Raphinha,Barcelona,la-liga,LW,29,89,fc26,70.0,50.0,16.7,False,2028,False,appearances,Brazil
Frenkie de Jong,Barcelona,la-liga,CM,29,87,fc26,70.0,70.0,13.0,False,2029,False,appearances,Netherlands
Gavi,Barcelona,la-liga,CM,21,83,fc26,70.0,40.0,9.4,False,2030,False,appearances,Spain
Alejandro Balde,Barcelona,la-liga,LB,22,83,fc26,70.0,60.0,1.7,False,2028,False,appearances,Spain
Trent Alexander-Arnold,Real Madrid,la-liga,RB,27,86,fc26,70.0,70.0,16.7,False,2031,True,appearances,England
Aurélien Tchouaméni,Real Madrid,la-liga,CM,26,84,fc26,70.0,100.0,12.5,False,2028,False,appearances,France
Viktor Gyökeres,Arsenal,premier-league,ST,28,87,fc26,70.0,70.0,12.2,False,2030,False,appearances,Sweden
Enzo Fernández,Chelsea,premier-league,CM,25,84,fc26,70.0,85.0,11.0,False,2032,False,appearances,Argentina
Hugo Ekitiké,Liverpool,premier-league,ST,24,83,fc26,70.0,85.0,12.2,False,2031,False,appearances,France
Gianluigi Donnarumma,Manchester City,premier-league,GK,27,89,fc26,70.0,45.0,16.2,False,2030,False,appearances,Italy
Josko Gvardiol,Manchester City,premier-league,CB,24,84,fc26,70.0,70.0,12.2,False,2028,False,appearances,Croatia
Bruno Guimarães,Arsenal,premier-league,CM,28,86,fc26,70.0,75.0,9.8,False,2028,False,appearances,Brazil
Harry Kane,Bayern Munich,bundesliga,ST,32,89,fc26,60.0,65.0,25.0,False,2027,True,citizenship-window-invisible,England
Dayot Upamecano,Bayern Munich,bundesliga,CB,27,85,fc26,60.0,70.0,16.0,False,2030,False,appearances,France
Alphonso Davies,Bayern Munich,bundesliga,LB,25,84,fc26,60.0,50.0,15.0,False,2030,False,appearances,Canada
Nico Schlotterbeck,Borussia Dortmund,bundesliga,CB,26,85,fc26,60.0,55.0,9.4,False,2031,False,appearances,Germany
Álex Baena,Atletico Madrid,la-liga,LW,24,84,fc26,60.0,40.0,8.3,False,2030,False,appearances,Spain
Pablo Barrios,Atletico Madrid,la-liga,CM,23,82,fc26,60.0,60.0,6.2,False,2030,False,appearances,Spain
Jules Koundé,Barcelona,la-liga,RB,27,87,fc26,60.0,45.0,15.6,False,2030,False,appearances,France
Pau Cubarsí,Barcelona,la-liga,CB,19,82,fc26,60.0,30.0,4.0,False,2029,False,appearances,Spain
Ibrahima Konaté,Real Madrid,la-liga,CB,27,86,fc26,60.0,45.0,11.0,False,2031,False,appearances,France
Eduardo Camavinga,Real Madrid,la-liga,CM,23,83,fc26,60.0,50.0,12.5,False,2029,False,appearances,France
Morgan Rogers,Chelsea,premier-league,AM,23,82,fc26,137.3,70.0,9.1,False,2031,True,citizenship-plus-appearances,England
Carlos Baleba,Manchester United,premier-league,CM,22,81,fc26,60.0,60.0,0.8,False,2028,False,appearances,Cameroon
Cody Gakpo,Liverpool,premier-league,LW,27,84,fc26,60.0,70.0,15.2,False,2030,False,appearances,Netherlands
Dominik Szoboszlai,Liverpool,premier-league,CM,25,87,fc26,110.0,85.0,17.1,False,2031,False,appearances,Hungary
Murillo,Nottingham Forest,premier-league,CB,23,83,fc26,60.0,55.0,5.5,False,2030,False,appearances,Brazil
Rafael Leão,AC Milan,serie-a,LW,27,84,fc26,60.0,90.0,6.4,False,2028,False,appearances,Portugal
Nicolò Barella,Inter Milan,serie-a,CM,29,87,fc26,60.0,60.0,12.0,False,2029,False,appearances,Italy
Joshua Kimmich,Bayern Munich,bundesliga,CM,31,89,fc26,50.0,40.0,20.0,False,2029,False,appearances,Germany
Luis Díaz,Bayern Munich,bundesliga,LW,29,85,fc26,50.0,70.0,14.0,False,2029,False,appearances,Colombia
Gregor Kobel,Borussia Dortmund,bundesliga,GK,28,86,fc26,50.0,40.0,9.1,False,2028,False,appearances,Switzerland
Dani Olmo,Barcelona,la-liga,AM,28,85,fc26,50.0,60.0,12.5,False,2030,False,appearances,Spain
Ronald Araujo,Barcelona,la-liga,CB,27,83,fc26,50.0,70.0,12.5,False,2031,False,appearances,Uruguay
Anthony Gordon,Barcelona,la-liga,LW,25,83,fc26,50.0,60.0,12.0,False,2031,True,appearances,England
Arda Güler,Real Madrid,la-liga,AM,21,81,fc26,50.0,45.0,5.2,False,2029,False,appearances,Turkey
Warren Zaïre-Emery,PSG,ligue-1,CM,20,80,fc26,50.0,50.0,11.4,False,2029,False,appearances,France
Jurriën Timber,Arsenal,premier-league,RB,25,82,fc26,50.0,70.0,5.5,False,2028,False,appearances,Netherlands
Piero Hincapié,Arsenal,premier-league,CB,24,83,fc26,50.0,50.0,9.6,False,2027,False,appearances,Ecuador
Milos Kerkez,Liverpool,premier-league,LB,22,82,fc26,50.0,40.0,4.6,False,2030,False,appearances,Hungary
Omar Marmoush,Tottenham,premier-league,ST,27,84,fc26,50.0,65.0,18.0,False,2029,False,appearances,Egypt
Rúben Dias,Manchester City,premier-league,CB,29,86,fc26,50.0,60.0,15.2,False,2029,False,appearances,Portugal
Rayan Cherki,Manchester City,premier-league,AM,22,87,fc26,140.0,50.0,11.0,False,2030,False,appearances,France
Bryan Mbeumo,Manchester United,premier-league,RW,26,85,fc26,50.0,40.0,9.1,False,2030,False,appearances,Cameroon
Christian Pulisic,AC Milan,serie-a,RW,27,84,fc26,50.0,60.0,5.1,False,2027,False,appearances,United States
Nico Paz,Como,serie-a,AM,21,79,fc26,50.0,65.0,3.7,False,2028,False,appearances,Argentina
Marcus Thuram,Inter Milan,serie-a,ST,28,85,fc26,50.0,60.0,7.7,False,2028,False,appearances,France
Federico Dimarco,Inter Milan,serie-a,LB,28,85,fc26,50.0,50.0,7.4,False,2027,False,appearances,Italy
Kenan Yıldız,Juventus,serie-a,LW,21,79,fc26,50.0,75.0,11.1,False,2030,False,appearances,Turkey
Loïs Openda,Juventus,serie-a,ST,26,83,fc26,50.0,60.0,7.4,False,2030,False,appearances,Belgium
Aleksandar Pavlovic,Bayern Munich,bundesliga,CM,22,79,fc26,45.0,65.0,5.7,False,2029,False,appearances,Germany
Serhou Guirassy,Borussia Dortmund,bundesliga,ST,30,87,fc26,45.0,40.0,9.4,False,2028,False,appearances,Guinea
Karim Adeyemi,Barcelona,la-liga,RW,24,81,fc26,22.0,60.0,5.0,False,2027,False,appearances,Germany
Angelo Stiller,Stuttgart,bundesliga,CM,25,83,fc26,45.0,45.0,4.5,False,2028,False,appearances,Germany
Oihan Sancet,Athletic Club,la-liga,AM,26,84,fc26,45.0,40.0,4.2,False,2032,False,appearances,Spain
Éder Militão,Real Madrid,la-liga,CB,28,84,fc26,45.0,60.0,14.6,False,2028,False,appearances,Brazil
Álvaro Carreras,Real Madrid,la-liga,LB,23,80,fc26,45.0,60.0,9.0,False,2031,False,appearances,Spain
Marc Cucurella,Real Madrid,la-liga,LB,27,84,fc26,45.0,50.0,7.0,False,2032,False,appearances,Spain
Eberechi Eze,Arsenal,premier-league,AM,28,83,fc26,45.0,65.0,11.0,False,2029,True,citizenship-plus-appearances,England
Estêvão,Chelsea,premier-league,RW,19,78,fc26,45.0,,3.7,False,2033,False,appearances,Brazil
Adam Wharton,Crystal Palace,premier-league,CM,22,79,fc26,80.0,60.0,2.1,False,2029,True,citizenship-plus-appearances,England
Jeremie Frimpong,Liverpool,premier-league,RB,25,83,fc26,45.0,38.0,6.1,False,2030,True,appearances,Netherlands
Elliot Anderson,Manchester City,premier-league,CM,23,80,fc26,130.0,60.0,15.2,False,2032,True,appearances,England
Marc Guéhi,Manchester City,premier-league,CB,25,82,fc26,45.0,55.0,15.2,False,2031,True,citizenship-plus-appearances,England
Jérémy Doku,Manchester City,premier-league,LW,24,80,fc26,45.0,65.0,3.0,False,2028,False,appearances,Belgium
Matthijs de Ligt,Manchester United,premier-league,CB,26,82,fc26,45.0,65.0,11.9,False,2029,False,appearances,Netherlands
Leny Yoro,Manchester United,premier-league,CB,20,78,fc26,45.0,55.0,7.0,False,2029,False,appearances,France
Nick Woltemade,Newcastle,premier-league,ST,24,79,fc26,45.0,70.0,8.1,False,2031,False,appearances,Germany
Anthony Elanga,Newcastle,premier-league,RW,24,81,fc26,45.0,50.0,6.1,False,2030,True,appearances,Sweden
Morgan Gibbs-White,Nottingham Forest,premier-league,AM,26,82,fc26,45.0,65.0,6.7,False,2028,True,appearances,England
Dejan Kulusevski,Tottenham,premier-league,AM,26,83,fc26,45.0,45.0,6.7,False,2028,False,appearances,Sweden
Micky van de Ven,Tottenham,premier-league,CB,25,82,fc26,45.0,55.0,5.5,False,2029,False,appearances,Netherlands
Diogo Costa,Porto,primeira-liga,GK,26,84,fc26,45.0,40.0,4.8,False,2030,False,appearances,Portugal
Ousmane Diomande,Nottingham Forest,premier-league,CB,22,80,fc26,45.0,45.0,3.5,False,2030,False,appearances,Cote d'Ivoire
Mike Maignan,AC Milan,serie-a,GK,30,87,fc26,45.0,38.0,6.4,False,2031,False,appearances,France
Moise Kean,Fiorentina,serie-a,ST,26,83,fc26,45.0,45.0,5.8,False,2029,False,appearances,Italy
Malik Tillman,Bayer Leverkusen,bundesliga,AM,24,82,fc26,40.0,35.0,4.2,False,2030,False,appearances,United States
Jonathan Tah,Bayern Munich,bundesliga,CB,30,87,fc26,40.0,30.0,12.0,False,2029,False,appearances,Germany
Lennart Karl,Bayern Munich,bundesliga,AM,18,63,fc26,40.0,60.0,2.0,False,2029,False,citizenship-window-invisible,Germany
Felix Nmecha,Borussia Dortmund,bundesliga,CM,25,82,fc26,40.0,45.0,8.0,False,2030,False,appearances,Germany
Castello Lukeba,Leipzig,bundesliga,CB,23,80,fc26,40.0,45.0,5.3,False,2029,False,appearances,France
Morten Hjulmand,Atletico Madrid,la-liga,CM,27,83,fc26,40.0,50.0,8.3,False,2031,False,appearances,Denmark
Giuliano Simeone,Atletico Madrid,la-liga,RW,23,81,fc26,40.0,40.0,3.8,False,2030,False,appearances,Argentina
Joan García,Barcelona,la-liga,GK,25,83,fc26,40.0,30.0,6.2,False,2031,False,appearances,Spain
Franco Mastantuono,Real Madrid,la-liga,RW,18,77,fc26,40.0,,7.3,False,2031,False,appearances,Argentina
Lucas Chevalier,PSG,ligue-1,GK,24,83,fc26,40.0,25.0,6.4,False,2030,False,appearances,France
Kai Havertz,Arsenal,premier-league,ST,27,82,fc26,40.0,55.0,17.1,False,2028,False,appearances,Germany
Noni Madueke,Arsenal,premier-league,RW,24,80,fc26,40.0,50.0,9.1,False,2030,True,citizenship-plus-appearances,England
David Raya,Arsenal,premier-league,GK,30,87,fc26,40.0,35.0,6.1,False,2028,False,appearances,Spain
Martín Zubimendi,Arsenal,premier-league,CM,27,83,fc26,40.0,50.0,4.6,False,2030,False,appearances,Spain
Myles Lewis-Skelly,Arsenal,premier-league,CM,19,78,fc26,40.0,40.0,2.7,False,2030,True,citizenship-plus-appearances,England
Boubacar Kamara,Aston Villa,premier-league,CM,26,83,fc26,40.0,40.0,9.1,False,2030,False,appearances,France
Pedro Neto,Chelsea,premier-league,RW,26,80,fc26,40.0,60.0,9.8,False,2031,False,appearances,Portugal
João Pedro,Chelsea,premier-league,ST,24,79,fc26,40.0,65.0,7.6,False,2033,True,appearances,Brazil
Levi Colwill,Chelsea,premier-league,CB,23,80,fc26,40.0,50.0,6.1,False,2029,True,citizenship-plus-appearances,England
Andrey Santos,Manchester United,premier-league,CM,22,80,fc26,40.0,40.0,2.1,False,2030,False,appearances,Brazil
Giorgi Mamardashvili,Liverpool,premier-league,GK,25,84,fc26,40.0,28.0,5.2,False,2031,False,appearances,Georgia
Antoine Semenyo,Manchester City,premier-league,RW,26,80,fc26,40.0,65.0,9.1,False,2031,False,appearances,Ghana
Bruno Fernandes,Manchester United,premier-league,AM,31,87,fc26,40.0,40.0,18.3,False,2027,False,appearances,Portugal
Benjamin Sesko,Manchester United,premier-league,ST,23,80,fc26,40.0,50.0,12.2,False,2030,False,appearances,Slovenia
Matheus Cunha,Manchester United,premier-league,ST,27,83,fc26,40.0,45.0,11.0,False,2030,False,appearances,Brazil
Lewis Hall,Newcastle,premier-league,LB,21,80,fc26,40.0,32.0,2.7,False,2029,True,appearances,England
Cristian Romero,Inter Milan,serie-a,CB,28,82,fc26,40.0,60.0,11.9,False,2029,False,appearances,Argentina
Gonçalo Inácio,Sporting Lisbon,primeira-liga,CB,24,81,fc26,40.0,45.0,1.7,False,2030,False,appearances,Portugal
Christopher Nkunku,AC Milan,serie-a,ST,28,81,fc26,40.0,65.0,9.3,False,2030,False,appearances,France
Scott McTominay,Napoli,serie-a,CM,29,85,fc26,40.0,45.0,5.6,False,2028,False,appearances,Scotland
Exequiel Palacios,Bayer Leverkusen,bundesliga,CM,27,84,fc26,35.0,30.0,7.5,False,2030,False,appearances,Argentina
Jonathan Burkardt,Eintracht Frankfurt,bundesliga,ST,25,82,fc26,35.0,35.0,4.9,False,2030,False,appearances,Germany
Unai Simón,Athletic Club,la-liga,GK,29,85,fc26,35.0,30.0,8.3,False,2029,False,appearances,Spain
Dani Vivian,Athletic Club,la-liga,CB,26,84,fc26,35.0,25.0,3.6,False,2032,False,appearances,Spain
Ademola Lookman,Atletico Madrid,la-liga,LW,28,84,fc26,35.0,35.0,12.5,False,2030,False,appearances,Nigeria
Ferran Torres,Barcelona,la-liga,ST,26,83,fc26,35.0,30.0,10.0,False,2027,False,appearances,Spain
Thibaut Courtois,Real Madrid,la-liga,GK,34,89,fc26,35.0,28.0,15.0,False,2027,False,citizenship-window-invisible,Belgium
Brahim Díaz,Real Madrid,la-liga,RW,26,82,fc26,35.0,40.0,7.3,False,2027,False,appearances,Morocco
Endrick,Real Madrid,la-liga,ST,19,77,fc26,35.0,,2.0,False,2030,False,appearances,Brazil
Takefusa Kubo,Real Sociedad,la-liga,RW,25,82,fc26,35.0,30.0,5.2,False,2029,False,appearances,Japan
Maghnes Akliouche,PSG,ligue-1,RW,24,80,fc26,35.0,45.0,3.2,False,2028,False,appearances,France
Fabián Ruiz,PSG,ligue-1,CM,30,85,fc26,35.0,40.0,6.4,False,2027,False,appearances,Spain
Ilya Zabarnyi,PSG,ligue-1,CB,23,79,fc26,35.0,50.0,5.5,False,2030,False,appearances,Ukraine
Gabriel Martinelli,Arsenal,premier-league,LW,25,81,fc26,35.0,45.0,11.0,False,2027,True,appearances,Brazil
Ethan Nwaneri,Arsenal,premier-league,AM,19,76,fc26,35.0,40.0,4.9,False,2030,True,appearances,England
Youri Tielemans,Manchester United,premier-league,CM,29,85,fc26,35.0,35.0,9.1,False,2028,False,appearances,Belgium
Reece James,Chelsea,premier-league,RB,26,81,fc26,35.0,50.0,12.2,False,2032,True,citizenship-plus-appearances,England
Jorrel Hato,Chelsea,premier-league,LB,20,78,fc26,35.0,35.0,7.3,False,2032,False,appearances,Netherlands
Jamie Bynoe-Gittens,Chelsea,premier-league,LW,21,78,fc26,35.0,40.0,6.6,False,2032,True,citizenship-plus-appearances,England
Nicolas Jackson,Chelsea,premier-league,ST,25,80,fc26,35.0,45.0,6.1,False,2033,False,appearances,Senegal
Geovany Quenda,Chelsea,premier-league,RW,19,76,fc26,35.0,45.0,3.1,False,2032,False,appearances,Portugal
Rayan Aït-Nouri,Manchester City,premier-league,LB,25,81,fc26,35.0,40.0,7.3,False,2030,False,appearances,Algeria
Amad Diallo,Manchester United,premier-league,RW,23,79,fc26,35.0,50.0,7.3,False,2030,True,appearances,Cote d'Ivoire
Sven Botman,Newcastle,premier-league,CB,26,82,fc26,35.0,35.0,8.5,False,2030,False,appearances,Netherlands
Tino Livramento,Newcastle,premier-league,RB,23,80,fc26,35.0,40.0,3.0,False,2028,True,appearances,England
Pedro Porro,Tottenham,premier-league,RB,26,82,fc26,35.0,40.0,9.1,False,2031,False,appearances,Spain
Mohammed Kudus,Tottenham,premier-league,RW,25,80,fc26,35.0,55.0,9.1,False,2031,False,appearances,Ghana
Destiny Udogie,Tottenham,premier-league,LB,23,80,fc26,35.0,40.0,4.6,False,2030,False,appearances,Italy
Lucas Bergvall,Tottenham,premier-league,CM,20,77,fc26,35.0,40.0,3.7,False,2031,False,appearances,Sweden
Samu Aghehowa,Porto,primeira-liga,ST,22,79,fc26,35.0,35.0,1.6,False,2029,False,appearances,Spain
Rodrigo Mora,Porto,primeira-liga,AM,19,76,fc26,35.0,40.0,1.0,False,2030,False,appearances,Portugal
Charles De Ketelaere,Atalanta,serie-a,AM,25,82,fc26,35.0,34.0,3.2,False,2028,False,appearances,Belgium
Éderson,Atalanta,serie-a,CM,26,82,fc26,35.0,40.0,2.6,False,2027,False,appearances,Brazil
Jonathan David,Juventus,serie-a,ST,26,82,fc26,35.0,35.0,11.1,False,2030,False,appearances,Canada
Bremer,Juventus,serie-a,CB,29,85,fc26,35.0,35.0,9.3,False,2029,False,appearances,Brazil
Khéphren Thuram,Juventus,serie-a,CM,25,81,fc26,35.0,40.0,3.7,False,2029,False,appearances,France
Alessandro Buongiorno,Napoli,serie-a,CB,27,82,fc26,35.0,45.0,4.6,False,2029,False,appearances,Italy
Mile Svilar,Roma,serie-a,GK,26,82,fc26,35.0,35.0,4.4,False,2030,False,appearances,Serbia
Patrik Schick,Bayer Leverkusen,bundesliga,ST,30,85,fc26,30.0,25.0,7.5,False,2030,False,appearances,Czech Republic
Edmond Tapsoba,Bayer Leverkusen,bundesliga,CB,27,81,fc26,30.0,35.0,6.6,False,2031,False,appearances,Burkina Faso
Tom Bischof,Bayern Munich,bundesliga,CM,21,76,fc26,30.0,40.0,2.8,False,2029,False,appearances,Germany
Fábio Silva,Borussia Dortmund,bundesliga,ST,23,79,fc26,30.0,28.0,4.2,False,2030,True,appearances,Portugal
Maximilian Beier,Borussia Dortmund,bundesliga,ST,23,79,fc26,30.0,30.0,4.2,False,2029,False,appearances,Germany
Hugo Larsson,Eintracht Frankfurt,bundesliga,CM,22,78,fc26,30.0,40.0,2.8,False,2029,False,appearances,Sweden
Can Uzun,Eintracht Frankfurt,bundesliga,AM,20,74,fc26,30.0,45.0,1.3,False,2029,False,appearances,Turkey
Yan Diomande,Real Madrid,la-liga,LW,19,66,fc26,100.0,45.0,10.4,False,2030,False,appearances,Cote d'Ivoire
Dávid Hancko,Atletico Madrid,la-liga,CB,28,83,fc26,30.0,30.0,6.7,False,2030,False,appearances,Slovakia
Robin Le Normand,Atletico Madrid,la-liga,CB,29,83,fc26,30.0,40.0,6.2,False,2029,False,appearances,Spain
Johnny,Atletico Madrid,la-liga,CM,24,81,fc26,30.0,25.0,4.2,False,2030,False,appearances,United States
Fermín López,Barcelona,la-liga,AM,23,80,fc26,30.0,30.0,7.3,False,2031,False,appearances,Spain
Antony,Real Betis,la-liga,RW,26,81,fc26,30.0,30.0,6.2,False,2030,False,appearances,Brazil
Alberto Moleiro,Villarreal,la-liga,LW,22,79,fc26,30.0,30.0,3.1,False,2030,False,appearances,Spain
Ayyoub Bouaddi,Lille,ligue-1,CM,18,75,fc26,80.0,40.0,7.5,False,2029,False,appearances,Morocco
Malick Fofana,Lyon,ligue-1,LW,21,78,fc26,30.0,30.0,2.7,False,2028,False,appearances,Belgium
Marquinhos,PSG,ligue-1,CB,32,87,fc26,30.0,30.0,13.4,False,2028,False,appearances,Brazil
Ben White,Arsenal,premier-league,RB,28,83,fc26,30.0,30.0,9.1,False,2028,True,citizenship-plus-appearances,England
Riccardo Calafiori,Arsenal,premier-league,LB,24,78,fc26,30.0,50.0,7.3,False,2029,False,appearances,Italy
Amadou Onana,Aston Villa,premier-league,CM,24,79,fc26,30.0,42.0,8.5,False,2029,False,appearances,Belgium
Ollie Watkins,Aston Villa,premier-league,ST,30,84,fc26,30.0,30.0,7.9,False,2028,True,citizenship-plus-appearances,England
Ezri Konsa,Arsenal,premier-league,CB,28,82,fc26,30.0,35.0,4.6,False,2028,True,citizenship-plus-appearances,England
Evanilson,Bournemouth,premier-league,ST,26,80,fc26,30.0,40.0,5.2,False,2029,False,appearances,Brazil
Yankuba Minteh,Brighton,premier-league,RW,21,77,fc26,30.0,40.0,2.4,False,2029,False,appearances,The Gambia
Bart Verbruggen,Brighton,premier-league,GK,23,78,fc26,30.0,35.0,2.1,False,2028,False,appearances,Netherlands
Alejandro Garnacho,Aston Villa,premier-league,LW,22,77,fc26,30.0,45.0,6.7,False,2032,True,appearances,Argentina
Mykhailo Mudryk,Chelsea,premier-league,LW,25,80,value-fit,30.0,35.0,6.1,False,2031,False,appearances,Ukraine
Roméo Lavia,Chelsea,premier-league,CM,22,78,fc26,30.0,30.0,2.7,False,2030,False,appearances,Belgium
Malo Gusto,Chelsea,premier-league,RB,23,79,fc26,30.0,35.0,2.7,False,2030,False,appearances,France
Brennan Johnson,Everton,premier-league,RW,25,79,fc26,30.0,48.0,6.7,False,2030,True,citizenship-plus-appearances,Wales
Jean-Philippe Mateta,Crystal Palace,premier-league,ST,29,82,fc26,30.0,40.0,3.7,False,2027,False,appearances,France
Jarrad Branthwaite,Everton,premier-league,CB,24,79,fc26,30.0,45.0,7.3,False,2030,True,appearances,England
Iliman Ndiaye,Everton,premier-league,RW,26,79,fc26,60.0,45.0,2.7,False,2029,False,appearances,Senegal
Conor Bradley,Liverpool,premier-league,RB,22,78,fc26,30.0,30.0,4.6,False,2029,True,override,Northern Ireland
Curtis Jones,Liverpool,premier-league,CM,25,80,fc26,30.0,40.0,3.0,False,2027,True,appearances,England
Rico Lewis,Manchester City,premier-league,RB,21,77,fc26,30.0,35.0,1.5,False,2030,True,appearances,England
Nicolás González,Manchester City,premier-league,CM,24,79,fc26,30.0,45.0,4.9,False,2029,False,appearances,Spain
Kobbie Mainoo,Manchester United,premier-league,CM,21,77,fc26,50.0,40.0,9.1,False,2031,True,appearances,England
Lisandro Martínez,Manchester United,premier-league,CB,28,81,fc26,30.0,50.0,7.3,False,2027,False,appearances,Argentina
Nikola Milenković,Nottingham Forest,premier-league,CB,28,83,fc26,30.0,30.0,6.4,False,2029,False,appearances,Serbia
Dan Ndoye,Nottingham Forest,premier-league,RW,25,79,fc26,30.0,40.0,5.2,False,2030,False,appearances,Switzerland
James Maddison,Tottenham,premier-league,AM,29,84,fc26,30.0,30.0,10.4,False,2028,True,citizenship-plus-appearances,England
Conor Gallagher,Tottenham,premier-league,CM,26,81,fc26,30.0,35.0,9.8,False,2031,True,citizenship-plus-appearances,England
Pape Sarr,Tottenham,premier-league,CM,23,79,fc26,30.0,35.0,4.3,False,2030,False,appearances,Senegal
Anatolii Trubin,Benfica,primeira-liga,GK,24,80,fc26,30.0,28.0,3.9,False,2028,False,appearances,Ukraine
Georgiy Sudakov,Benfica,primeira-liga,AM,23,80,fc26,30.0,30.0,1.9,False,2029,False,appearances,Ukraine
António Silva,Bournemouth,premier-league,CB,22,78,fc26,30.0,30.0,1.6,False,2027,False,appearances,Portugal
Pedro Gonçalves,Sporting Lisbon,primeira-liga,LW,28,83,fc26,30.0,30.0,2.9,False,2030,False,appearances,Portugal
Zeno Debast,Sporting Lisbon,primeira-liga,CB,22,78,fc26,30.0,30.0,1.0,False,2029,False,appearances,Belgium
Christos Tzolis,Arsenal,premier-league,LW,24,80,fc26,30.0,30.0,1.8,False,2029,False,appearances,Greece
Gonçalo Ramos,AC Milan,serie-a,ST,25,80,fc26,74.0,35.0,7.4,False,2031,False,appearances,Portugal
Santiago Gimenez,AC Milan,serie-a,ST,25,79,fc26,30.0,40.0,4.6,False,2029,False,appearances,Mexico
Giorgio Scalvini,Atalanta,serie-a,CB,22,77,fc26,30.0,45.0,2.8,False,2028,False,appearances,Italy
Manuel Locatelli,Juventus,serie-a,CM,28,84,fc26,30.0,25.0,7.4,False,2030,False,appearances,Italy
Francisco Conceição,Juventus,serie-a,RW,23,79,fc26,30.0,30.0,7.0,False,2030,False,appearances,Portugal
Rasmus Højlund,Napoli,serie-a,ST,23,76,fc26,30.0,45.0,9.3,False,2030,False,appearances,Denmark
Kouadio Koné,Roma,serie-a,CM,25,79,fc26,50.0,50.0,5.2,False,2029,False,appearances,France
Jarell Quansah,Bayer Leverkusen,bundesliga,CB,23,75,fc26,40.0,40.0,3.8,False,2030,True,citizenship-plus-appearances,England
João Palhinha,Bayern Munich,bundesliga,CM,30,83,fc26,25.0,25.0,10.0,False,2028,False,appearances,Portugal
Konrad Laimer,Bayern Munich,bundesliga,RB,29,82,fc26,25.0,32.0,9.0,False,2027,False,appearances,Austria
Ismael Saibari,Bayern Munich,bundesliga,AM,25,79,fc26,50.0,32.0,4.0,False,2031,False,appearances,Morocco
Nathaniel Brown,Bayern Munich,bundesliga,LB,23,77,fc26,50.0,35.0,2.3,False,2030,False,appearances,Germany
Johan Bakayoko,Leipzig,bundesliga,RW,23,78,fc26,25.0,25.0,3.2,False,2030,False,appearances,Belgium
Arthur Vermeeren,Leipzig,bundesliga,CM,21,77,fc26,25.0,28.0,2.8,False,2029,False,appearances,Belgium
Antonio Nusa,Leipzig,bundesliga,LW,21,76,fc26,25.0,32.0,2.3,False,2029,False,appearances,Norway
Jan Oblak,Atletico Madrid,la-liga,GK,33,88,fc26,25.0,17.0,20.8,False,2028,False,citizenship-window-invisible,Slovenia
Alejandro Grimaldo,Atletico Madrid,la-liga,LB,30,84,fc26,25.0,24.0,6.9,False,2030,False,appearances,Spain
Marc-André ter Stegen,Barcelona,la-liga,GK,34,86,fc26,25.0,28.0,16.7,False,2028,False,citizenship-window-invisible,Germany
Andreas Christensen,Barcelona,la-liga,CB,30,80,fc26,25.0,40.0,5.2,False,2028,True,appearances,Denmark
Bernardo Silva,Real Madrid,la-liga,AM,31,84,fc26,25.0,27.0,16.0,False,2028,False,appearances,Portugal
Antonio Rüdiger,Real Madrid,la-liga,CB,33,86,fc26,25.0,25.0,14.6,False,2027,False,citizenship-window-invisible,Germany
Andriy Lunin,Real Madrid,la-liga,GK,27,81,fc26,25.0,25.0,4.6,False,2030,False,appearances,Ukraine
Quinten Timber,Marseille,ligue-1,CM,25,80,fc26,25.0,28.0,4.5,False,2030,False,appearances,Netherlands
Lamine Camara,Monaco,ligue-1,CM,22,77,fc26,50.0,30.0,1.4,False,2029,False,appearances,Senegal
Randal Kolo Muani,PSG,ligue-1,ST,27,81,fc26,25.0,25.0,9.1,False,2028,False,appearances,France
Lucas Beraldo,PSG,ligue-1,CB,22,78,fc26,25.0,20.0,4.2,False,2028,False,appearances,Brazil
Senny Mayulu,PSG,ligue-1,CM,20,75,fc26,25.0,40.0,2.2,False,2027,False,appearances,France
Guillaume Restes,Toulouse,ligue-1,GK,21,78,fc26,25.0,20.0,1.0,False,2028,False,appearances,France
Mikel Merino,Arsenal,premier-league,CM,30,83,fc26,25.0,30.0,7.9,False,2028,False,appearances,Spain
Cristhian Mosquera,Arsenal,premier-league,CB,22,77,fc26,25.0,35.0,3.4,False,2030,False,appearances,Spain
Ian Maatsen,Aston Villa,premier-league,LB,24,79,fc26,25.0,25.0,6.1,False,2030,False,appearances,Netherlands
Evann Guessand,Aston Villa,premier-league,RW,25,79,fc26,25.0,28.0,4.6,False,2030,False,appearances,Cote d'Ivoire
Bafodé Diakité,Bournemouth,premier-league,CB,25,79,fc26,25.0,35.0,4.3,False,2030,False,appearances,France
Djordje Petrovic,Bournemouth,premier-league,GK,26,80,fc26,25.0,28.0,3.7,False,2030,False,appearances,Serbia
Dango Ouattara,Brentford,premier-league,RW,24,77,fc26,25.0,35.0,4.0,False,2030,False,appearances,Burkina Faso
Kaoru Mitoma,Brighton,premier-league,LW,29,82,fc26,25.0,30.0,4.9,False,2027,False,appearances,Japan
Maxim De Cuyper,Brighton,premier-league,LB,25,80,fc26,25.0,22.0,3.4,False,2030,False,appearances,Belgium
Jan Paul van Hecke,Tottenham,premier-league,CB,26,80,fc26,45.0,35.0,3.0,False,2031,False,appearances,Netherlands
Wesley Fofana,Chelsea,premier-league,CB,25,79,fc26,25.0,28.0,12.2,False,2029,False,appearances,France
Trevoh Chalobah,Como,serie-a,CB,26,79,fc26,25.0,35.0,3.0,False,2028,True,citizenship-plus-appearances,England
Mamadou Sarr,Chelsea,premier-league,CB,20,76,fc26,25.0,25.0,2.1,False,2033,False,appearances,Senegal
Jørgen Strand Larsen,Crystal Palace,premier-league,ST,26,78,fc26,25.0,40.0,7.3,False,2030,False,appearances,Norway
Ismaïla Sarr,Crystal Palace,premier-league,RW,28,79,fc26,25.0,35.0,4.3,False,2029,False,appearances,Senegal
Maxence Lacroix,Chelsea,premier-league,CB,26,79,fc26,40.0,35.0,3.0,False,2029,False,appearances,France
Antonee Robinson,Fulham,premier-league,LB,28,82,fc26,25.0,30.0,3.7,False,2028,False,appearances,United States
Virgil van Dijk,Liverpool,premier-league,CB,34,90,fc26,25.0,18.0,21.3,False,2027,False,citizenship-window-invisible,Netherlands
Alisson,Liverpool,premier-league,GK,33,89,fc26,25.0,17.0,9.1,False,2027,False,citizenship-window-invisible,Brazil
Harvey Elliott,Liverpool,premier-league,AM,23,78,fc26,25.0,30.0,4.0,False,2027,True,appearances,England
Matheus Nunes,Manchester City,premier-league,RB,27,79,fc26,25.0,38.0,7.9,False,2028,False,appearances,Portugal
Sávio,Tottenham,premier-league,LW,22,78,salary-fit,25.0,,4.9,False,2031,False,citizenship-no-tm,Brazil
Abdukodir Khusanov,Manchester City,premier-league,CB,22,77,fc26,25.0,35.0,3.0,False,2029,False,appearances,Uzbekistan
Nico O'Reilly,Manchester City,premier-league,LB,21,73,fc26,25.0,40.0,1.8,False,2030,True,citizenship-plus-appearances,England
Marcus Rashford,Manchester United,premier-league,LW,28,80,fc26,25.0,40.0,18.3,False,2028,True,appearances,England
Manuel Ugarte,Manchester United,premier-league,CM,25,79,fc26,25.0,30.0,7.3,False,2029,False,appearances,Uruguay
Senne Lammens,Manchester United,premier-league,GK,23,78,fc26,25.0,25.0,3.7,False,2030,False,appearances,Belgium
Joelinton,Newcastle,premier-league,CM,29,82,fc26,25.0,30.0,9.1,False,2028,False,appearances,Brazil
Yoane Wissa,Newcastle,premier-league,ST,29,82,fc26,25.0,28.0,8.5,False,2029,False,appearances,Democratic Republic of the Congo
Jacob Ramsey,Newcastle,premier-league,CM,25,78,fc26,25.0,35.0,7.3,False,2030,True,appearances,England
Dilane Bakwa,Nottingham Forest,premier-league,RW,23,78,fc26,25.0,32.0,4.3,False,2030,False,appearances,France
Habib Diarra,Sunderland,premier-league,CM,22,77,fc26,25.0,32.0,3.0,False,2030,False,appearances,Senegal
Dominic Solanke,Tottenham,premier-league,ST,28,80,fc26,25.0,40.0,8.5,False,2030,True,citizenship-plus-appearances,England
Guglielmo Vicario,Juventus,serie-a,GK,29,82,fc26,25.0,30.0,4.6,False,2028,False,appearances,Italy
Mathys Tel,Tottenham,premier-league,ST,21,77,fc26,25.0,30.0,3.4,False,2031,False,appearances,France
Luka Vuskovic,Brighton,premier-league,CB,19,72,fc26,40.0,40.0,1.6,False,2030,False,appearances,Croatia
Mateus Fernandes,Tottenham,premier-league,CM,21,76,fc26,50.0,32.0,3.0,False,2031,False,appearances,Portugal
Vangelis Pavlidis,Benfica,primeira-liga,ST,27,82,fc26,25.0,25.0,2.9,False,2029,False,appearances,Greece
Tomás Araújo,Benfica,primeira-liga,CB,24,78,fc26,25.0,28.0,1.6,False,2029,False,appearances,Portugal
Alan Varela,Porto,primeira-liga,CM,25,79,fc26,25.0,35.0,1.2,False,2030,False,appearances,Argentina
Mario Gila,AC Milan,serie-a,CB,25,79,fc26,25.0,30.0,5.8,False,2031,False,appearances,Spain
Youssouf Fofana,AC Milan,serie-a,CM,27,81,fc26,25.0,30.0,5.6,False,2028,False,appearances,France
Ardon Jashari,AC Milan,serie-a,CM,23,77,fc26,25.0,32.0,4.6,False,2030,False,appearances,Switzerland
Fikayo Tomori,AC Milan,serie-a,CB,28,81,fc26,25.0,40.0,4.5,False,2027,True,appearances,England
Gianluca Scamacca,Atalanta,serie-a,ST,27,79,fc26,25.0,35.0,5.9,False,2028,False,appearances,Italy
Odilon Kossounou,Atalanta,serie-a,CB,25,80,fc26,25.0,22.0,1.9,False,2029,False,appearances,Cote d'Ivoire
Marco Carnesecchi,Atalanta,serie-a,GK,26,84,fc26,25.0,16.0,1.5,False,2028,False,appearances,Italy
Hakan Çalhanoğlu,Inter Milan,serie-a,CM,32,86,fc26,25.0,22.0,11.1,False,2027,False,appearances,Turkey
Benjamin Pavard,Inter Milan,serie-a,CB,30,84,fc26,25.0,20.0,6.4,False,2028,False,appearances,France
Davide Frattesi,Inter Milan,serie-a,CM,26,81,fc26,25.0,28.0,5.2,False,2028,False,appearances,Italy
Denzel Dumfries,Real Madrid,la-liga,RB,30,84,fc26,25.0,25.0,5.1,False,2028,False,appearances,Netherlands
Carlos Augusto,Inter Milan,serie-a,LB,27,81,fc26,25.0,26.0,2.8,False,2028,False,appearances,Brazil
Yann Aurel Bisseck,Inter Milan,serie-a,CB,25,76,fc26,25.0,35.0,1.9,False,2029,False,appearances,Germany
Francesco Pio Esposito,Inter Milan,serie-a,ST,21,71,fc26,25.0,35.0,1.9,False,2030,False,appearances,Italy
Teun Koopmeiners,Juventus,serie-a,CM,28,81,fc26,25.0,28.0,5.8,False,2029,False,appearances,Netherlands
Nicolás González,Juventus,serie-a,LW,28,78,fc26,25.0,35.0,4.6,False,2029,False,appearances,Argentina
Pierre Kalulu,Juventus,serie-a,CB,26,80,fc26,25.0,28.0,3.1,False,2029,False,appearances,France
Nicolò Rovella,Lazio,serie-a,CM,24,79,fc26,25.0,28.0,3.7,False,2028,False,appearances,Italy
Miguel Gutiérrez,Bayer Leverkusen,bundesliga,LB,24,81,fc26,25.0,17.0,4.3,False,2030,False,appearances,Spain
Matías Soulé,Roma,serie-a,RW,23,78,fc26,25.0,25.0,3.7,False,2029,False,appearances,Argentina
Chrislain Matsima,Augsburg,bundesliga,CB,24,77,fc26,20.0,22.0,2.3,False,2030,False,appearances,France
Victor Boniface,Bayer Leverkusen,bundesliga,ST,25,81,fc26,20.0,12.0,5.7,False,2028,False,appearances,Nigeria
Aleix García,Bayer Leverkusen,bundesliga,CM,29,83,fc26,20.0,20.0,5.3,False,2029,False,appearances,Spain
Loïc Badé,Bayer Leverkusen,bundesliga,CB,26,78,fc26,20.0,28.0,4.7,False,2030,False,appearances,France
Eliesse Ben Seghir,Bayer Leverkusen,bundesliga,LW,21,76,fc26,20.0,24.0,3.2,False,2030,False,appearances,Morocco
Kennet Eichhorn,Bayer Leverkusen,bundesliga,CM,16,72,position-median,20.0,,1.4,False,2031,False,citizenship-no-tm,Germany
Serge Gnabry,Bayern Munich,bundesliga,ST,30,82,fc26,20.0,20.0,13.0,False,2028,False,appearances,Germany
Min-jae Kim,Bayern Munich,bundesliga,CB,29,82,fc26,20.0,25.0,12.0,False,2028,False,appearances,South Korea
Josip Stanisic,Bayern Munich,bundesliga,RB,26,78,fc26,20.0,32.0,6.6,False,2029,False,appearances,Croatia
Carney Chukwuemeka,Borussia Dortmund,bundesliga,CM,22,76,fc26,20.0,25.0,6.0,False,2030,True,appearances,Austria
Waldemar Anton,Borussia Dortmund,bundesliga,CB,29,82,fc26,20.0,18.0,5.3,False,2028,False,appearances,Germany
Jobe Bellingham,Borussia Dortmund,bundesliga,CM,20,74,fc26,20.0,25.0,4.7,False,2030,True,citizenship-plus-appearances,England
Daniel Svensson,Borussia Dortmund,bundesliga,LB,24,77,fc26,20.0,22.0,3.0,False,2029,False,appearances,Sweden
Ritsu Doan,Eintracht Frankfurt,bundesliga,RW,28,82,fc26,20.0,18.0,5.7,False,2030,False,appearances,Japan
Arthur Theate,Eintracht Frankfurt,bundesliga,CB,26,80,fc26,20.0,24.0,4.2,False,2029,False,appearances,Belgium
Jean-Mattéo Bahoya,Eintracht Frankfurt,bundesliga,LW,21,75,fc26,20.0,25.0,1.1,False,2029,False,appearances,France
Johan Manzambi,Aston Villa,premier-league,CM,20,67,fc26,60.0,30.0,0.9,False,2030,False,appearances,Switzerland
David Raum,Leipzig,bundesliga,LB,28,82,fc26,20.0,20.0,7.5,False,2027,False,appearances,Germany
Lutsharel Geertruida,Leipzig,bundesliga,RB,25,78,fc26,20.0,32.0,4.7,False,2029,False,appearances,Netherlands
Paul Nebel,Mainz,bundesliga,AM,23,78,fc26,20.0,18.0,1.4,False,2027,False,appearances,Germany
Kaishu Sano,Mainz,bundesliga,CM,25,79,fc26,20.0,25.0,0.8,False,2028,False,appearances,Japan
Deniz Undav,Stuttgart,bundesliga,ST,29,80,fc26,20.0,25.0,5.7,False,2029,False,appearances,Germany
Maximilian Mittelstädt,Stuttgart,bundesliga,LB,29,82,fc26,20.0,18.0,4.9,False,2028,False,appearances,Germany
Ermedin Demirovic,Stuttgart,bundesliga,ST,28,80,fc26,20.0,22.0,4.7,False,2028,False,appearances,Bosnia-Herzegovina
Bilal El Khannouss,Stuttgart,bundesliga,AM,22,76,fc26,20.0,30.0,2.8,False,2030,False,appearances,Morocco
Givairo Read,Feyenoord,eredivisie,RB,20,75,fc26,20.0,25.0,0.3,False,2029,False,appearances,Netherlands
Sergiño Dest,PSV,eredivisie,RB,25,79,fc26,20.0,18.0,3.9,False,2028,False,appearances,United States
Joey Veerman,PSV,eredivisie,CM,27,79,fc26,20.0,27.0,2.0,False,2028,False,appearances,Netherlands
Jadon Sancho,Free agent,free-agent,LW,26,80,fc26,20.0,20.0,3.4,False,2026,True,citizenship-plus-appearances,England
Iñaki Williams,Athletic Club,la-liga,RW,32,83,fc26,20.0,25.0,11.4,False,2028,False,appearances,Ghana
Marcos Llorente,Atletico Madrid,la-liga,RB,31,84,fc26,20.0,22.0,8.3,False,2027,False,appearances,Spain
Alexander Sörloth,Atletico Madrid,la-liga,ST,30,83,salary-fit,20.0,,7.3,False,2028,False,citizenship-no-tm,Norway
José Giménez,Atletico Madrid,la-liga,CB,31,83,fc26,20.0,22.0,6.2,False,2028,False,appearances,Uruguay
Eric García,Barcelona,la-liga,CB,25,79,fc26,20.0,20.0,8.0,False,2031,False,appearances,Spain
Omar El Hilali,Espanyol,la-liga,RB,22,77,fc26,20.0,15.0,0.9,False,2027,False,appearances,Morocco
Enzo Boyomo,Osasuna,la-liga,CB,24,78,fc26,20.0,20.0,1.2,False,2029,False,appearances,Cameroon
Dean Huijsen,Real Madrid,la-liga,CB,21,82,fc26,30.0,10.0,9.4,False,2030,False,appearances,Spain
Raúl Asencio,Real Madrid,la-liga,CB,23,77,fc26,20.0,,6.2,False,2031,False,appearances,Spain
Mikel Oyarzabal,Real Sociedad,la-liga,ST,29,82,fc26,20.0,25.0,6.2,False,2028,False,appearances,Spain
Javi Guerra,Valencia,la-liga,CM,23,77,fc26,20.0,20.0,2.1,False,2029,False,appearances,Spain
Georges Mikautadze,Villarreal,la-liga,ST,25,77,fc26,20.0,28.0,4.6,False,2031,False,appearances,Georgia
Renato Veiga,Villarreal,la-liga,CB,22,76,fc26,20.0,25.0,3.8,False,2032,False,appearances,Portugal
Hákon Arnar Haraldsson,Lille,ligue-1,AM,23,78,fc26,20.0,22.0,1.4,False,2030,False,appearances,Iceland
Amine Gouiri,Marseille,ligue-1,ST,26,79,fc26,20.0,28.0,4.5,False,2029,False,appearances,Algeria
Leonardo Balerdi,Marseille,ligue-1,CB,27,81,fc26,20.0,20.0,4.4,False,2028,False,appearances,Argentina
Denis Zakaria,Monaco,ligue-1,CM,29,82,fc26,20.0,25.0,4.6,False,2028,False,appearances,Switzerland
Mika Biereth,Monaco,ligue-1,ST,23,78,fc26,20.0,22.0,2.9,False,2030,False,appearances,Denmark
Kang-in Lee,PSG,ligue-1,AM,25,79,fc26,45.0,25.0,4.5,False,2028,False,appearances,South Korea
Diego Moreira,Strasbourg,ligue-1,LW,21,77,fc26,20.0,18.0,1.3,False,2029,False,appearances,Belgium
Guéla Doué,Strasbourg,ligue-1,RB,23,77,fc26,20.0,18.0,1.3,False,2029,False,appearances,Cote d'Ivoire
Pau Torres,Aston Villa,premier-league,CB,29,80,fc26,20.0,25.0,6.1,False,2028,False,appearances,Spain
Justin Kluivert,Bournemouth,premier-league,AM,27,79,fc26,20.0,32.0,4.9,False,2028,False,appearances,Netherlands
Tyler Adams,Bournemouth,premier-league,CM,27,79,fc26,20.0,25.0,3.7,False,2028,False,appearances,United States
Alex Scott,Bournemouth,premier-league,CM,22,74,fc26,70.0,30.0,2.4,False,2028,True,citizenship-plus-appearances,England
Aaron Hickey,Brentford,premier-league,RB,24,74,fc26,20.0,28.0,4.3,False,2028,False,appearances,Scotland
Caoimhín Kelleher,Brentford,premier-league,GK,27,79,fc26,20.0,22.0,3.4,False,2030,False,appearances,Ireland
Mathias Jensen,Brentford,premier-league,CM,30,77,fc26,20.0,28.0,3.0,False,2027,False,appearances,Denmark
Nathan Collins,Brentford,premier-league,CB,25,79,fc26,20.0,25.0,1.8,False,2029,False,appearances,Ireland
Yegor Yarmolyuk,Brentford,premier-league,CM,22,76,value-fit,20.0,25.0,1.5,False,2031,False,appearances,Ukraine
Sepp van den Berg,Brentford,premier-league,CB,24,77,fc26,20.0,28.0,1.2,False,2029,False,appearances,Netherlands
Kevin Schade,Brentford,premier-league,LW,24,78,fc26,20.0,22.0,0.6,False,2028,False,appearances,Germany
Ferdi Kadıoğlu,Brighton,premier-league,LB,26,79,fc26,20.0,28.0,5.3,False,2028,False,appearances,Turkey
Georginio Rutter,Brighton,premier-league,ST,24,77,fc26,20.0,32.0,4.6,False,2028,False,appearances,France
Matt O'Riley,Brighton,premier-league,CM,25,78,fc26,20.0,20.0,4.0,False,2029,False,appearances,Denmark
Mats Wieffer,Brighton,premier-league,RB,26,78,fc26,20.0,25.0,3.7,False,2029,False,appearances,Netherlands
Brajan Gruda,Brighton,premier-league,AM,22,74,fc26,20.0,28.0,3.0,False,2028,False,appearances,Germany
Jack Hinshelwood,Brighton,premier-league,CM,21,75,fc26,20.0,22.0,1.8,False,2029,True,appearances,England
Yasin Ayari,Brighton,premier-league,CM,22,75,fc26,20.0,30.0,0.5,False,2027,False,appearances,Sweden
Emanuel Emegha,Chelsea,premier-league,ST,23,78,fc26,20.0,,4.2,False,2033,False,citizenship-no-tm,Netherlands
Dean Henderson,Crystal Palace,premier-league,GK,29,81,fc26,20.0,28.0,6.1,False,2028,True,citizenship-plus-appearances,England
Daniel Muñoz,Crystal Palace,premier-league,RB,30,81,fc26,20.0,27.0,3.7,False,2028,False,appearances,Colombia
Tyrick Mitchell,Crystal Palace,premier-league,LB,26,78,fc26,20.0,25.0,2.4,False,2027,True,citizenship-plus-appearances,England
Kiernan Dewsbury-Hall,Everton,premier-league,CM,27,77,fc26,20.0,28.0,5.5,False,2030,True,citizenship-plus-appearances,England
Thierno Barry,Everton,premier-league,ST,23,77,fc26,20.0,,2.7,False,2029,False,appearances,France
Tyler Dibling,Everton,premier-league,RW,20,74,fc26,20.0,30.0,2.4,False,2029,True,citizenship-plus-appearances,England
Kevin,Fulham,premier-league,LW,23,76,fc26,20.0,30.0,3.0,False,2030,False,appearances,Brazil
Calvin Bassey,Fulham,premier-league,CB,26,78,fc26,20.0,28.0,2.7,False,2027,False,appearances,Nigeria
Federico Chiesa,Liverpool,premier-league,RW,28,81,fc26,20.0,18.0,9.1,False,2028,False,appearances,Italy
Jérémy Jacquet,Liverpool,premier-league,CB,20,75,fc26,60.0,20.0,2.6,False,2031,False,appearances,France
Vitor Reis,Manchester City,premier-league,CB,20,70,fc26,20.0,30.0,2.4,False,2029,False,appearances,Brazil
Mason Mount,Manchester United,premier-league,AM,27,77,fc26,20.0,32.0,9.1,False,2028,True,citizenship-plus-appearances,England
Noussair Mazraoui,Manchester United,premier-league,RB,28,80,fc26,20.0,22.0,8.2,False,2028,False,appearances,Morocco
Joshua Zirkzee,Manchester United,premier-league,ST,25,77,fc26,20.0,25.0,6.4,False,2029,False,appearances,Netherlands
Diogo Dalot,Manchester United,premier-league,RB,27,79,fc26,20.0,28.0,5.2,False,2028,False,appearances,Portugal
Patrick Dorgu,Manchester United,premier-league,LW,21,74,fc26,20.0,30.0,2.4,False,2030,False,appearances,Denmark
Harvey Barnes,Newcastle,premier-league,LW,28,80,fc26,20.0,32.0,4.9,False,2028,True,appearances,England
Malick Thiaw,Newcastle,premier-league,CB,24,78,fc26,20.0,25.0,4.6,False,2029,False,appearances,Germany
Callum Hudson-Odoi,Nottingham Forest,premier-league,LW,25,78,fc26,20.0,30.0,5.5,False,2028,True,appearances,England
Omari Hutchinson,Nottingham Forest,premier-league,AM,22,75,fc26,20.0,30.0,3.4,False,2030,True,citizenship-plus-appearances,England
Arnaud Kalimuendo,Nottingham Forest,premier-league,ST,24,78,fc26,20.0,25.0,1.8,False,2030,False,appearances,France
Richarlison,Tottenham,premier-league,ST,29,78,fc26,20.0,28.0,5.5,False,2027,False,appearances,Brazil
Rodrigo Bentancur,Tottenham,premier-league,CM,29,80,fc26,20.0,27.0,4.6,False,2029,False,appearances,Uruguay
Kevin Danso,Tottenham,premier-league,CB,27,79,fc26,20.0,22.0,4.0,False,2030,False,appearances,Austria
Wilson Odobert,Tottenham,premier-league,LW,21,75,fc26,20.0,22.0,2.4,False,2029,False,appearances,France
Andrew Robertson,Tottenham,premier-league,LB,32,82,fc26,20.0,30.0,8.0,False,2028,False,appearances,Scotland
Dodi Lukébakio,Benfica,primeira-liga,RW,28,82,fc26,20.0,20.0,2.9,False,2030,False,appearances,Belgium
Pepê,Porto,primeira-liga,RW,29,78,fc26,20.0,30.0,2.5,False,2028,False,appearances,Brazil
Jakub Kiwior,Porto,primeira-liga,CB,26,77,fc26,20.0,27.0,1.2,False,2030,False,appearances,Poland
Rodrigo Zalazar,Sporting Lisbon,primeira-liga,AM,26,79,fc26,20.0,20.0,1.7,False,2031,False,appearances,Uruguay
Adrien Rabiot,AC Milan,serie-a,CM,31,83,fc26,20.0,20.0,9.3,False,2028,False,appearances,France
Samuel Chukwueze,AC Milan,serie-a,RW,27,80,fc26,20.0,20.0,5.1,False,2028,False,appearances,Nigeria
Samuele Ricci,AC Milan,serie-a,CM,24,78,fc26,20.0,22.0,4.6,False,2029,False,appearances,Italy
Strahinja Pavlović,AC Milan,serie-a,CB,25,76,fc26,20.0,28.0,3.1,False,2028,False,appearances,Serbia
Riccardo Orsolini,Bologna,serie-a,RW,29,82,fc26,20.0,25.0,3.7,False,2027,False,appearances,Italy
Jesús Rodríguez,Como,serie-a,LW,20,74,fc26,20.0,30.0,1.1,False,2030,False,appearances,Spain
Martin Baturina,Como,serie-a,AM,23,78,fc26,20.0,,0.9,False,2030,False,appearances,Croatia
Albert Gudmundsson,Fiorentina,serie-a,ST,29,79,fc26,20.0,30.0,2.8,False,2029,False,appearances,Iceland
Manuel Akanji,Inter Milan,serie-a,CB,30,82,fc26,20.0,22.0,6.9,False,2028,False,appearances,Switzerland
Luis Henrique,Inter Milan,serie-a,RW,24,78,fc26,20.0,23.0,4.1,False,2030,False,appearances,Brazil
Petar Sučić,Inter Milan,serie-a,CM,22,74,fc26,20.0,30.0,2.8,False,2030,False,appearances,Croatia
Douglas Luiz,Nottingham Forest,premier-league,CM,28,80,fc26,20.0,25.0,8.3,False,2029,False,appearances,Brazil
Andrea Cambiaso,Juventus,serie-a,LB,26,79,fc26,20.0,30.0,4.4,False,2029,False,appearances,Italy
Michele Di Gregorio,Juventus,serie-a,GK,28,81,fc26,20.0,18.0,3.7,False,2029,False,appearances,Italy
Mattia Zaccagni,Lazio,serie-a,LW,31,84,fc26,20.0,15.0,5.6,False,2029,False,appearances,Italy
Kenneth Taylor,Lazio,serie-a,CM,24,78,fc26,20.0,23.0,3.1,False,2030,False,appearances,Netherlands
Kevin De Bruyne,Napoli,serie-a,AM,35,87,fc26,20.0,15.0,11.1,False,2027,False,citizenship-window-invisible,Belgium
David Neres,Napoli,serie-a,RW,29,81,fc26,20.0,28.0,5.6,False,2028,False,appearances,Brazil
Noa Lang,Napoli,serie-a,LW,27,80,fc26,20.0,25.0,4.6,False,2030,False,appearances,Netherlands
Stanislav Lobotka,Napoli,serie-a,CM,31,83,fc26,20.0,18.0,3.6,False,2027,False,appearances,Slovakia
André Zambo Anguissa,Napoli,serie-a,CM,30,82,fc26,20.0,25.0,3.5,False,2027,False,appearances,Cameroon
Sam Beukema,Napoli,serie-a,CB,27,78,fc26,20.0,28.0,3.2,False,2030,False,appearances,Netherlands
Donyell Malen,Roma,serie-a,ST,27,79,fc26,20.0,25.0,7.4,False,2030,False,appearances,Netherlands
Artem Dovbyk,Roma,serie-a,ST,29,83,fc26,20.0,20.0,5.6,False,2029,False,appearances,Ukraine
Wesley,Roma,serie-a,RB,22,77,fc26,20.0,,3.7,False,2030,False,appearances,Brazil
Nathan Tella,Bayer Leverkusen,bundesliga,RW,26,78,fc26,15.0,15.0,3.4,False,2031,False,appearances,Nigeria
Hiroki Ito,Bayern Munich,bundesliga,CB,27,78,fc26,15.0,18.0,3.8,False,2028,False,appearances,Japan
Sacha Boey,Bayern Munich,bundesliga,RB,25,77,fc26,15.0,15.0,3.8,False,2028,False,appearances,France
Julian Ryerson,Borussia Dortmund,bundesliga,RB,28,79,fc26,15.0,20.0,5.0,False,2028,False,appearances,Norway
Yan Couto,Borussia Dortmund,bundesliga,RB,24,77,fc26,15.0,20.0,4.7,False,2030,False,appearances,Brazil
Mussa Kaba,Borussia Dortmund,bundesliga,CM,17,72,position-median,15.0,,1.4,False,2031,False,citizenship-window-invisible,Germany
Robin Koch,Eintracht Frankfurt,bundesliga,CB,29,82,fc26,15.0,15.0,5.7,False,2030,False,appearances,Germany
Nnamdi Collins,Eintracht Frankfurt,bundesliga,CB,22,74,fc26,15.0,15.0,0.9,False,2030,False,appearances,Germany
Ansgar Knauff,Eintracht Frankfurt,bundesliga,RW,24,77,fc26,15.0,15.0,0.9,False,2028,False,appearances,Germany
Noah Atubolu,Freiburg,bundesliga,GK,24,77,fc26,15.0,20.0,1.1,False,2027,False,appearances,Germany
Rouven Tarnutzer,Freiburg,bundesliga,CM,18,72,position-median,15.0,,1.3,False,2027,False,appearances,Switzerland
Adam Hlozek,Hoffenheim,bundesliga,ST,23,77,fc26,15.0,15.0,2.8,False,2029,False,appearances,Czech Republic
Bazoumana Touré,Newcastle,premier-league,LW,20,70,fc26,30.0,25.0,1.2,False,2029,False,appearances,Cote d'Ivoire
Patrick Wimmer,Hoffenheim,bundesliga,RW,25,77,fc26,15.0,15.0,2.9,False,2031,False,appearances,Austria
Natnael Abraha,Hoffenheim,bundesliga,RB,18,72,position-median,15.0,,1.3,False,2027,False,citizenship-no-tm,Germany
Benjamin Henrichs,Leipzig,bundesliga,RB,29,80,fc26,15.0,20.0,7.5,False,2028,False,appearances,Germany
Eljif Elmas,Leipzig,bundesliga,AM,26,77,fc26,15.0,20.0,5.7,False,2028,False,appearances,North Macedonia
Christoph Baumgartner,Leipzig,bundesliga,AM,26,77,fc26,15.0,18.0,4.3,False,2028,False,appearances,Austria
Nicolas Seiwald,Leipzig,bundesliga,CM,25,77,fc26,15.0,16.0,3.4,False,2028,False,appearances,Austria
El Chadaille Bitshiabu,Leipzig,bundesliga,CB,21,75,fc26,15.0,15.0,2.8,False,2029,False,appearances,France
Conrad Harder,Leipzig,bundesliga,ST,21,74,fc26,15.0,24.0,2.3,False,2030,False,appearances,Denmark
Benno Kaltefleiter,Leipzig,bundesliga,CM,18,72,position-median,15.0,,1.3,False,2029,False,citizenship-window-invisible,Germany
Rocco Reitz,Leipzig,bundesliga,CM,24,77,fc26,15.0,17.0,2.9,False,2031,False,appearances,Germany
Nadiem Amiri,Mainz,bundesliga,CM,29,81,fc26,15.0,17.0,2.8,False,2028,False,appearances,Germany
Tim Kleindienst,Monchengladbach,bundesliga,ST,30,81,fc26,15.0,12.0,3.8,False,2029,False,appearances,Germany
Jamie Leweling,Stuttgart,bundesliga,RW,25,75,fc26,15.0,25.0,3.2,False,2029,False,appearances,Germany
Tiago Tomás,Stuttgart,bundesliga,RW,24,76,fc26,15.0,15.0,1.9,False,2029,False,appearances,Portugal
Badredine Bouanani,Stuttgart,bundesliga,RW,21,75,fc26,15.0,12.0,1.5,False,2030,False,appearances,Algeria
Finn Jeltsch,Stuttgart,bundesliga,CB,19,72,fc26,15.0,25.0,0.9,False,2030,False,appearances,Germany
Leopold Querfeld,Union Berlin,bundesliga,CB,22,75,fc26,15.0,18.0,0.9,False,2027,False,appearances,Austria
Tim Blaszczak,Union Berlin,bundesliga,CM,18,72,position-median,15.0,,1.3,False,2027,False,citizenship-no-tm,Germany
Romano Schmid,Frosinone,serie-a,AM,26,78,fc26,15.0,17.0,1.3,False,2027,False,appearances,Austria
Karim Coulibaly,Werder Bremen,bundesliga,CB,19,60,fc26,15.0,20.0,0.4,False,2029,False,appearances,Germany
Sanyika Bergtop,ADO Den Haag,eredivisie,RB,18,72,position-median,15.0,,0.6,False,2028,False,citizenship-no-tm,Suriname
Kees Smit,AZ Alkmaar,eredivisie,CM,20,72,fc26,15.0,22.0,0.2,False,2028,False,appearances,Netherlands
Josip Sutalo,Ajax,eredivisie,CB,26,78,fc26,15.0,17.0,2.5,False,2028,False,appearances,Croatia
Oscar Gloukh,Ajax,eredivisie,AM,22,76,fc26,15.0,,1.6,False,2030,False,appearances,Israel
Youri Baas,Ajax,eredivisie,CB,23,75,fc26,15.0,16.0,0.7,False,2028,False,appearances,Netherlands
Mika Godts,Ajax,eredivisie,LW,21,74,fc26,15.0,15.0,0.6,False,2029,False,appearances,Belgium
Marlon van de Wetering,Excelsior,eredivisie,RB,18,72,position-median,15.0,,0.6,False,2029,False,citizenship-no-tm,Jamaica
Sem Steijn,Feyenoord,eredivisie,AM,24,78,fc26,15.0,14.0,1.5,False,2029,False,appearances,Netherlands
Moussa Gbemou,Fortuna Sittard,eredivisie,CM,18,72,position-median,15.0,,0.6,False,2027,False,appearances,Belgium
Perr Schuurs,NEC Nijmegen,eredivisie,CB,26,77,fc26,15.0,25.0,1.4,False,2029,False,appearances,Netherlands
Ricardo Pepi,PSV,eredivisie,ST,23,76,fc26,15.0,15.0,2.4,False,2030,False,appearances,United States
Jerdy Schouten,PSV,eredivisie,CM,29,80,fc26,15.0,22.0,2.4,False,2030,False,appearances,Netherlands
Yarek Gasiorowski,PSV,eredivisie,CB,21,73,fc26,15.0,16.0,1.6,False,2030,False,appearances,Spain
Ryan Flamingo,PSV,eredivisie,CB,23,77,fc26,15.0,17.0,1.2,False,2029,False,appearances,Netherlands
Mauro Júnior,PSV,eredivisie,LB,27,79,fc26,15.0,17.0,0.8,False,2029,False,appearances,Brazil
David Alaba,Free agent,free-agent,CB,34,82,fc26,15.0,20.0,4.6,False,2026,False,citizenship-window-invisible,Austria
Leon Goretzka,Free agent,free-agent,CM,31,82,fc26,15.0,15.0,4.7,False,2026,False,appearances,Germany
Daniel Carvajal,Free agent,free-agent,RB,34,85,fc26,15.0,12.0,7.9,False,2026,False,citizenship-window-invisible,Spain
Aymeric Laporte,Athletic Club,la-liga,CB,32,82,fc26,15.0,20.0,10.4,False,2028,False,appearances,Spain
Álex Berenguer,Athletic Club,la-liga,LW,30,82,fc26,15.0,12.0,3.1,False,2027,False,appearances,Spain
Gorka Guruzeta,Athletic Club,la-liga,ST,29,79,fc26,15.0,18.0,2.1,False,2028,False,appearances,Spain
Aitor Paredes,Athletic Club,la-liga,CB,26,78,fc26,15.0,22.0,2.1,False,2029,False,appearances,Spain
Beñat Prados,Athletic Club,la-liga,CM,25,78,fc26,15.0,15.0,1.5,False,2031,False,appearances,Spain
Nahuel Molina,Roma,serie-a,RB,28,79,fc26,15.0,15.0,3.8,False,2027,False,appearances,Argentina
Matteo Ruggeri,Atletico Madrid,la-liga,LB,23,75,fc26,15.0,15.0,2.1,False,2030,False,appearances,Italy
Marc Bernal,Barcelona,la-liga,CM,19,73,fc26,15.0,,1.2,False,2029,False,appearances,Spain
Javi Rodríguez,Celta Vigo,la-liga,CB,23,76,fc26,15.0,15.0,0.8,False,2028,False,appearances,Spain
Kevin Sánchez,Deportivo,la-liga,ST,21,75,fc26,15.0,15.0,1.6,False,2028,False,appearances,Spain
Christantus Uche,Crystal Palace,premier-league,ST,23,76,fc26,15.0,15.0,2.1,False,2028,False,appearances,Nigeria
Nacho Pérez,Levante,la-liga,RB,17,72,position-median,15.0,,1.0,False,2028,False,citizenship-window-invisible,Spain
Andrei Rațiu,Rayo Vallecano,la-liga,RB,28,79,fc26,15.0,18.0,1.9,False,2030,False,appearances,Romania
Giovani Lo Celso,Real Betis,la-liga,AM,30,82,fc26,15.0,16.0,5.2,False,2028,False,appearances,Argentina
Cucho Hernández,Real Betis,la-liga,ST,27,79,value-fit,15.0,18.0,4.2,False,2030,False,appearances,Colombia
Natan,Real Betis,la-liga,CB,25,78,fc26,15.0,12.0,3.1,False,2030,False,appearances,Brazil
Abde Ezzalzouli,Real Betis,la-liga,LW,24,77,fc26,15.0,20.0,1.5,False,2029,False,appearances,Morocco
Valentín Gómez,Real Betis,la-liga,CB,23,76,fc26,15.0,,1.2,False,2030,False,appearances,Argentina
Fran García,Real Betis,la-liga,LB,26,79,fc26,15.0,15.0,3.0,False,2030,False,appearances,Spain
Ferland Mendy,Real Madrid,la-liga,LB,31,81,fc26,15.0,22.0,10.4,False,2028,False,appearances,France
Thiago Pitarch,Real Madrid,la-liga,CM,18,72,position-median,15.0,,1.0,False,2027,False,appearances,Spain
Álex Remiro,Real Sociedad,la-liga,GK,31,83,fc26,15.0,14.0,4.2,False,2027,False,appearances,Spain
Yangel Herrera,Real Sociedad,la-liga,CM,28,81,fc26,15.0,9.0,4.2,False,2030,False,appearances,Venezuela
Ander Barrenetxea,Real Sociedad,la-liga,LW,24,77,fc26,15.0,20.0,3.1,False,2030,False,appearances,Spain
Sergio Gómez,Real Sociedad,la-liga,LB,25,79,fc26,15.0,15.0,2.5,False,2030,False,appearances,Spain
Luka Sucic,Real Sociedad,la-liga,CM,23,78,fc26,15.0,10.0,1.7,False,2029,False,appearances,Croatia
Arsen Zakharyan,Real Sociedad,la-liga,AM,23,74,fc26,15.0,18.0,1.2,False,2029,False,appearances,Russia
Juanlu Sánchez,Bournemouth,premier-league,RB,22,75,fc26,15.0,15.0,2.5,False,2029,False,appearances,Spain
Hugo Duro,Valencia,la-liga,ST,26,78,fc26,15.0,16.0,4.2,False,2028,False,appearances,Spain
Diego López,Valencia,la-liga,RW,24,78,fc26,15.0,15.0,1.7,False,2029,False,appearances,Spain
Pepelu,Valencia,la-liga,CM,27,77,fc26,15.0,22.0,1.7,False,2028,False,appearances,Spain
Juan Foyth,Villarreal,la-liga,CB,28,79,fc26,15.0,15.0,4.2,False,2029,False,appearances,Argentina
Logan Costa,Villarreal,la-liga,CB,25,77,fc26,15.0,18.0,2.5,False,2030,False,appearances,Cape Verde
Sergi Cardona,Villarreal,la-liga,LB,26,79,fc26,15.0,10.0,2.1,False,2027,False,appearances,Spain
Ilias Akhomach,Villarreal,la-liga,RW,22,74,fc26,15.0,15.0,0.8,False,2028,False,appearances,Morocco
Amadou Haidara,Lens,ligue-1,CM,28,77,fc26,15.0,20.0,2.9,False,2029,False,appearances,Mali
Tiago Santos,Lille,ligue-1,RB,23,77,fc26,15.0,12.0,1.8,False,2029,False,appearances,Portugal
Orel Mangala,Lyon,ligue-1,CM,28,77,fc26,15.0,20.0,4.9,False,2028,False,appearances,Belgium
Ernest Nuamah,Lyon,ligue-1,RW,22,75,fc26,15.0,12.0,3.8,False,2028,False,appearances,Ghana
Pavel Sulc,Lyon,ligue-1,AM,25,77,fc26,15.0,,2.7,False,2029,False,appearances,Czech Republic
Pierre-Emile Højbjerg,Marseille,ligue-1,CM,30,82,fc26,15.0,18.0,6.4,False,2028,False,appearances,Denmark
Igor Paixão,Marseille,ligue-1,LW,26,80,fc26,15.0,14.0,5.1,False,2030,False,appearances,Brazil
Nayef Aguerd,Marseille,ligue-1,CB,30,81,fc26,15.0,22.0,4.9,False,2030,False,appearances,Morocco
Timothy Weah,Marseille,ligue-1,RW,26,77,fc26,15.0,20.0,4.5,False,2030,False,appearances,United States
Facundo Medina,Bayer Leverkusen,bundesliga,CB,27,79,fc26,15.0,20.0,4.2,False,2030,False,appearances,Argentina
Hamed Junior Traorè,Genoa,serie-a,LW,26,77,fc26,15.0,17.0,4.0,False,2030,False,appearances,Cote d'Ivoire
Angel Gomes,Marseille,ligue-1,AM,25,76,fc26,15.0,18.0,4.0,False,2028,True,appearances,England
Aleksandr Golovin,Monaco,ligue-1,AM,30,79,fc26,15.0,18.0,4.4,False,2029,False,appearances,Russia
Thilo Kehrer,Monaco,ligue-1,CB,29,79,fc26,15.0,18.0,3.7,False,2028,False,appearances,Germany
Folarin Balogun,Monaco,ligue-1,ST,25,77,fc26,15.0,22.0,3.2,False,2028,False,appearances,United States
Vanderson,Monaco,ligue-1,RB,25,77,fc26,15.0,20.0,3.2,False,2028,False,appearances,Brazil
Christian Mawissa,Monaco,ligue-1,CB,21,75,fc26,15.0,15.0,1.3,False,2029,False,appearances,France
Ansu Fati,Monaco,ligue-1,LW,23,75,fc26,15.0,25.0,1.8,False,2030,False,appearances,Spain
Melvin Bard,Nice,ligue-1,LB,25,78,fc26,15.0,10.0,3.3,False,2028,False,appearances,France
Terem Moffi,Nice,ligue-1,ST,27,75,fc26,15.0,25.0,2.7,False,2027,False,appearances,Nigeria
Mohamed-Ali Cho,Nice,ligue-1,RW,22,76,fc26,15.0,12.0,1.1,False,2028,False,appearances,France
Lucas Hernández,PSG,ligue-1,LB,30,81,fc26,15.0,20.0,13.3,False,2028,False,appearances,France
Matvey Safonov,PSG,ligue-1,GK,27,78,fc26,15.0,15.0,3.6,False,2029,False,appearances,Russia
Ibrahim Mbaye,PSG,ligue-1,RW,18,66,fc26,50.0,25.0,0.9,False,2028,False,citizenship-window-invisible,Senegal
Sebastian Szymanski,Rennes,ligue-1,AM,27,78,fc26,15.0,19.0,4.5,False,2029,False,appearances,Poland
Julio Enciso,Strasbourg,ligue-1,AM,22,73,fc26,15.0,20.0,2.2,False,2029,True,appearances,Paraguay
Ismaël Doukouré,Strasbourg,ligue-1,CB,22,76,fc26,15.0,18.0,1.8,False,2028,False,appearances,France
Sebastian Nanasi,Strasbourg,ligue-1,LW,24,76,fc26,15.0,15.0,1.3,False,2029,False,appearances,Sweden
Valentín Barco,Chelsea,premier-league,CM,21,75,fc26,15.0,13.0,1.1,False,2029,False,appearances,Argentina
Gabriel Jesus,Arsenal,premier-league,ST,29,80,fc26,15.0,20.0,16.2,False,2027,False,appearances,Brazil
Fábio Vieira,Arsenal,premier-league,AM,26,78,fc26,15.0,22.0,2.7,False,2027,False,appearances,Portugal
Max Dowman,Arsenal,premier-league,RW,16,71,salary-fit,15.0,,2.1,False,2027,True,citizenship-window-invisible,England
Emiliano Martínez,Aston Villa,premier-league,GK,33,85,fc26,15.0,15.0,9.1,False,2029,False,citizenship-window-invisible,Argentina
John McGinn,Aston Villa,premier-league,CM,31,81,fc26,15.0,15.0,7.9,False,2028,False,appearances,Scotland
Leon Bailey,Aston Villa,premier-league,RW,28,79,fc26,15.0,18.0,7.3,False,2027,False,appearances,Jamaica
Victor Lindelöf,Aston Villa,premier-league,CB,31,81,value-fit,15.0,15.0,7.3,False,2027,False,appearances,Sweden
Matty Cash,Aston Villa,premier-league,RB,28,79,fc26,15.0,22.0,6.1,False,2029,False,appearances,Poland
Marcus Tavernier,Bournemouth,premier-league,AM,27,76,fc26,15.0,20.0,4.0,False,2029,True,citizenship-plus-appearances,England
Amine Adli,Bournemouth,premier-league,LW,26,78,fc26,15.0,20.0,3.7,False,2030,False,appearances,Morocco
Rayan,Bournemouth,premier-league,RW,19,73,salary-fit,130.0,,7.5,False,2031,False,appearances,Brazil
Adrien Truffert,Bournemouth,premier-league,LB,24,77,fc26,15.0,20.0,2.1,False,2030,False,appearances,France
Eli Junior Kroupi,Bournemouth,premier-league,ST,20,74,fc26,80.0,15.0,7.5,False,2030,False,appearances,France
Mikkel Damsgaard,Brentford,premier-league,AM,25,80,fc26,15.0,10.0,4.6,False,2030,False,appearances,Denmark
Igor Thiago,Brentford,premier-league,ST,25,75,fc26,15.0,25.0,4.6,False,2031,False,appearances,Brazil
Michael Kayode,Brentford,premier-league,RB,21,73,fc26,50.0,25.0,3.0,False,2032,False,appearances,Italy
Olivier Boscagli,Brighton,premier-league,CB,28,79,fc26,15.0,18.0,3.7,False,2030,False,appearances,France
Evan Ferguson,Brighton,premier-league,ST,21,73,fc26,15.0,25.0,3.4,False,2029,True,appearances,Ireland
Charalampos Kostoulas,Brighton,premier-league,ST,19,72,fc26,15.0,25.0,2.4,False,2030,False,appearances,Greece
Facundo Buonanotte,Brighton,premier-league,AM,21,75,fc26,15.0,18.0,1.5,False,2028,True,appearances,Argentina
Diego Gómez,Brighton,premier-league,CM,23,73,fc26,15.0,25.0,1.5,False,2030,False,appearances,Paraguay
Tosin Adarabioyo,Chelsea,premier-league,CB,28,78,fc26,15.0,20.0,7.3,False,2028,True,appearances,England
Benoît Badiashile,Chelsea,premier-league,CB,25,76,fc26,15.0,18.0,5.5,False,2030,False,appearances,France
Robert Sánchez,Chelsea,premier-league,GK,28,78,fc26,15.0,22.0,3.7,False,2030,False,appearances,Spain
Filip Jørgensen,Chelsea,premier-league,GK,24,77,fc26,15.0,15.0,3.0,False,2031,False,appearances,Denmark
Tyrique George,Everton,premier-league,LW,20,71,fc26,15.0,22.0,0.5,False,2027,True,citizenship-plus-appearances,England
Josh Acheampong,Chelsea,premier-league,RB,20,70,fc26,15.0,20.0,0.3,False,2029,True,appearances,England
Denner,Chelsea,premier-league,LB,18,72,position-median,15.0,,1.6,False,2032,False,citizenship-no-tm,Brazil
Cheick Doucouré,Crystal Palace,premier-league,CM,26,77,fc26,15.0,15.0,4.3,False,2029,False,appearances,Mali
Yeremi Pino,Crystal Palace,premier-league,RW,23,76,salary-fit,15.0,,3.7,False,2030,False,citizenship-no-tm,Spain
Chris Richards,Crystal Palace,premier-league,CB,26,77,fc26,15.0,25.0,3.4,False,2027,False,appearances,United States
Jaydee Canvot,Crystal Palace,premier-league,CB,19,70,fc26,15.0,20.0,1.5,False,2029,False,appearances,France
Jordan Pickford,Everton,premier-league,GK,32,84,fc26,15.0,15.0,9.1,False,2029,True,citizenship-plus-appearances,England
James Garner,Everton,premier-league,CM,25,76,fc26,15.0,25.0,4.9,False,2030,True,citizenship-plus-appearances,England
Vitaliy Mykolenko,Everton,premier-league,LB,27,78,fc26,15.0,25.0,4.9,False,2029,False,appearances,Ukraine
Beto,Everton,premier-league,ST,28,76,fc26,15.0,20.0,3.7,False,2027,False,appearances,Guinea-Bissau
Jake O'Brien,Everton,premier-league,RB,25,76,fc26,15.0,16.0,2.1,False,2028,False,appearances,Ireland
Dwight McNeil,Everton,premier-league,LW,26,78,fc26,15.0,20.0,1.5,False,2027,True,appearances,England
Carlos Alcaraz,Everton,premier-league,CM,23,75,fc26,15.0,15.0,1.2,False,2027,False,appearances,Argentina
Joachim Andersen,Fulham,premier-league,CB,30,78,fc26,15.0,25.0,5.5,False,2029,False,appearances,Denmark
Alex Iwobi,Fulham,premier-league,LW,30,80,fc26,15.0,25.0,4.9,False,2028,False,appearances,Nigeria
Emile Smith Rowe,Fulham,premier-league,AM,25,77,fc26,15.0,22.0,4.3,False,2029,True,appearances,England
Oscar Bobb,Fulham,premier-league,RW,22,72,fc26,40.0,25.0,4.0,False,2031,True,appearances,Norway
Rodrigo Muniz,Fulham,premier-league,ST,25,75,fc26,15.0,20.0,3.7,False,2030,False,appearances,Brazil
Sander Berge,Fulham,premier-league,CM,28,79,fc26,15.0,25.0,3.4,False,2029,False,appearances,Norway
Ryan Sessegnon,Fulham,premier-league,LB,26,75,fc26,15.0,20.0,3.0,False,2027,True,appearances,England
Josh King,Fulham,premier-league,AM,19,68,fc26,15.0,20.0,1.2,False,2029,True,citizenship-plus-appearances,England
Leif Davis,Ipswich Town,premier-league,LB,26,76,fc26,15.0,20.0,2.1,False,2029,True,citizenship-plus-appearances,England
Noah Okafor,Leeds,premier-league,LW,26,76,fc26,15.0,18.0,4.4,False,2029,False,appearances,Switzerland
Pascal Struijk,Brighton,premier-league,CB,26,76,fc26,15.0,18.0,3.0,False,2027,False,appearances,Netherlands
Jaka Bijol,Leeds,premier-league,CB,27,77,fc26,15.0,18.0,2.7,False,2030,False,appearances,Slovenia
Anton Stach,Leeds,premier-league,CM,27,79,fc26,15.0,20.0,2.7,False,2029,False,appearances,Germany
Wilfried Gnonto,Leeds,premier-league,RW,22,74,fc26,15.0,18.0,2.4,False,2028,True,appearances,Italy
Illan Meslier,Arsenal,premier-league,GK,26,72,fc26,15.0,20.0,1.8,False,2027,False,appearances,France
Harry Wilson,Leeds,premier-league,RW,29,76,fc26,15.0,20.0,2.9,False,2030,True,citizenship-plus-appearances,Wales
Jack Grealish,Manchester City,premier-league,LW,30,80,fc26,15.0,25.0,18.3,False,2027,True,appearances,England
Mateo Kovacic,Manchester City,premier-league,CM,32,83,fc26,15.0,15.0,9.1,False,2027,False,appearances,Croatia
James Trafford,Leeds,premier-league,GK,23,76,fc26,46.7,18.0,4.6,False,2030,True,citizenship-plus-appearances,England
Claudio Echeverri,Manchester City,premier-league,AM,20,74,fc26,15.0,,0.9,False,2028,False,appearances,Argentina
Lewis Miley,Newcastle,premier-league,CM,20,72,fc26,15.0,20.0,2.7,False,2032,True,appearances,England
Jacob Murphy,Newcastle,premier-league,RW,31,81,fc26,15.0,15.0,2.1,False,2027,True,citizenship-plus-appearances,England
Ibrahim Sangaré,Nottingham Forest,premier-league,CM,28,77,fc26,15.0,22.0,4.6,False,2028,False,appearances,Cote d'Ivoire
Neco Williams,Nottingham Forest,premier-league,LB,25,78,fc26,15.0,17.0,4.0,False,2029,True,citizenship-plus-appearances,Wales
Ola Aina,Nottingham Forest,premier-league,RB,29,80,fc26,15.0,20.0,3.7,False,2028,False,appearances,Nigeria
Igor Jesus,Nottingham Forest,premier-league,ST,25,77,fc26,15.0,,3.0,False,2029,False,appearances,Brazil
James McAtee,Nottingham Forest,premier-league,AM,23,73,fc26,15.0,23.0,2.4,False,2030,True,citizenship-plus-appearances,England
Nicolás Domínguez,Nottingham Forest,premier-league,CM,28,79,fc26,15.0,16.0,2.1,False,2028,False,appearances,Argentina
Granit Xhaka,Sunderland,premier-league,CM,33,85,fc26,15.0,10.0,6.7,False,2028,False,citizenship-window-invisible,Switzerland
Nordi Mukiele,Sunderland,premier-league,RB,28,79,fc26,15.0,15.0,6.1,False,2029,False,appearances,France
Enzo Le Fée,Sunderland,premier-league,CM,26,76,fc26,15.0,20.0,4.6,False,2029,False,appearances,France
Brian Brobbey,Sunderland,premier-league,ST,24,77,fc26,15.0,20.0,3.7,False,2029,False,appearances,Netherlands
Chemsdine Talbi,Sunderland,premier-league,RW,21,73,fc26,15.0,22.0,2.4,False,2030,False,appearances,Morocco
Simon Adingra,Sunderland,premier-league,LW,24,76,fc26,15.0,22.0,2.1,False,2030,False,appearances,Cote d'Ivoire
Marcos Senesi,Tottenham,premier-league,CB,29,78,fc26,15.0,22.0,9.1,False,2030,False,appearances,Argentina
Radu Drăgușin,Tottenham,premier-league,CB,24,75,fc26,15.0,25.0,5.2,False,2030,False,appearances,Romania
Mikey Moore,Tottenham,premier-league,LW,18,72,fc26,15.0,,0.3,False,2030,True,citizenship-plus-appearances,England
Richard Ríos,Benfica,primeira-liga,CM,26,79,fc26,15.0,,3.0,False,2030,False,appearances,Colombia
Fredrik Aursnes,Benfica,primeira-liga,CM,30,80,fc26,15.0,17.0,2.9,False,2029,False,appearances,Norway
Leandro Barreiro Martins,Benfica,primeira-liga,CM,26,77,fc26,15.0,15.0,2.5,False,2029,False,appearances,Luxembourg
Enzo Barrenechea,Benfica,primeira-liga,CM,25,77,fc26,15.0,15.0,2.1,False,2027,False,appearances,Argentina
Franjo Ivanović,Benfica,primeira-liga,ST,22,75,fc26,15.0,20.0,1.0,False,2030,False,appearances,Croatia
Daniel Banjaqui,Benfica,primeira-liga,RB,18,72,position-median,15.0,,0.6,False,2031,False,citizenship-window-invisible,Portugal
Nélio Batista,Marítimo,primeira-liga,CM,17,72,position-median,15.0,,0.6,False,2028,False,citizenship-no-tm,Portugal
Gabri Veiga,Porto,primeira-liga,AM,24,76,fc26,15.0,23.0,2.0,False,2030,False,appearances,Spain
William Gomes,Porto,primeira-liga,RW,20,68,fc26,15.0,20.0,0.5,False,2029,False,appearances,Brazil
Martim Fernandes,Porto,primeira-liga,RB,20,75,fc26,15.0,12.0,0.4,False,2030,False,appearances,Portugal
Fotis Ioannidis,Sporting Lisbon,primeira-liga,ST,26,77,fc26,15.0,20.0,1.5,False,2030,False,appearances,Greece
Maximiliano Araújo,Sporting Lisbon,primeira-liga,LB,26,77,fc26,15.0,22.0,1.0,False,2029,False,appearances,Uruguay
Geny Catamo,Sporting Lisbon,primeira-liga,RW,25,78,fc26,15.0,15.0,0.8,False,2028,False,appearances,Mozambique
Eduardo Quaresma,Sporting Lisbon,primeira-liga,CB,24,77,fc26,15.0,15.0,0.2,False,2028,False,appearances,Portugal
Mory Kera,Charleroi,pro-league,CM,18,72,position-median,15.0,,0.5,False,2027,False,citizenship-window-invisible,Belgium
Félix Lemaréchal,Club Brugges,pro-league,AM,22,76,fc26,15.0,10.0,1.0,False,2029,False,appearances,France
Raphael Onyedika,Eintracht Frankfurt,bundesliga,CM,25,77,fc26,15.0,20.0,1.1,False,2027,False,appearances,Nigeria
Tian Nai Koren,Club Brugges,pro-league,AM,16,71,position-median,15.0,,0.4,False,2029,False,citizenship-window-invisible,Slovenia
August De Wannemacker,Genk,pro-league,CM,17,72,position-median,15.0,,0.5,False,2028,False,citizenship-window-invisible,Belgium
Davis Opoku,Leuven,pro-league,RB,18,72,position-median,15.0,,0.5,False,2028,False,appearances,Belgium
Xander Dierckx,Royal Antwerp,pro-league,CM,17,72,position-median,15.0,,0.5,False,2027,False,citizenship-window-invisible,Belgium
Tristan Panduro,Zulte Waregem,pro-league,CM,18,72,position-median,15.0,,0.5,False,2028,False,citizenship-window-invisible,Denmark
Ruben Loftus-Cheek,AC Milan,serie-a,CM,30,80,fc26,15.0,25.0,5.1,False,2027,True,appearances,England
Pervis Estupiñán,AC Milan,serie-a,LB,28,79,fc26,15.0,14.0,4.6,False,2030,False,appearances,Ecuador
Alexis Saelemaekers,AC Milan,serie-a,RW,27,79,fc26,15.0,12.0,3.9,False,2031,False,appearances,Belgium
Yunus Musah,AC Milan,serie-a,CM,23,74,fc26,15.0,22.0,2.6,False,2028,False,appearances,United States
Giacomo Raspadori,Atalanta,serie-a,ST,26,78,fc26,15.0,22.0,6.7,False,2030,False,appearances,Italy
Raoul Bellanova,Atalanta,serie-a,RW,26,78,fc26,15.0,15.0,3.3,False,2029,False,appearances,Italy
Nicola Zalewski,Atalanta,serie-a,LW,24,76,fc26,15.0,15.0,3.0,False,2029,False,appearances,Poland
Isak Hien,Atalanta,serie-a,CB,27,78,fc26,15.0,25.0,1.7,False,2028,False,appearances,Sweden
Santiago Castro,Roma,serie-a,ST,21,76,fc26,35.0,12.0,1.9,False,2030,False,appearances,Argentina
Lewis Ferguson,Bologna,serie-a,CM,26,78,fc26,15.0,20.0,1.3,False,2028,False,appearances,Scotland
Elia Caprile,Cagliari,serie-a,GK,24,76,fc26,15.0,15.0,1.4,False,2029,False,appearances,Italy
Maxence Caqueret,Como,serie-a,CM,26,77,fc26,15.0,20.0,6.7,False,2029,False,appearances,France
Nicolas Kühn,Como,serie-a,RW,26,78,fc26,15.0,15.0,2.0,False,2029,False,appearances,Germany
Máximo Perrone,Como,serie-a,CM,23,73,fc26,15.0,25.0,1.9,False,2029,False,appearances,Argentina
Assane Diao,Como,serie-a,LW,20,76,fc26,15.0,12.0,0.9,False,2029,False,appearances,Senegal
Jayden Addai,Como,serie-a,RW,20,67,fc26,15.0,20.0,0.8,False,2030,False,appearances,Netherlands
Nicolò Fagioli,Fiorentina,serie-a,CM,25,77,fc26,15.0,20.0,3.3,False,2028,False,appearances,Italy
Dodô,Fiorentina,serie-a,RB,27,78,fc26,15.0,18.0,1.9,False,2027,False,appearances,Brazil
Pietro Comuzzo,Fiorentina,serie-a,CB,21,74,fc26,15.0,23.0,1.9,False,2029,False,appearances,Italy
Marcelo Vaz,Genoa,serie-a,LB,18,72,position-median,15.0,,1.2,False,2029,False,citizenship-no-tm,Guinea-Bissau
Ange-Yoan Bonny,Inter Milan,serie-a,ST,22,76,fc26,15.0,,3.7,False,2030,False,appearances,Cote d'Ivoire
Federico Gatti,Juventus,serie-a,CB,28,80,fc26,15.0,20.0,5.7,False,2030,False,appearances,Italy
Weston McKennie,Juventus,serie-a,CM,27,78,fc26,15.0,22.0,5.4,False,2030,False,appearances,United States
Edon Zhegrova,Juventus,serie-a,RW,27,79,fc26,15.0,20.0,4.6,False,2030,False,appearances,Kosovo
Lloyd Kelly,Juventus,serie-a,CB,27,74,fc26,15.0,20.0,4.4,False,2029,True,citizenship-plus-appearances,England
João Mário,Juventus,serie-a,RB,26,77,fc26,15.0,15.0,3.7,False,2030,False,appearances,Portugal
Nuno Tavares,Lazio,serie-a,LB,26,78,fc26,15.0,15.0,4.4,False,2029,False,appearances,Portugal
Gustav Isaksen,Lazio,serie-a,RW,25,76,fc26,15.0,17.0,1.9,False,2028,False,appearances,Denmark
Romelu Lukaku,Napoli,serie-a,ST,33,84,fc26,15.0,15.0,7.7,False,2027,False,citizenship-window-invisible,Belgium
Alex Meret,Napoli,serie-a,GK,29,82,fc26,15.0,14.0,4.6,False,2027,False,appearances,Italy
Lorenzo Lucca,Napoli,serie-a,ST,25,76,fc26,15.0,25.0,3.7,False,2030,False,appearances,Italy
Billy Gilmour,Napoli,serie-a,CM,25,74,fc26,15.0,20.0,3.3,False,2029,True,appearances,Scotland
Amir Rrahmani,Napoli,serie-a,CB,32,83,fc26,15.0,12.0,3.2,False,2027,False,appearances,Kosovo
Jesper Lindstrøm,Napoli,serie-a,RW,26,75,fc26,15.0,22.0,3.0,False,2028,False,appearances,Denmark
Mathías Olivera,Napoli,serie-a,LB,28,78,fc26,15.0,18.0,2.6,False,2030,False,appearances,Uruguay
Zion Suzuki,Parma,serie-a,GK,23,74,fc26,15.0,20.0,0.9,False,2029,False,appearances,Japan
Gianluca Mancini,Roma,serie-a,CB,30,83,fc26,15.0,15.0,6.5,False,2027,False,appearances,Italy
Evan N'Dicka,Roma,serie-a,CB,26,79,salary-fit,15.0,,5.1,False,2028,False,citizenship-no-tm,Cote d'Ivoire
Angeliño,Roma,serie-a,LB,29,79,fc26,15.0,17.0,3.7,False,2028,False,appearances,Spain
Armand Laurienté,Sassuolo,serie-a,LW,27,80,fc26,15.0,10.0,1.5,False,2029,False,appearances,France
Ivan Ilić,Torino,serie-a,CM,25,76,fc26,15.0,18.0,1.5,False,2027,False,appearances,Serbia
Oumar Solet,Udinese,serie-a,CB,26,78,fc26,15.0,17.0,1.3,False,2027,False,appearances,France
Edoardo Mariani,Venezia,serie-a,CM,18,72,position-median,15.0,,1.2,False,2029,False,citizenship-no-tm,Italy
Noahkai Banks,Augsburg,bundesliga,CB,19,66,fc26,10.0,15.0,0.7,False,2029,False,appearances,United States
Faik Sakar,Augsburg,bundesliga,LW,18,71,position-median,10.0,,1.1,False,2030,False,citizenship-window-invisible,Germany
Martin Terrier,Bayer Leverkusen,bundesliga,LW,29,79,fc26,10.0,12.0,4.7,False,2029,False,appearances,France
Ezequiel Fernández,Bayer Leverkusen,bundesliga,CM,23,75,fc26,10.0,,2.5,False,2030,False,appearances,Argentina
Aleksa Damjanovic,Bayer Leverkusen,bundesliga,ST,17,71,position-median,10.0,,1.2,False,2029,False,citizenship-window-invisible,Serbia
Naba Mensah,Bayer Leverkusen,bundesliga,CM,19,72,position-median,10.0,,1.3,False,2027,False,citizenship-window-invisible,Germany
Ndjicoura Bomba,Bayer Leverkusen,bundesliga,ST,18,71,position-median,10.0,,1.1,False,2030,False,citizenship-no-tm,Mali
Bryan Zaragoza,Bayern Munich,bundesliga,LW,24,77,fc26,10.0,10.0,6.6,False,2029,False,appearances,Spain
Luca Reggiani,Borussia Dortmund,bundesliga,CB,18,71,position-median,10.0,,1.1,False,2027,False,citizenship-window-invisible,Italy
Mathis Albert,Borussia Dortmund,bundesliga,LW,17,71,position-median,10.0,,1.2,False,2027,False,citizenship-window-invisible,United States
Samuele Inácio,Borussia Dortmund,bundesliga,ST,18,71,position-median,10.0,,1.1,False,2029,False,citizenship-window-invisible,Italy
Elye Wahi,Eintracht Frankfurt,bundesliga,ST,23,75,fc26,10.0,12.0,3.4,False,2030,False,appearances,Cote d'Ivoire
Farès Chaïbi,Eintracht Frankfurt,bundesliga,AM,23,74,fc26,10.0,15.0,1.9,False,2028,False,appearances,Algeria
Malik Pimpong,Eintracht Frankfurt,bundesliga,LW,18,71,position-median,10.0,,1.1,False,2031,False,citizenship-window-invisible,Denmark
Philipp Lienhart,Freiburg,bundesliga,CB,29,79,fc26,10.0,12.0,5.3,False,2027,False,appearances,Austria
Yuito Suzuki,Freiburg,bundesliga,ST,24,71,fc26,10.0,15.0,3.2,False,2027,False,appearances,Japan
Albert Sambi Lokonga,Hamburg,bundesliga,CM,26,75,fc26,10.0,15.0,1.5,False,2028,False,appearances,Belgium
Finn Barkowsky,Hamburg,bundesliga,LW,18,71,position-median,10.0,,1.1,False,2027,False,citizenship-no-tm,Germany
Nathan De Cat,Hoffenheim,bundesliga,CM,17,63,fc26,20.0,17.0,0.3,False,2027,False,citizenship-window-invisible,Belgium
Maarten Vandevoordt,Leipzig,bundesliga,GK,24,76,fc26,10.0,8.0,1.9,False,2030,False,appearances,Belgium
Ezechiel Banzuzi,Leipzig,bundesliga,CM,21,70,fc26,10.0,18.0,1.5,False,2030,False,appearances,Netherlands
Rômulo,Leipzig,bundesliga,ST,24,76,fc26,10.0,,1.5,False,2030,False,appearances,Brazil
Benedict Hollerbach,Mainz,bundesliga,ST,25,77,fc26,10.0,10.0,2.3,False,2029,False,appearances,Germany
Franck Honorat,Monchengladbach,bundesliga,RW,29,80,fc26,10.0,12.0,4.7,False,2029,False,appearances,France
Robin Hack,Monchengladbach,bundesliga,LW,27,77,fc26,10.0,12.0,3.8,False,2029,False,appearances,Germany
Lasse Eickel,Paderborn,bundesliga,ST,18,71,position-median,10.0,,1.1,False,2031,False,citizenship-no-tm,Germany
Luca Vozar,Schalke 04,bundesliga,CM,19,72,position-median,10.0,,1.3,False,2027,False,citizenship-no-tm,Germany
Julian Chabot,Stuttgart,bundesliga,CB,28,78,fc26,10.0,15.0,2.8,False,2028,False,appearances,Germany
Lorenz Assignon,Stuttgart,bundesliga,RB,26,76,fc26,10.0,12.0,2.3,False,2029,False,appearances,France
Chema Andrés,Stuttgart,bundesliga,CM,21,63,fc26,10.0,15.0,0.8,False,2030,False,appearances,Spain
Tom Rothe,Union Berlin,bundesliga,LB,21,74,fc26,10.0,10.0,1.1,False,2027,False,appearances,Germany
Jens Stage,Werder Bremen,bundesliga,CM,29,78,fc26,10.0,14.0,3.2,False,2028,False,appearances,Denmark
Luca Höcker,Werder Bremen,bundesliga,RB,19,72,position-median,10.0,,1.3,False,2029,False,citizenship-no-tm,Germany
Caio Henrique,Ajax,eredivisie,LB,28,77,fc26,10.0,15.0,1.4,False,2030,False,appearances,Brazil
Ethan Apkakou,Cambuur Leeuwarden,eredivisie,CM,19,72,position-median,10.0,,0.6,False,2029,False,citizenship-no-tm,France
Calvin Stengs,Feyenoord,eredivisie,AM,27,76,fc26,10.0,15.0,2.5,False,2027,False,appearances,Netherlands
Anel Ahmedhodzic,Feyenoord,eredivisie,CB,27,74,fc26,10.0,18.0,1.6,False,2029,False,appearances,Bosnia-Herzegovina
Luciano Valente,Feyenoord,eredivisie,CM,22,72,fc26,10.0,18.0,1.0,False,2030,False,appearances,Netherlands
Mika Mármol,Feyenoord,eredivisie,CB,25,75,fc26,10.0,15.0,1.0,False,2030,False,appearances,Spain
Ryan Metu,Groningen,eredivisie,LW,17,71,position-median,10.0,,0.6,False,2029,False,citizenship-window-invisible,Netherlands
Paul Wanner,PSV,eredivisie,CM,20,72,fc26,10.0,14.0,2.4,False,2030,False,appearances,Austria
Guus Til,PSV,eredivisie,AM,28,77,fc26,10.0,15.0,2.4,False,2028,False,appearances,Netherlands
Kiliann Sildillia,PSV,eredivisie,RB,24,73,fc26,10.0,15.0,1.0,False,2030,False,appearances,France
Ruben van Bommel,PSV,eredivisie,LW,21,74,fc26,10.0,12.0,0.8,False,2030,False,appearances,Netherlands
Fabian Merién,PSV,eredivisie,CB,17,71,position-median,10.0,,0.6,False,2028,False,citizenship-window-invisible,Netherlands
Younes Jaber el Meftahi,Sparta Rotterdam,eredivisie,AM,18,71,position-median,10.0,,0.5,False,2030,False,appearances,Netherlands
Noach Shenkman,Telstar,eredivisie,CM,19,72,position-median,10.0,,0.6,False,2028,False,citizenship-no-tm,Netherlands
Björn Titulaer,Twente,eredivisie,CB,18,71,position-median,10.0,,0.5,False,2028,False,citizenship-window-invisible,Netherlands
Krzysztof Kurowski,Twente,eredivisie,LB,19,72,position-median,10.0,,0.6,False,2030,False,citizenship-window-invisible,Poland
Anass Zarrouk,Willem II,eredivisie,CM,19,72,position-median,10.0,,0.6,False,2028,False,citizenship-no-tm,Netherlands
Kayen Scheepens,Willem II,eredivisie,RB,19,72,position-median,10.0,,0.6,False,2027,False,citizenship-no-tm,Netherlands
Oleksandr Zinchenko,Free agent,free-agent,LB,29,77,fc26,10.0,15.0,2.0,False,2026,False,appearances,Ukraine
Diogo Leite,Free agent,free-agent,CB,27,78,fc26,10.0,12.0,2.4,False,2026,False,appearances,Portugal
Lorenzo Pellegrini,Free agent,free-agent,AM,30,80,fc26,10.0,9.0,3.4,False,2026,False,appearances,Italy
Xavi Espart,Barcelona,la-liga,RB,19,72,position-median,10.0,,1.0,False,2028,False,appearances,Spain
Toni Fernández,Barcelona,la-liga,AM,17,71,position-median,10.0,,0.9,False,2027,False,citizenship-window-invisible,Spain
Tommy Marqués,Barcelona,la-liga,CM,19,72,position-median,10.0,,1.0,False,2028,False,appearances,Spain
Diego Gómez,Deportivo,la-liga,RW,21,73,fc26,10.0,,1.1,False,2030,False,citizenship-no-tm,Spain
Noé Carrillo,Deportivo,la-liga,CM,19,72,position-median,10.0,,1.0,False,2029,False,citizenship-no-tm,Spain
Javi Puado,Espanyol,la-liga,LW,28,78,fc26,10.0,10.0,2.1,False,2030,False,appearances,Spain
Aimar Oroz,Osasuna,la-liga,AM,24,77,fc26,10.0,9.0,1.7,False,2029,False,appearances,Spain
Belal Ateya,Racing Santander,la-liga,AM,18,71,position-median,10.0,,0.8,False,2027,False,citizenship-no-tm,Egypt
Isco,Real Betis,la-liga,AM,34,84,fc26,10.0,8.0,6.2,False,2028,False,citizenship-window-invisible,Spain
Pablo Fornals,Real Betis,la-liga,CM,30,79,fc26,10.0,14.0,3.1,False,2029,False,appearances,Spain
Álvaro Valles,Real Betis,la-liga,GK,28,79,fc26,10.0,12.0,2.1,False,2030,False,appearances,Spain
Orri Óskarsson,Real Sociedad,la-liga,ST,21,74,fc26,10.0,12.0,1.2,False,2030,False,appearances,Iceland
José Ángel Carmona,Sevilla,la-liga,RB,24,76,fc26,10.0,12.0,2.5,False,2028,False,appearances,Spain
Isaac Romero,Sevilla,la-liga,ST,26,74,fc26,10.0,18.0,2.3,False,2028,False,appearances,Spain
César Tárrega,Valencia,la-liga,CB,24,75,fc26,10.0,15.0,1.7,False,2030,False,appearances,Spain
Thiago Fernández,Villarreal,la-liga,LW,22,74,fc26,10.0,,0.2,False,2031,False,appearances,Argentina
Xiangxin Wei,Auxerre,ligue-1,ST,18,71,position-median,10.0,,1.0,False,2027,False,citizenship-no-tm,China
Bradley Locko,Brest,ligue-1,LB,24,75,fc26,10.0,12.0,0.6,False,2027,False,appearances,France
Alexsandro,Lille,ligue-1,CB,26,80,fc26,10.0,8.0,2.2,False,2028,False,appearances,Brazil
Berke Özer,Lille,ligue-1,GK,26,77,fc26,10.0,10.0,1.6,False,2029,False,appearances,Turkey
Osame Sahraoui,Lille,ligue-1,LW,25,76,fc26,10.0,10.0,1.4,False,2029,False,appearances,Morocco
Ngal'ayel Mukau,Lille,ligue-1,CM,21,74,fc26,10.0,12.0,1.0,False,2028,False,appearances,Democratic Republic of the Congo
Moussa Niakhaté,Lyon,ligue-1,CB,30,77,fc26,10.0,16.0,5.5,False,2028,False,appearances,Senegal
Tanner Tessmann,Lyon,ligue-1,CM,24,75,fc26,10.0,12.0,2.9,False,2029,False,appearances,United States
Steeve Kango,Lyon,ligue-1,RB,19,72,position-median,10.0,,1.1,False,2027,False,appearances,France
Amine Harit,Marseille,ligue-1,LW,29,75,fc26,10.0,15.0,3.1,False,2027,False,appearances,Morocco
Paul Pogba,Monaco,ligue-1,CM,33,79,fc26,10.0,15.0,2.4,False,2027,False,citizenship-window-invisible,France
Jordan Teze,Monaco,ligue-1,RB,26,76,fc26,10.0,12.0,2.2,False,2029,False,appearances,Netherlands
Yehvann Diouf,Nice,ligue-1,GK,26,78,fc26,10.0,8.0,2.9,False,2030,False,appearances,Senegal
Hicham Boudaoui,Nice,ligue-1,CM,26,77,fc26,10.0,12.0,1.8,False,2027,False,appearances,Algeria
Dro Fernández,PSG,ligue-1,AM,18,71,salary-fit,10.0,,1.8,False,2030,False,citizenship-window-invisible,Spain
Otávio,Paris FC,ligue-1,CB,24,75,fc26,10.0,10.0,2.2,False,2030,False,appearances,Brazil
Patrick Zabi,Paris FC,ligue-1,CM,19,72,position-median,25.0,,1.1,False,2027,False,appearances,Cote d'Ivoire
Ludovic Blas,Rennes,ligue-1,RW,28,77,fc26,10.0,15.0,4.5,False,2027,False,appearances,France
Mahdi Camara,Rennes,ligue-1,CM,28,78,fc26,10.0,10.0,2.9,False,2029,False,appearances,France
Quentin Merlin,Rennes,ligue-1,LB,24,76,fc26,10.0,12.0,2.7,False,2029,False,appearances,France
Djaoui Cissé,Rennes,ligue-1,CM,22,73,fc26,10.0,15.0,1.0,False,2030,False,appearances,France
Yaya Diémé,Strasbourg,ligue-1,RW,18,71,position-median,10.0,,1.0,False,2030,False,appearances,Senegal
Charlie Cresswell,Toulouse,ligue-1,CB,23,74,fc26,10.0,15.0,1.0,False,2028,True,citizenship-plus-appearances,England
Yann Gboho,Toulouse,ligue-1,LW,25,75,fc26,10.0,12.0,0.8,False,2027,False,appearances,France
Reiss Nelson,Arsenal,premier-league,LW,26,75,fc26,10.0,15.0,6.1,False,2027,True,appearances,England
Christian Nørgaard,Everton,premier-league,CM,32,80,fc26,10.0,18.0,4.0,False,2027,False,appearances,Denmark
Tammy Abraham,Aston Villa,premier-league,ST,28,77,fc26,10.0,14.0,8.5,False,2030,True,appearances,England
Emiliano Buendía,Aston Villa,premier-league,LW,29,77,fc26,10.0,18.0,4.6,False,2027,False,appearances,Argentina
Samuel Iling-Junior,Aston Villa,premier-league,LW,22,74,fc26,10.0,10.0,1.8,False,2027,True,citizenship-plus-appearances,England
Lewis Cook,Bournemouth,premier-league,CM,29,79,fc26,10.0,13.0,3.7,False,2028,True,citizenship-plus-appearances,England
Romain Faivre,Auxerre,ligue-1,AM,27,76,fc26,10.0,15.0,2.1,False,2028,False,appearances,France
Rico Henry,Brentford,premier-league,LB,28,76,fc26,10.0,15.0,3.0,False,2027,False,appearances,Jamaica
Keane Lewis-Potter,Brentford,premier-league,LW,25,76,fc26,10.0,15.0,3.0,False,2031,True,citizenship-plus-appearances,England
Kristoffer Ajer,Brentford,premier-league,CB,28,75,fc26,10.0,16.0,3.0,False,2030,False,appearances,Norway
Vitaly Janelt,Brentford,premier-league,CM,28,76,fc26,10.0,18.0,3.0,False,2030,False,appearances,Germany
Fábio Carvalho,Brentford,premier-league,AM,23,74,fc26,10.0,14.0,2.4,False,2029,False,appearances,Portugal
Diego Coppola,Paris FC,ligue-1,CB,22,74,fc26,10.0,10.0,1.5,False,2030,False,appearances,Italy
Ibrahim Osman,Brighton,premier-league,LW,21,72,fc26,10.0,12.0,1.2,False,2029,False,appearances,Ghana
Malick Yalcouyé,Brighton,premier-league,CM,20,71,fc26,10.0,14.0,0.9,False,2029,False,appearances,Cote d'Ivoire
Liam Delap,Chelsea,premier-league,ST,23,78,fc26,10.0,7.0,6.1,False,2031,True,citizenship-plus-appearances,England
Axel Disasi,Chelsea,premier-league,CB,28,77,fc26,10.0,15.0,4.9,False,2029,False,appearances,France
Eddie Nketiah,Crystal Palace,premier-league,ST,27,74,fc26,10.0,16.0,5.5,False,2029,True,appearances,England
Tim Iroegbunam,Everton,premier-league,CM,23,74,fc26,10.0,12.0,1.2,False,2027,True,appearances,England
Merlin Röhl,Everton,premier-league,AM,23,74,fc26,25.0,16.0,2.2,False,2027,False,appearances,Germany
Saša Lukić,Fulham,premier-league,CM,29,78,fc26,10.0,12.0,3.8,False,2027,False,appearances,Serbia
Dara O'Shea,Ipswich Town,premier-league,CB,27,75,fc26,10.0,15.0,2.1,False,2030,False,appearances,Ireland
Jack Clarke,Ipswich Town,premier-league,LW,25,74,fc26,10.0,15.0,1.5,False,2029,True,citizenship-plus-appearances,England
Jacob Greaves,Ipswich Town,premier-league,CB,25,74,fc26,10.0,16.0,1.5,False,2029,True,citizenship-plus-appearances,England
Dominic Calvert-Lewin,Leeds,premier-league,ST,29,74,fc26,10.0,15.0,6.1,False,2028,True,citizenship-plus-appearances,England
Sean Longstaff,Leeds,premier-league,CM,28,75,fc26,10.0,18.0,4.9,False,2029,True,citizenship-plus-appearances,England
Ethan Ampadu,Leeds,premier-league,CM,25,76,fc26,10.0,12.0,4.3,False,2030,True,citizenship-plus-appearances,Wales
Gabriel Gudmundsson,Leeds,premier-league,LB,27,77,fc26,10.0,15.0,2.4,False,2029,False,appearances,Sweden
Joe Gomez,Liverpool,premier-league,CB,29,79,fc26,10.0,15.0,5.2,False,2027,True,appearances,England
Rio Ngumoha,Liverpool,premier-league,LW,17,68,fc26,50.0,15.0,1.5,False,2028,True,citizenship-window-invisible,England
Harry Maguire,Manchester United,premier-league,CB,33,80,fc26,10.0,18.0,10.4,False,2027,True,citizenship-window-invisible,England
Joe Willock,Newcastle,premier-league,CM,26,76,fc26,10.0,16.0,4.9,False,2027,True,appearances,England
Nicolò Savona,Nottingham Forest,premier-league,RB,23,71,fc26,10.0,15.0,2.7,False,2030,False,appearances,Italy
Morato,Nottingham Forest,premier-league,CB,25,76,fc26,10.0,14.0,2.1,False,2029,False,appearances,Brazil
Jair Cunha,Nottingham Forest,premier-league,CB,21,74,fc26,10.0,,2.1,False,2030,False,appearances,Brazil
Omar Alderete,Sunderland,premier-league,CB,29,78,fc26,10.0,12.0,4.0,False,2029,False,appearances,Paraguay
Wilson Isidor,Sunderland,premier-league,ST,25,72,fc26,10.0,18.0,1.5,False,2028,False,appearances,Haiti
Archie Gray,Tottenham,premier-league,CM,20,75,fc26,40.0,6.0,4.6,False,2030,True,citizenship-plus-appearances,England
Antonín Kinský,Tottenham,premier-league,GK,23,75,fc26,10.0,13.0,3.7,False,2031,False,appearances,Czech Republic
Yves Bissouma,Free agent,free-agent,CM,29,78,fc26,10.0,15.0,3.4,False,2028,False,appearances,Mali
Djed Spence,Inter Milan,serie-a,LB,25,78,fc26,35.0,8.0,2.4,False,2029,True,citizenship-plus-appearances,England
Si-hoo Park,Arouca,primeira-liga,LW,18,71,position-median,10.0,,0.5,False,2027,False,citizenship-no-tm,South Korea
Andreas Schjelderup,Benfica,primeira-liga,LW,22,74,fc26,10.0,14.0,0.4,False,2028,False,appearances,Norway
Ricardo Horta,Braga,primeira-liga,LW,31,81,fc26,10.0,10.0,1.0,False,2028,False,appearances,Portugal
João Aragão,Braga,primeira-liga,RW,18,71,position-median,10.0,,0.5,False,2027,False,citizenship-window-invisible,Portugal
Gustavo Sá,Nottingham Forest,premier-league,AM,21,74,fc26,10.0,8.0,0.3,False,2029,False,appearances,Portugal
Mathis Jangéal,Famalicao,primeira-liga,AM,18,71,position-median,10.0,,0.5,False,2031,False,citizenship-window-invisible,France
Rodrigo Rodrigues,Gil Vicente,primeira-liga,RW,18,71,position-median,10.0,,0.5,False,2027,False,appearances,Portugal
Nehuén Pérez,Porto,primeira-liga,CB,26,76,fc26,10.0,13.0,1.4,False,2029,False,appearances,Argentina
Samuel Alves,Rio Ave,primeira-liga,ST,18,71,position-median,10.0,,0.5,False,2030,False,citizenship-no-tm,Brazil
Iván Fresneda,Sporting Lisbon,primeira-liga,RB,21,72,value-fit,10.0,12.0,1.1,False,2028,False,appearances,Spain
Nuno Santos,Sporting Lisbon,primeira-liga,LB,31,79,fc26,10.0,14.0,1.0,False,2027,False,appearances,Portugal
Daniel Bragança,Sporting Lisbon,primeira-liga,CM,27,78,fc26,10.0,10.0,1.0,False,2027,False,appearances,Portugal
Georgios Vagiannidis,Sporting Lisbon,primeira-liga,RB,24,75,fc26,10.0,11.0,1.0,False,2030,False,appearances,Greece
João Simões,Sporting Lisbon,primeira-liga,CM,19,69,fc26,10.0,15.0,0.5,False,2030,False,appearances,Portugal
Salvador Blopa,Sporting Lisbon,primeira-liga,RB,19,72,position-median,10.0,,0.6,False,2030,False,appearances,Portugal
Mario Stroeykens,Anderlecht,pro-league,AM,21,74,fc26,10.0,8.0,0.7,False,2028,False,appearances,Democratic Republic of the Congo
Tibe S'Jongers,Beveren,pro-league,CM,19,72,position-median,10.0,,0.5,False,2027,False,citizenship-no-tm,Belgium
Junior Diouf,Beveren,pro-league,ST,18,71,position-median,10.0,,0.4,False,2028,False,citizenship-no-tm,Senegal
Naël Piron,Charleroi,pro-league,CB,17,71,position-median,10.0,,0.4,False,2028,False,citizenship-no-tm,Belgium
Ibrahima Cissé,Gent,pro-league,ST,18,71,position-median,10.0,,0.4,False,2028,False,appearances,Senegal
Josué Vergara,Gent,pro-league,ST,18,71,position-median,10.0,,0.4,False,2031,False,citizenship-no-tm,Panama
Théo Mununga,Lommel,pro-league,CM,19,72,position-median,10.0,,0.5,False,2027,False,citizenship-no-tm,Belgium
Mauro Lenaerts,Mechelen,pro-league,ST,18,71,position-median,10.0,,0.4,False,2029,False,appearances,Belgium
Carlos Mejia,Royal Antwerp,pro-league,RW,18,71,position-median,10.0,,0.4,False,2030,False,citizenship-no-tm,Ecuador
Luis Narh,Royal Antwerp,pro-league,ST,18,71,position-median,10.0,,0.4,False,2030,False,citizenship-no-tm,Ghana
Koki Ando,Royal Antwerp,pro-league,LW,18,71,position-median,10.0,,0.4,False,2030,False,citizenship-window-invisible,Japan
Shion Shinkawa,Sint-Truidense,pro-league,ST,18,71,position-median,10.0,,0.4,False,2029,False,appearances,Japan
Promise David,Union SG,pro-league,ST,25,75,fc26,10.0,13.0,0.8,False,2029,False,appearances,Canada
Anan Khalaili,Union SG,pro-league,RW,21,73,fc26,10.0,12.0,0.6,False,2028,False,appearances,Israel
Lucas Mbamba,Westerlo,pro-league,RB,19,72,position-median,10.0,,0.5,False,2029,False,appearances,Belgium
Naoufal Bohamdi-Kamoni,Westerlo,pro-league,LW,18,71,position-median,10.0,,0.4,False,2029,False,appearances,Morocco
Mouhamadou Sall,Zulte Waregem,pro-league,CB,18,71,position-median,10.0,,0.4,False,2028,False,citizenship-window-invisible,Senegal
Matteo Gabbia,AC Milan,serie-a,CB,26,78,fc26,10.0,8.0,3.3,False,2029,False,appearances,Italy
Francesco Camarda,Lecce,serie-a,ST,18,65,fc26,10.0,15.0,1.5,False,2028,False,citizenship-window-invisible,Italy
Ismaël Bennacer,AC Milan,serie-a,CM,28,80,fc26,10.0,9.0,4.2,False,2027,False,appearances,Algeria
Kamaldeen Sulemana,Atalanta,serie-a,LW,24,71,fc26,10.0,18.0,3.0,False,2029,False,appearances,Ghana
El Bilal Touré,Atalanta,serie-a,LW,24,73,fc26,10.0,15.0,1.9,False,2028,False,appearances,Mali
Lazar Samardžić,Atalanta,serie-a,AM,24,75,fc26,10.0,15.0,1.9,False,2029,False,appearances,Serbia
Thijs Dallinga,Bologna,serie-a,ST,25,76,fc26,10.0,12.0,3.0,False,2028,False,appearances,Netherlands
Juan Miranda,Bologna,serie-a,LB,26,76,fc26,10.0,15.0,2.6,False,2028,False,appearances,Spain
Jens Odgaard,Bologna,serie-a,AM,27,76,fc26,10.0,15.0,1.5,False,2029,False,appearances,Denmark
Nicolò Cambiaghi,Bologna,serie-a,LW,25,73,fc26,10.0,18.0,1.1,False,2029,False,appearances,Italy
Jhon Lucumí,Bologna,serie-a,CB,28,76,fc26,10.0,17.0,1.0,False,2027,False,appearances,Colombia
Benjamín Domínguez,Bologna,serie-a,LW,22,73,fc26,10.0,12.0,0.7,False,2029,False,appearances,Argentina
Álvaro Morata,Como,serie-a,ST,33,81,fc26,10.0,16.0,8.3,False,2029,False,citizenship-window-invisible,Spain
Stefan Posch,Mainz,bundesliga,CB,29,79,fc26,10.0,14.0,1.0,False,2029,False,appearances,Austria
Lucas Da Cunha,Como,serie-a,CM,25,74,fc26,10.0,15.0,0.8,False,2029,False,appearances,France
Roberto Piccoli,Fiorentina,serie-a,ST,25,75,fc26,10.0,18.0,3.0,False,2030,False,appearances,Italy
Vitinha,Genoa,serie-a,ST,26,75,fc26,10.0,14.0,3.3,False,2028,False,appearances,Portugal
Morten Frendrup,Genoa,serie-a,CM,25,76,fc26,10.0,15.0,1.0,False,2028,False,appearances,Denmark
Tommaso Baldanzi,Genoa,serie-a,AM,23,75,fc26,10.0,10.0,1.0,False,2027,False,appearances,Italy
Andy Diouf,Inter Milan,serie-a,CM,23,75,fc26,10.0,9.0,3.7,False,2030,False,appearances,France
Kristjan Asllani,Inter Milan,serie-a,CM,24,74,fc26,10.0,13.0,2.8,False,2028,False,appearances,Albania
Fabio Miretti,Juventus,serie-a,CM,22,74,fc26,10.0,14.0,1.9,False,2028,False,appearances,Italy
Alessio Romagnoli,Lazio,serie-a,CB,31,82,fc26,10.0,7.0,5.6,False,2027,False,appearances,Italy
Boulaye Dia,Lazio,serie-a,ST,29,80,fc26,10.0,10.0,4.2,False,2028,False,appearances,Senegal
Tiago Gabriel,Lecce,serie-a,CB,21,73,value-fit,10.0,15.0,0.3,False,2027,False,appearances,Portugal
Giovanni Di Lorenzo,Napoli,serie-a,RB,32,83,fc26,10.0,10.0,5.6,False,2028,False,citizenship-window-invisible,Italy
Adrián Bernabé,Parma,serie-a,CM,25,74,fc26,10.0,15.0,1.0,False,2027,False,appearances,Spain
Nicolas Trabucchi,Parma,serie-a,CB,18,71,position-median,10.0,,1.0,False,2028,False,appearances,Italy
Niccolò Pisilli,Roma,serie-a,CM,21,72,fc26,10.0,12.0,3.5,False,2029,False,appearances,Italy
Neil El Aynaoui,Roma,serie-a,CM,25,77,fc26,10.0,8.0,2.8,False,2030,False,appearances,Morocco
Domenico Berardi,Sassuolo,serie-a,RW,31,82,fc26,10.0,10.0,5.6,False,2029,False,appearances,Italy
Andrea Pinamonti,Sassuolo,serie-a,ST,27,75,fc26,10.0,15.0,4.4,False,2027,False,appearances,Italy
Ché Adams,Torino,serie-a,ST,29,77,fc26,10.0,18.0,3.3,False,2027,False,appearances,Scotland
Cesare Casadei,Torino,serie-a,CM,23,74,fc26,10.0,14.0,2.8,False,2029,False,appearances,Italy
Nikola Vlašić,Torino,serie-a,AM,28,79,fc26,10.0,10.0,2.6,False,2027,False,appearances,Croatia
Nicolò Zaniolo,Udinese,serie-a,ST,27,76,fc26,10.0,13.0,3.3,False,2029,False,appearances,Italy
Arthur Atta,Fiorentina,serie-a,CM,23,69,fc26,25.0,15.0,0.6,False,2029,False,appearances,France
Finn Dahmen,Augsburg,bundesliga,GK,28,77,fc26,9.5,12.0,2.3,False,2027,False,appearances,Germany
Alexis Claude-Maurice,Augsburg,bundesliga,AM,28,77,fc26,9.5,12.0,1.7,False,2027,False,appearances,France
Karl Steinmann,Freiburg,bundesliga,RB,20,72,position-median,9.5,,1.3,False,2027,False,citizenship-window-invisible,Germany
Jakub Kaminski,Benfica,primeira-liga,LW,24,74,fc26,9.5,12.0,1.8,False,2030,False,appearances,Poland
Eric Martel,Mainz,bundesliga,CM,24,76,fc26,9.5,7.5,2.5,False,2027,False,appearances,Germany
Wael Mohya,Monchengladbach,bundesliga,AM,17,70,salary-fit,9.5,,1.7,False,2027,False,citizenship-window-invisible,Germany
Marco Friedl,Werder Bremen,bundesliga,CB,28,77,fc26,9.5,12.0,3.0,False,2028,False,appearances,Austria
Kasper Dolberg,Ajax,eredivisie,ST,28,77,fc26,9.5,12.0,3.5,False,2029,False,appearances,Denmark
Ryan van de Pavert,Cambuur Leeuwarden,eredivisie,RB,20,72,position-median,9.5,,0.6,False,2027,False,citizenship-window-invisible,Netherlands
Oualid Agougil,Utrecht,eredivisie,CM,20,72,position-median,9.5,,0.6,False,2029,False,appearances,Morocco
Raphaël Guerreiro,Free agent,free-agent,LB,32,80,fc26,9.5,12.0,3.3,False,2026,False,citizenship-window-invisible,Portugal
Sergio Canales,Racing Santander,la-liga,AM,35,82,value-fit,9.5,13.0,4.7,False,2028,False,citizenship-window-invisible,Spain
Rodrigo Riquelme,Real Betis,la-liga,LW,26,77,fc26,9.5,8.0,3.1,False,2030,False,appearances,Spain
Jorge Cestero,Real Madrid,la-liga,CM,20,72,position-median,9.5,,1.0,False,2028,False,appearances,Spain
Enzo Koffi,Le Havre,ligue-1,LB,20,72,position-median,9.5,,1.1,False,2027,False,appearances,France
Sofiane Diop,Nice,ligue-1,LW,26,76,fc26,9.5,10.0,4.4,False,2027,False,appearances,Morocco
Lilian Brassier,Rennes,ligue-1,CB,26,76,fc26,9.5,10.0,2.7,False,2029,False,appearances,France
Anthony Rouault,Rennes,ligue-1,CB,25,76,fc26,9.5,9.0,1.8,False,2029,False,appearances,France
Mathis Amougou,Strasbourg,ligue-1,CM,20,72,fc26,9.5,,1.1,False,2030,False,appearances,France
Diogo Sousa,Strasbourg,ligue-1,CM,20,72,position-median,9.5,,1.1,False,2031,False,citizenship-no-tm,Portugal
Kosta Nedeljkovic,Aston Villa,premier-league,RB,20,72,fc26,9.5,,1.2,False,2029,False,appearances,Serbia
Juma Bah,Manchester City,premier-league,CB,20,72,fc26,9.5,,1.6,False,2031,False,appearances,Sierra Leone
Luke Shaw,Manchester United,premier-league,LB,30,79,fc26,9.5,10.0,9.1,False,2027,True,appearances,England
Gu Costa,Academico Viseu,primeira-liga,LB,20,72,position-median,9.5,,0.6,False,2029,False,citizenship-no-tm,Portugal
Toni Tamarit,Alverca,primeira-liga,RB,20,72,position-median,9.5,,0.6,False,2030,False,citizenship-no-tm,Spain
Clément Lenglet,Benfica,primeira-liga,CB,31,80,fc26,9.5,10.0,3.9,False,2027,False,appearances,France
Alexander Bah,Benfica,primeira-liga,RB,28,78,fc26,9.5,9.0,1.6,False,2029,False,appearances,Denmark
Gianluca Prestianni,Benfica,primeira-liga,RW,20,71,fc26,9.5,12.0,1.2,False,2029,False,appearances,Argentina
Noah Mawete,Beveren,pro-league,CM,20,72,position-median,9.5,,0.5,False,2028,False,citizenship-no-tm,Democratic Republic of the Congo
Yassine Khalifi,Charleroi,pro-league,CM,20,72,position-median,9.5,,0.5,False,2027,False,appearances,Morocco
Abdoul Ayinde,Gent,pro-league,LB,20,72,position-median,9.5,,0.5,False,2027,False,appearances,Burkina Faso
Jules Ahoka,Royal Antwerp,pro-league,CM,20,72,position-median,9.5,,0.5,False,2029,False,appearances,Democratic Republic of the Congo
Eran Tuypens,Royal Antwerp,pro-league,LB,20,72,position-median,9.5,,0.5,False,2029,False,appearances,Belgium
Laurens Goemaere,Standard Liege,pro-league,CM,20,72,position-median,9.5,,0.5,False,2030,False,citizenship-no-tm,Belgium
Koni De Winter,AC Milan,serie-a,CB,24,74,fc26,9.5,12.0,3.1,False,2030,False,appearances,Belgium
Sebastiano Esposito,Cagliari,serie-a,ST,24,75,fc26,9.5,9.0,1.1,False,2030,False,appearances,Italy
Giovanni Fabbian,Fiorentina,serie-a,AM,23,74,fc26,9.5,10.0,3.0,False,2030,False,appearances,Italy
Robert Andrich,Bayer Leverkusen,bundesliga,CM,31,81,fc26,9.0,7.0,3.8,False,2028,False,appearances,Germany
Ken Izekor,Bayer Leverkusen,bundesliga,ST,19,71,position-median,9.0,,1.1,False,2027,False,appearances,Germany
Patrick Osterhage,Freiburg,bundesliga,CM,26,75,fc26,9.0,12.0,1.7,False,2027,False,appearances,Germany
Willi Orbán,Leipzig,bundesliga,CB,33,84,fc26,9.0,6.0,5.7,False,2027,False,citizenship-window-invisible,Hungary
Andrija Maksimovic,Leipzig,bundesliga,AM,19,71,fc26,9.0,,1.1,False,2030,False,appearances,Serbia
Anthony Caci,Mainz,bundesliga,RB,29,78,fc26,9.0,10.0,1.9,False,2028,False,appearances,France
Chris Führich,Stuttgart,bundesliga,LW,28,77,fc26,9.0,10.0,3.4,False,2028,False,appearances,Germany
Julien Friedrich,Union Berlin,bundesliga,LW,19,71,position-median,9.0,,1.1,False,2027,False,citizenship-no-tm,Germany
Mekhi Gray,Union Berlin,bundesliga,ST,19,71,position-median,9.0,,1.1,False,2027,False,citizenship-no-tm,Jamaica
Zeno Van Den Bosch,Union Berlin,bundesliga,CB,22,74,fc26,9.0,8.0,1.8,False,2027,False,appearances,Belgium
Darwin Soylu,Werder Bremen,bundesliga,AM,19,71,position-median,9.0,,1.1,False,2027,False,citizenship-no-tm,Turkey
Kenny Quetant,Werder Bremen,bundesliga,ST,19,71,position-median,9.0,,1.1,False,2030,False,appearances,France
Jesse Bal,ADO Den Haag,eredivisie,ST,19,71,position-median,9.0,,0.5,False,2027,False,citizenship-no-tm,Netherlands
Illaijh de Ruijter,ADO Den Haag,eredivisie,LW,19,71,position-median,9.0,,0.5,False,2028,False,citizenship-no-tm,Netherlands
Dani van Loenen,ADO Den Haag,eredivisie,LW,19,71,position-median,9.0,,0.5,False,2029,False,citizenship-no-tm,Netherlands
Iwan Henstra,Cambuur Leeuwarden,eredivisie,RW,19,71,position-median,9.0,,0.5,False,2028,False,citizenship-no-tm,Netherlands
Ismaël Baouf,Cambuur Leeuwarden,eredivisie,CB,19,71,position-median,9.0,,0.5,False,2028,False,citizenship-no-tm,Morocco
Wiebe Kooistra,Cambuur Leeuwarden,eredivisie,RW,19,71,position-median,9.0,,0.5,False,2027,False,citizenship-no-tm,Netherlands
Yoann Cathline,Utrecht,eredivisie,LW,23,75,fc26,9.0,7.0,0.5,False,2029,False,appearances,France
Emmanuel Chigozie Owen,Utrecht,eredivisie,RW,19,71,position-median,9.0,,0.5,False,2030,False,citizenship-window-invisible,Germany
Ferdinand Pohl,Utrecht,eredivisie,CB,19,71,position-median,9.0,,0.5,False,2029,False,citizenship-window-invisible,Germany
Jamie Schuldes,Utrecht,eredivisie,CB,19,71,position-median,9.0,,0.5,False,2030,False,citizenship-no-tm,Germany
Lasse Abildgaard,Willem II,eredivisie,RW,19,71,position-median,9.0,,0.5,False,2028,False,citizenship-no-tm,Denmark
Uriël van Aalst,Willem II,eredivisie,AM,19,71,position-median,9.0,,0.5,False,2028,False,appearances,Netherlands
Dani Ceballos,Free agent,free-agent,CM,29,81,fc26,9.0,6.0,4.0,False,2026,False,appearances,Spain
Hugo Sotelo,Celta Vigo,la-liga,CM,22,73,fc26,9.0,9.0,0.7,False,2028,False,appearances,Spain
Pep Chavarría,Chelsea,premier-league,LB,28,77,fc26,9.0,10.0,1.7,False,2030,False,appearances,Spain
Nicolas Pépé,Villarreal,la-liga,RW,31,80,fc26,9.0,8.5,3.5,False,2028,False,appearances,Cote d'Ivoire
Ayoze Pérez,Villarreal,la-liga,ST,32,83,fc26,9.0,6.0,3.1,False,2028,False,citizenship-window-invisible,Spain
Luiz Júnior,Villarreal,la-liga,GK,25,77,fc26,9.0,6.0,2.1,False,2030,False,appearances,Brazil
Santiago Mouriño,Villarreal,la-liga,RB,24,74,fc26,9.0,10.0,1.2,False,2030,False,appearances,Uruguay
Hugo López,Villarreal,la-liga,LW,19,71,position-median,9.0,,0.8,False,2027,False,appearances,Spain
Joris Chotard,Brest,ligue-1,CM,24,74,fc26,9.0,10.0,1.4,False,2029,False,appearances,France
Félix Correia,Lille,ligue-1,LW,25,75,fc26,9.0,10.0,1.3,False,2029,False,appearances,Portugal
Gerónimo Rulli,Manchester City,premier-league,GK,34,82,fc26,9.0,9.0,2.7,False,2027,False,citizenship-window-invisible,Argentina
Breel Embolo,Rennes,ligue-1,ST,29,77,fc26,9.0,12.0,5.1,False,2029,False,appearances,Switzerland
Brice Samba,Rennes,ligue-1,GK,32,80,fc26,9.0,10.0,5.1,False,2029,False,appearances,France
Ben Chilwell,Strasbourg,ligue-1,LB,29,77,fc26,9.0,12.0,3.6,False,2027,True,citizenship-plus-appearances,England
Julián Araujo,Bournemouth,premier-league,RB,24,74,fc26,9.0,10.0,1.5,False,2029,False,appearances,Mexico
Daichi Kamada,Crystal Palace,premier-league,AM,29,77,fc26,9.0,12.0,6.4,False,2027,False,appearances,Japan
Lucas Perri,Leeds,premier-league,GK,28,81,fc26,9.0,6.0,3.0,False,2029,False,appearances,Brazil
Brenden Aaronson,Leeds,premier-league,AM,25,74,fc26,9.0,12.0,2.7,False,2027,False,appearances,United States
Joël Piroe,Leeds,premier-league,ST,26,75,fc26,9.0,12.0,2.4,False,2027,False,appearances,Suriname
Ryan Yates,Nottingham Forest,premier-league,CM,28,77,fc26,9.0,10.0,3.0,False,2028,True,citizenship-plus-appearances,England
Jonas Wind,Braga,primeira-liga,ST,27,78,fc26,9.0,7.0,1.4,False,2029,False,appearances,Denmark
Luisinho,Braga,primeira-liga,AM,19,71,position-median,9.0,,0.5,False,2028,False,appearances,Portugal
Koby Mottoh,Moreirense,primeira-liga,ST,19,71,position-median,9.0,,0.5,False,2027,False,citizenship-no-tm,England
Francisco Moura,Porto,primeira-liga,LB,26,78,fc26,9.0,6.0,0.9,False,2029,False,appearances,Portugal
Krys Kouassi,Cercle Brugges,pro-league,RW,19,71,position-median,9.0,,0.4,False,2030,False,appearances,France
Joel Ordóñez,Club Brugges,pro-league,CB,22,75,fc26,9.0,6.0,0.8,False,2029,False,appearances,Ecuador
Bryan Heynen,Genk,pro-league,CM,29,78,fc26,9.0,10.0,1.3,False,2029,False,appearances,Belgium
Ilian Temperman,Kortrijk,pro-league,ST,19,71,position-median,9.0,,0.4,False,2028,False,citizenship-no-tm,Belgium
Noah Makembo-Ntemo,La Louviere,pro-league,AM,19,71,position-median,9.0,,0.4,False,2027,False,appearances,Belgium
Alexander Reumers,Lommel,pro-league,ST,19,71,position-median,9.0,,0.4,False,2028,False,citizenship-no-tm,Belgium
Illyès Benachour,Sint-Truidense,pro-league,AM,19,71,position-median,9.0,,0.4,False,2029,False,citizenship-window-invisible,Morocco
Michée Ndembi,Westerlo,pro-league,CB,19,71,position-median,9.0,,0.4,False,2029,False,citizenship-window-invisible,Belgium
Karol Borys,Westerlo,pro-league,AM,19,71,position-median,9.0,,0.4,False,2027,False,citizenship-no-tm,Poland
Martin Vitík,Bologna,serie-a,CB,23,74,fc26,9.0,,1.1,False,2029,False,appearances,Czech Republic
Sebastiano Di Paolo,Cagliari,serie-a,RW,19,71,position-median,9.0,,1.0,False,2029,False,citizenship-no-tm,Italy
Paul Mendy,Cagliari,serie-a,ST,19,71,position-median,9.0,,1.0,False,2031,False,appearances,Senegal
Andrés Cuenca,Como,serie-a,CB,19,71,position-median,9.0,,1.0,False,2030,False,appearances,Spain
Fabiano Parisi,Fiorentina,serie-a,LB,25,75,fc26,9.0,9.5,3.1,False,2029,False,appearances,Italy
Riccardo Braschi,Fiorentina,serie-a,ST,19,71,position-median,9.0,,1.0,False,2027,False,appearances,Italy
Piotr Zielinski,Inter Milan,serie-a,CM,32,80,fc26,9.0,10.0,8.3,False,2028,False,appearances,Poland
Devyne Rensch,Roma,serie-a,RB,23,74,fc26,9.0,8.5,2.2,False,2029,False,appearances,Netherlands
Ismaël Koné,Sassuolo,serie-a,CM,24,72,fc26,9.0,14.0,1.4,False,2030,False,appearances,Canada
Alessio Cacciamani,Torino,serie-a,LW,19,71,position-median,9.0,,1.0,False,2029,False,appearances,Italy
Idrissa Gueye,Udinese,serie-a,ST,19,71,position-median,9.0,,1.0,False,2030,False,citizenship-no-tm,Senegal
Emre Can,Borussia Dortmund,bundesliga,CB,32,82,fc26,8.5,6.0,6.4,False,2027,False,appearances,Germany
Matthias Ginter,Freiburg,bundesliga,CB,32,82,fc26,8.5,6.0,5.7,False,2027,False,appearances,Germany
Max Rosenfelder,Freiburg,bundesliga,CB,23,74,fc26,8.5,8.0,1.5,False,2027,False,appearances,Germany
Lukas Ullrich,Monchengladbach,bundesliga,LB,22,74,fc26,8.5,7.0,1.5,False,2029,False,appearances,Germany
Giovanni Reyna,Strasbourg,ligue-1,AM,23,75,fc26,8.5,6.0,1.1,False,2028,False,appearances,United States
Senne Lynen,Werder Bremen,bundesliga,CM,27,76,fc26,8.5,10.0,2.6,False,2027,False,appearances,Belgium
Wouter Goes,AZ Alkmaar,eredivisie,CB,22,77,fc26,8.5,5.0,0.4,False,2028,False,appearances,Netherlands
Jesús Areso,Athletic Club,la-liga,RB,27,76,fc26,8.5,10.0,2.1,False,2031,False,appearances,Spain
Sebastián Boselli,Getafe,la-liga,CB,22,73,fc26,8.5,,0.5,False,2030,False,appearances,Uruguay
Marc Roca,Real Betis,la-liga,CM,29,78,fc26,8.5,9.0,2.5,False,2029,False,appearances,Spain
Igor Zubeldia,Real Sociedad,la-liga,CB,29,78,fc26,8.5,9.0,3.1,False,2029,False,appearances,Spain
Arnaut Danjuma,Valencia,la-liga,LW,29,75,fc26,8.5,13.0,1.9,False,2028,False,appearances,Netherlands
Gerard Moreno,Villarreal,la-liga,ST,34,81,fc26,8.5,10.0,3.8,False,2027,False,citizenship-window-invisible,Spain
Pape Gueye,Villarreal,la-liga,CM,27,78,fc26,8.5,6.0,3.1,False,2028,False,appearances,Senegal
Ainsley Maitland-Niles,Lyon,ligue-1,RB,28,77,fc26,8.5,9.0,3.6,False,2027,True,appearances,England
Julien Duranville,Lyon,ligue-1,LW,20,72,fc26,8.5,7.5,1.1,False,2031,False,appearances,Belgium
Takumi Minamino,Monaco,ligue-1,LW,31,78,fc26,8.5,12.0,4.4,False,2027,False,appearances,Japan
Mohammed Salisu,Monaco,ligue-1,CB,27,76,fc26,8.5,10.0,3.2,False,2028,False,appearances,Ghana
Youssouf Ndayishimiye,Nice,ligue-1,CB,27,77,fc26,8.5,8.0,2.7,False,2027,False,appearances,Burundi
Moïse Bombito,Nice,ligue-1,CB,26,76,fc26,8.5,8.0,1.6,False,2028,False,appearances,Canada
Ben Gannon-Doak,Bournemouth,premier-league,RW,20,71,fc26,8.5,10.0,1.8,False,2030,False,appearances,Scotland
Chadi Riad,Crystal Palace,premier-league,CB,23,72,fc26,8.5,12.0,1.8,False,2029,False,appearances,Morocco
Azor Matusiwa,Ipswich Town,premier-league,CM,28,76,fc26,8.5,11.0,1.8,False,2029,False,appearances,Netherlands
Daniel James,Leeds,premier-league,RW,28,76,fc26,8.5,12.0,4.6,False,2029,True,citizenship-plus-appearances,Wales
Stefan Bajcetic,Liverpool,premier-league,CM,21,73,fc26,8.5,7.0,2.4,False,2027,True,override,Spain
Chris Wood,Nottingham Forest,premier-league,ST,34,82,fc26,8.5,8.0,5.5,False,2027,False,citizenship-window-invisible,New Zealand
Stephen Eustaquio,Porto,primeira-liga,CM,29,77,fc26,8.5,11.0,1.2,False,2027,False,appearances,Canada
Luís Guilherme,Sporting Lisbon,primeira-liga,RW,20,71,fc26,8.5,10.0,2.0,False,2030,False,appearances,Brazil
Rui Silva,Sporting Lisbon,primeira-liga,GK,32,81,fc26,8.5,8.0,1.1,False,2028,False,appearances,Portugal
Matte Smets,Genk,pro-league,CB,22,76,fc26,8.5,5.0,1.0,False,2028,False,appearances,Belgium
Mathias Delorge,Gent,pro-league,CM,21,72,fc26,8.5,9.0,0.5,False,2028,False,appearances,Belgium
Emil Holm,Bologna,serie-a,RB,26,74,fc26,8.5,13.0,1.0,False,2028,False,appearances,Sweden
Álex Valle,Como,serie-a,LB,22,72,fc26,8.5,10.0,0.6,False,2029,False,appearances,Spain
Andrea Colpani,Monza,serie-a,AM,27,78,fc26,8.5,6.0,2.2,False,2028,False,appearances,Italy
Matteo Politano,Napoli,serie-a,RW,32,81,fc26,8.5,8.0,6.5,False,2028,False,citizenship-window-invisible,Italy
Giovane,Napoli,serie-a,ST,22,73,salary-fit,8.5,,2.2,False,2030,False,appearances,Brazil
Mandela Keita,Parma,serie-a,CM,24,73,fc26,8.5,12.0,1.4,False,2029,False,appearances,Belgium
Lennon Miller,Udinese,serie-a,CM,19,71,fc26,8.5,8.0,0.7,False,2030,False,appearances,Scotland
Fabian Rieder,Augsburg,bundesliga,AM,24,74,fc26,8.0,8.0,1.5,False,2030,False,appearances,Switzerland
Mert Kömür,Augsburg,bundesliga,AM,20,68,fc26,8.0,12.0,0.7,False,2029,False,appearances,Germany
Jeanuël Belocian,Bayer Leverkusen,bundesliga,CB,21,70,fc26,8.0,12.0,1.5,False,2029,False,appearances,France
Oscar Højlund,Eintracht Frankfurt,bundesliga,CM,21,72,fc26,8.0,7.5,0.5,False,2029,False,appearances,Denmark
Kofi Amoako,Hamburg,bundesliga,CM,21,72,position-median,8.0,,1.3,False,2027,False,citizenship-no-tm,Germany
Ridle Baku,Leipzig,bundesliga,RB,28,78,fc26,8.0,7.0,3.8,False,2027,False,appearances,Germany
Joe Scally,Monchengladbach,bundesliga,RB,23,74,fc26,8.0,7.0,1.5,False,2027,False,appearances,United States
Josha Vagnoman,Stuttgart,bundesliga,RB,25,74,fc26,8.0,10.0,2.8,False,2028,False,appearances,Germany
Ko Itakura,Ajax,eredivisie,CB,29,77,fc26,8.0,10.0,3.5,False,2029,False,appearances,Japan
Jorthy Mokio,Ajax,eredivisie,CM,18,70,fc26,8.0,8.0,0.8,False,2031,False,citizenship-window-invisible,Democratic Republic of the Congo
Daan Visser,Cambuur Leeuwarden,eredivisie,CM,21,72,position-median,8.0,,0.6,False,2029,False,citizenship-no-tm,Netherlands
Morgan Costarelli,Cambuur Leeuwarden,eredivisie,LB,21,72,position-median,8.0,,0.6,False,2029,False,citizenship-window-invisible,France
Jakub Moder,Feyenoord,eredivisie,CM,27,75,fc26,8.0,10.0,1.2,False,2028,False,appearances,Poland
Wout Faes,Free agent,free-agent,CB,28,73,fc26,8.0,12.0,1.1,False,2026,False,appearances,Belgium
Antonio Blanco,Alaves,la-liga,CM,25,74,fc26,8.0,10.0,1.1,False,2027,False,appearances,Spain
David Affengruber,Elche,la-liga,CB,25,75,fc26,8.0,,0.9,False,2027,False,appearances,Austria
Roger Hinojo,Espanyol,la-liga,LB,21,72,position-median,8.0,,1.0,False,2030,False,appearances,Spain
Xavi Grande,Levante,la-liga,RB,21,72,position-median,8.0,,1.0,False,2028,False,citizenship-no-tm,Spain
Edgar Alcañiz,Levante,la-liga,CM,21,72,position-median,8.0,,1.0,False,2028,False,citizenship-no-tm,Spain
Jon Moncayola,Osasuna,la-liga,CM,28,78,fc26,8.0,7.0,1.5,False,2031,False,appearances,Spain
Pablo García,Real Betis,la-liga,RW,20,70,value-fit,8.0,10.0,0.6,False,2029,False,appearances,Spain
Jon Aramburu,Real Sociedad,la-liga,RB,23,77,fc26,8.0,5.0,2.1,False,2030,False,appearances,Venezuela
Arouna Sangante,Sevilla,la-liga,CB,24,73,fc26,8.0,10.0,1.1,False,2031,False,appearances,Senegal
André Almeida,Valencia,la-liga,AM,26,75,fc26,8.0,9.0,1.7,False,2029,False,appearances,Portugal
Clément Akpa,Auxerre,ligue-1,CB,24,74,fc26,8.0,8.0,0.9,False,2028,False,appearances,Cote d'Ivoire
Robin Risser,Lens,ligue-1,GK,21,71,fc26,8.0,10.0,0.7,False,2030,False,appearances,France
Dominik Greif,Lyon,ligue-1,GK,29,78,fc26,8.0,8.0,1.8,False,2029,False,appearances,Slovakia
Neal Maupay,Marseille,ligue-1,ST,29,75,fc26,8.0,12.0,3.0,False,2028,False,appearances,France
Gabriel Moscardo,PSG,ligue-1,CM,20,72,fc26,8.0,7.0,0.9,False,2028,False,appearances,Brazil
Valentin Rongier,Rennes,ligue-1,CM,31,79,fc26,8.0,9.0,4.0,False,2028,False,appearances,France
Lucas Digne,Aston Villa,premier-league,LB,32,80,fc26,8.0,8.0,8.2,False,2028,False,citizenship-window-invisible,France
Lamare Bogarde,Aston Villa,premier-league,CM,22,71,fc26,8.0,12.0,1.8,False,2028,True,appearances,Netherlands
Ryan Christie,Bournemouth,premier-league,CM,31,79,fc26,8.0,9.0,4.6,False,2029,False,appearances,Scotland
David Brooks,Bournemouth,premier-league,RW,28,75,fc26,8.0,12.0,3.0,False,2029,True,citizenship-plus-appearances,Wales
Antoni Milambo,Brentford,premier-league,AM,21,73,fc26,8.0,6.0,1.8,False,2030,False,appearances,Netherlands
Aarón Anselmino,Chelsea,premier-league,CB,21,70,fc26,8.0,12.0,2.1,False,2031,False,appearances,Argentina
Matheus França,Crystal Palace,premier-league,AM,22,72,value-fit,8.0,9.0,1.6,False,2028,False,appearances,Brazil
Kenny Tete,Fulham,premier-league,RB,30,77,fc26,8.0,11.0,4.0,False,2028,False,appearances,Netherlands
James Justin,Leeds,premier-league,RB,28,74,fc26,8.0,12.0,2.1,False,2029,True,citizenship-plus-appearances,England
Taiwo Awoniyi,Nottingham Forest,premier-league,ST,28,75,fc26,8.0,12.0,3.0,False,2027,False,appearances,Nigeria
Matz Sels,Nottingham Forest,premier-league,GK,34,83,fc26,8.0,6.0,3.0,False,2028,False,citizenship-window-invisible,Belgium
Noah Sadiki,Sunderland,premier-league,CM,21,74,fc26,8.0,5.0,2.4,False,2030,False,appearances,Democratic Republic of the Congo
Kota Takai,Tottenham,premier-league,CB,21,72,fc26,8.0,,2.0,False,2030,False,appearances,Japan
Samuel Dahl,Benfica,primeira-liga,LB,23,73,fc26,8.0,9.0,2.1,False,2029,False,appearances,Sweden
Víctor Gómez,Braga,primeira-liga,RB,26,76,fc26,8.0,7.0,0.3,False,2028,False,appearances,Spain
Tamás Szűcs,Famalicao,primeira-liga,CM,21,72,position-median,8.0,,0.5,False,2031,False,citizenship-no-tm,Hungary
Josué Souza,Nacional,primeira-liga,CM,21,72,position-median,8.0,,0.5,False,2027,False,citizenship-window-invisible,Brazil
Wout Asselman,Gent,pro-league,CM,21,72,position-median,8.0,,0.5,False,2029,False,citizenship-window-invisible,Belgium
Fuhna Wirsiy Nsolo,Kortrijk,pro-league,RB,21,72,position-median,8.0,,0.5,False,2027,False,citizenship-window-invisible,Belgium
Sam De Grand,Lommel,pro-league,LB,21,72,position-median,8.0,,0.5,False,2028,False,citizenship-no-tm,Netherlands
Djordje Gordic,Lommel,pro-league,CM,21,72,position-median,8.0,,0.5,False,2027,False,citizenship-window-invisible,Serbia
Steeven Assengue,Standard Liege,pro-league,RB,21,72,position-median,8.0,,0.5,False,2027,False,appearances,Belgium
Mario Pašalić,Atalanta,serie-a,CM,31,80,fc26,8.0,7.0,3.7,False,2028,False,appearances,Croatia
Johan Vásquez,Genoa,serie-a,CB,27,75,fc26,8.0,10.0,1.3,False,2028,False,appearances,Mexico
Marlon Ubani,Lecce,serie-a,RB,21,72,position-median,8.0,,1.2,False,2029,False,citizenship-no-tm,Germany
Niko Kovač,Lecce,serie-a,CM,21,72,position-median,8.0,,1.2,False,2029,False,citizenship-window-invisible,Bosnia-Herzegovina
Olaf Gorter,Lecce,serie-a,CM,21,72,position-median,8.0,,1.2,False,2029,False,appearances,Netherlands
Vernon Addo,Lecce,serie-a,LB,21,72,position-median,8.0,,1.2,False,2028,False,citizenship-window-invisible,Netherlands
Rafa Marín,Napoli,serie-a,CB,24,70,fc26,8.0,12.0,2.2,False,2029,False,appearances,Spain
Christian Ordóñez,Parma,serie-a,CM,21,72,fc26,8.0,,0.9,False,2030,False,appearances,Argentina
Mario Hermoso,Roma,serie-a,CB,31,80,fc26,8.0,7.0,6.5,False,2027,False,appearances,Spain
Bryan Cristante,Roma,serie-a,CM,31,80,fc26,8.0,7.0,5.2,False,2027,False,appearances,Italy
Anass Salah-Eddine,Roma,serie-a,LB,24,71,fc26,8.0,12.0,0.9,False,2028,False,appearances,Morocco
Marcel Sabitzer,Borussia Dortmund,bundesliga,CM,32,80,fc26,7.5,7.0,7.5,False,2027,False,appearances,Austria
Ellyes Skhiri,Eintracht Frankfurt,bundesliga,CM,31,80,fc26,7.5,6.0,3.4,False,2027,False,appearances,Tunisia
Philipp Treu,Freiburg,bundesliga,RB,25,74,fc26,7.5,8.0,2.5,False,2027,False,appearances,Germany
Gift Emmanuel Orban,Hoffenheim,bundesliga,ST,23,73,salary-fit,7.5,,2.1,False,2029,False,citizenship-no-tm,Nigeria
Otto Ruoppi,Mainz,bundesliga,AM,20,71,position-median,7.5,,1.1,False,2030,False,citizenship-no-tm,Finland
Nico Elvedi,Monchengladbach,bundesliga,CB,29,77,fc26,7.5,8.0,3.6,False,2027,False,appearances,Switzerland
Tim van der Leij,Stuttgart,bundesliga,ST,20,71,position-median,7.5,,1.1,False,2030,False,citizenship-no-tm,Netherlands
Felix Agu,Werder Bremen,bundesliga,LB,26,75,fc26,7.5,8.0,1.7,False,2027,False,appearances,Nigeria
Maher Carrizo,Ajax,eredivisie,RW,20,71,fc26,7.5,,0.6,False,2030,False,appearances,Argentina
Fabian Kvam,Cambuur Leeuwarden,eredivisie,LW,20,71,position-median,7.5,,0.5,False,2028,False,citizenship-no-tm,Norway
Skye Vink,Cambuur Leeuwarden,eredivisie,ST,20,71,position-median,7.5,,0.5,False,2029,False,citizenship-no-tm,Netherlands
Kevin Kers,NEC Nijmegen,eredivisie,LW,20,71,position-median,7.5,,0.5,False,2027,False,citizenship-window-invisible,Netherlands
Merijn van de Wiel,NEC Nijmegen,eredivisie,CB,20,71,position-median,7.5,,0.5,False,2028,False,appearances,Netherlands
Paulo Dybala,Free agent,free-agent,ST,32,86,fc26,7.5,5.0,9.6,False,2026,False,citizenship-window-invisible,Argentina
Thomas Partey,Free agent,free-agent,CM,33,83,fc26,7.5,5.0,5.5,False,2026,False,citizenship-window-invisible,Ghana
Wojciech Szczesny,Barcelona,la-liga,GK,36,84,fc26,7.5,6.0,3.0,False,2027,False,citizenship-window-invisible,Poland
Gerard Martín,Barcelona,la-liga,CB,24,74,fc26,7.5,,1.6,False,2028,False,appearances,Spain
Williot Swedberg,Celta Vigo,la-liga,LW,22,74,fc26,7.5,5.0,1.1,False,2029,False,appearances,Sweden
Diego Llorente,Real Betis,la-liga,CB,32,80,fc26,7.5,7.0,3.1,False,2028,False,citizenship-window-invisible,Spain
Carlos Soler,Real Sociedad,la-liga,CM,29,77,fc26,7.5,8.0,4.2,False,2029,False,appearances,Spain
Kazunari Kita,Real Sociedad,la-liga,CB,20,71,position-median,7.5,,0.8,False,2030,False,citizenship-window-invisible,Japan
Rubén Vargas,Sevilla,la-liga,LW,27,75,fc26,7.5,9.0,3.1,False,2029,False,appearances,Switzerland
Lucien Agoume,Sevilla,la-liga,CM,24,75,fc26,7.5,6.0,2.3,False,2028,False,appearances,France
Kike Salas,Sevilla,la-liga,CB,24,75,fc26,7.5,6.0,2.1,False,2029,False,appearances,Spain
Chidera Ejuke,Sevilla,la-liga,LW,28,78,fc26,7.5,6.0,1.9,False,2027,False,appearances,Nigeria
José Gayà,Valencia,la-liga,LB,31,81,fc26,7.5,5.0,4.6,False,2027,False,appearances,Spain
Mokrane Bentoumi,Le Havre,ligue-1,AM,20,71,position-median,7.5,,1.0,False,2027,False,citizenship-no-tm,Algeria
Gabin Capuano,Lens,ligue-1,ST,20,71,position-median,7.5,,1.0,False,2028,False,appearances,France
Erawan Garnier,Lens,ligue-1,RW,20,71,position-median,7.5,,1.0,False,2027,False,appearances,Thailand
Hamza Igamane,Lille,ligue-1,ST,23,73,fc26,7.5,,1.3,False,2030,False,appearances,Morocco
Enzo Genton,Lorient,ligue-1,CB,20,71,position-median,7.5,,1.0,False,2027,False,citizenship-no-tm,France
Corentin Tolisso,Lyon,ligue-1,CM,31,81,fc26,7.5,5.0,5.5,False,2029,False,appearances,France
Kaïl Boudache,Lyon,ligue-1,RW,20,71,position-median,7.5,,1.0,False,2031,False,appearances,Algeria
Obed Nkambadio,Paris FC,ligue-1,GK,23,73,fc26,7.5,,0.8,False,2027,False,appearances,France
Jonathan Do Marcolino,Rennes,ligue-1,CB,20,71,position-median,7.5,,1.0,False,2028,False,appearances,Gabon
Enes Ünal,Bournemouth,premier-league,ST,29,77,fc26,7.5,8.0,0.9,False,2028,False,appearances,Turkey
Marc Guiu,Chelsea,premier-league,ST,20,71,fc26,7.5,7.5,3.0,False,2029,False,appearances,Spain
Issa Diop,Ipswich Town,premier-league,CB,29,76,fc26,7.5,10.0,4.3,False,2027,False,appearances,Morocco
Lukas Nmecha,Leeds,premier-league,ST,27,76,fc26,7.5,8.0,2.1,False,2027,False,appearances,Germany
Ao Tanaka,Leeds,premier-league,CM,27,76,fc26,7.5,,1.5,False,2028,False,appearances,Japan
Konstantinos Tsimikas,Liverpool,premier-league,LB,30,77,fc26,7.5,10.0,4.6,False,2027,False,appearances,Greece
Ayden Heaven,Manchester United,premier-league,CB,19,69,fc26,7.5,10.0,1.5,False,2029,True,citizenship-plus-appearances,England
Trai Hume,Sunderland,premier-league,RB,24,74,fc26,7.5,,2.7,False,2030,False,appearances,Northern Ireland
Souza,Tottenham,premier-league,LB,20,71,salary-fit,7.5,,1.5,False,2031,False,appearances,Brazil
Simão Silva,Academico Viseu,primeira-liga,LW,20,71,position-median,7.5,,0.5,False,2029,False,citizenship-no-tm,Portugal
Lucca Giuntini,Alverca,primeira-liga,AM,20,71,position-median,7.5,,0.5,False,2027,False,citizenship-no-tm,Italy
Amar Dedić,Benfica,primeira-liga,RB,23,73,fc26,7.5,,2.1,False,2030,False,appearances,Bosnia-Herzegovina
Leonardo Lelo,Braga,primeira-liga,LB,26,75,fc26,7.5,8.0,0.8,False,2029,False,appearances,Portugal
Lukas Hornicek,Newcastle,premier-league,GK,23,72,fc26,30.0,10.0,0.6,False,2028,False,appearances,Czech Republic
Gabriel Silva,Braga,primeira-liga,LW,24,74,fc26,7.5,,0.7,False,2031,False,citizenship-no-tm,Brazil
Janderson,Moreirense,primeira-liga,CB,20,71,position-median,7.5,,0.5,False,2031,False,citizenship-no-tm,Brazil
Mateus Iseppe,Nacional,primeira-liga,AM,20,71,position-median,7.5,,0.5,False,2027,False,citizenship-window-invisible,Brazil
Henrique Silva,Santa Clara,primeira-liga,CB,20,71,position-median,7.5,,0.5,False,2027,False,appearances,Brazil
Bas Evers,Gent,pro-league,GK,17,69,position-median,7.5,,0.3,False,2028,False,citizenship-window-invisible,Belgium
Mohamed Boussadia,Kortrijk,pro-league,AM,20,71,position-median,7.5,,0.4,False,2027,False,citizenship-no-tm,France
Leon Lalic,Lommel,pro-league,AM,20,71,position-median,7.5,,0.4,False,2029,False,citizenship-no-tm,Croatia
Álvaro Santos,Lommel,pro-league,LW,20,71,position-median,7.5,,0.4,False,2027,False,citizenship-no-tm,Spain
Frédéric Soèllé Soèllé,Sint-Truidense,pro-league,ST,20,71,position-median,7.5,,0.4,False,2027,False,citizenship-no-tm,Belgium
Adem Zorgane,Union SG,pro-league,CM,26,78,fc26,7.5,5.0,1.3,False,2029,False,appearances,Algeria
Jevon Simons,Zulte Waregem,pro-league,RW,20,71,position-median,7.5,,0.4,False,2027,False,citizenship-no-tm,Netherlands
Sead Kolasinac,Atalanta,serie-a,CB,33,79,fc26,7.5,10.0,2.6,False,2027,False,citizenship-window-invisible,Bosnia-Herzegovina
Wisdom Amey,Bologna,serie-a,CB,20,71,position-median,7.5,,1.0,False,2027,False,citizenship-no-tm,Italy
Robin Gosens,Fiorentina,serie-a,LB,31,80,fc26,7.5,6.0,3.7,False,2028,False,appearances,Germany
Rolando Mandragora,Fiorentina,serie-a,CM,29,77,fc26,7.5,8.5,3.0,False,2028,False,appearances,Italy
Juan Cabal,Juventus,serie-a,LB,25,74,fc26,7.5,9.0,2.2,False,2029,False,appearances,Colombia
Milos Jovic,Lecce,serie-a,ST,20,71,position-median,7.5,,1.0,False,2029,False,citizenship-window-invisible,Serbia
Solomon Loubao,Monza,serie-a,ST,20,71,position-median,7.5,,1.0,False,2030,False,citizenship-no-tm,France
Jens Cajuste,Napoli,serie-a,CM,26,75,fc26,7.5,8.0,1.5,False,2028,False,appearances,Sweden
Luigi D'Avino,Napoli,serie-a,CB,20,71,position-median,7.5,,1.0,False,2027,False,citizenship-no-tm,Italy
Matija Frigan,Parma,serie-a,ST,23,73,fc26,7.5,7.5,1.2,False,2030,False,appearances,Croatia
Jacob Ondrejka,Parma,serie-a,LW,23,73,fc26,7.5,8.0,0.9,False,2029,False,appearances,Sweden
Stefano Turati,Sassuolo,serie-a,GK,24,74,fc26,7.5,7.0,0.8,False,2028,False,appearances,Italy
Borna Knezovic,Sassuolo,serie-a,AM,20,71,position-median,7.5,,1.0,False,2027,False,citizenship-no-tm,Croatia
Duván Zapata,Torino,serie-a,ST,35,82,fc26,7.5,8.0,3.3,False,2028,False,citizenship-window-invisible,Colombia
Saúl Coco,Torino,serie-a,CB,27,76,fc26,7.5,8.0,1.9,False,2029,False,appearances,Equatorial Guinea
Lorenzo Berardi,Venezia,serie-a,LW,20,71,position-median,7.5,,1.0,False,2031,False,citizenship-no-tm,Italy
Ramy Bensebaini,Borussia Dortmund,bundesliga,CB,31,79,fc26,7.0,7.0,4.5,False,2027,False,appearances,Algeria
Jan-Niklas Beste,Freiburg,bundesliga,RW,27,76,fc26,7.0,7.0,3.4,False,2030,False,appearances,Germany
Eren Dinkçi,Freiburg,bundesliga,RW,24,74,fc26,7.0,6.0,1.3,False,2027,False,appearances,Turkey
Shuto Machino,Monchengladbach,bundesliga,ST,26,75,fc26,7.0,7.0,2.3,False,2029,False,appearances,Japan
Zento Uno,Monchengladbach,bundesliga,CM,22,72,position-median,7.0,,1.3,False,2030,False,citizenship-window-invisible,Japan
Martin Wasinski,Schalke 04,bundesliga,RB,22,72,position-median,7.0,,1.3,False,2028,False,citizenship-no-tm,Belgium
Atakan Karazor,Stuttgart,bundesliga,CM,29,76,fc26,7.0,9.0,2.8,False,2028,False,appearances,Turkey
Aljoscha Kemlein,Union Berlin,bundesliga,CM,21,70,fc26,7.0,9.0,0.9,False,2029,False,appearances,Germany
Samuel Mbangula,Werder Bremen,bundesliga,LW,22,72,fc26,7.0,,2.1,False,2030,False,appearances,Belgium
Mateo Chávez,AZ Alkmaar,eredivisie,LB,22,72,fc26,7.0,,0.5,False,2030,False,appearances,Mexico
Oussama Targhalline,Feyenoord,eredivisie,CM,24,73,fc26,7.0,8.0,0.9,False,2028,False,appearances,Morocco
Thomas Beelen,Feyenoord,eredivisie,CB,25,74,fc26,7.0,7.0,0.8,False,2028,False,appearances,Netherlands
Leo Sauer,Stuttgart,bundesliga,LW,20,72,fc26,7.0,5.0,0.3,False,2028,False,appearances,Slovakia
Sven Simons,Fortuna Sittard,eredivisie,CM,22,72,position-median,7.0,,0.6,False,2029,False,citizenship-no-tm,Netherlands
Darling Bladi,Heerenveen,eredivisie,LB,22,72,position-median,7.0,,0.6,False,2029,False,appearances,France
Matej Kovar,PSV,eredivisie,GK,26,75,fc26,7.0,7.0,1.0,False,2030,False,appearances,Czech Republic
Bart van Rooij,Twente,eredivisie,RB,25,74,fc26,7.0,7.0,0.7,False,2028,False,appearances,Netherlands
Miguel Rodríguez,Alaves,la-liga,RW,23,73,fc26,7.0,6.5,0.6,False,2028,False,appearances,Spain
Selu Diallo,Alaves,la-liga,CM,22,72,position-median,7.0,,1.0,False,2028,False,citizenship-no-tm,Guinea
Yeray Álvarez,Athletic Club,la-liga,CB,31,78,value-fit,7.0,8.0,3.1,False,2028,False,appearances,Spain
Julen Agirrezabala,Athletic Club,la-liga,GK,25,76,fc26,7.0,5.0,2.7,False,2027,False,appearances,Spain
Robert Navarro,Athletic Club,la-liga,RW,24,74,fc26,7.0,6.0,1.0,False,2030,False,appearances,Spain
Koke,Atletico Madrid,la-liga,CM,34,81,fc26,7.0,7.0,6.7,False,2027,False,citizenship-window-invisible,Spain
Héctor Fort,Barcelona,la-liga,RB,19,68,fc26,7.0,10.0,1.0,False,2029,False,appearances,Spain
Roony Bardghji,Barcelona,la-liga,RW,20,69,fc26,7.0,10.0,1.0,False,2029,False,appearances,Sweden
Borja Mayoral,Getafe,la-liga,ST,29,77,fc26,7.0,7.5,4.8,False,2027,False,appearances,Spain
Fran Pérez,Rayo Vallecano,la-liga,RW,23,72,fc26,7.0,8.0,0.7,False,2029,False,appearances,Spain
Álvaro Fidalgo,Real Betis,la-liga,CM,29,77,value-fit,7.0,7.0,2.7,False,2030,False,appearances,Mexico
Nelson Deossa,Real Betis,la-liga,CM,26,75,fc26,7.0,,2.3,False,2030,False,appearances,Colombia
Manuel Ángel,Real Madrid,la-liga,CM,22,72,position-median,7.0,,1.0,False,2027,False,appearances,Spain
Beñat Turrientes,Real Sociedad,la-liga,CM,24,73,fc26,7.0,8.0,1.7,False,2030,False,appearances,Spain
Djibril Sow,Genoa,serie-a,CM,29,76,fc26,7.0,9.0,3.1,False,2029,False,appearances,Switzerland
Akor Adams,Venezia,serie-a,ST,26,73,fc26,16.0,10.0,1.9,False,2029,False,appearances,Nigeria
Santi Comesaña,Villarreal,la-liga,CM,29,78,fc26,7.0,6.0,2.3,False,2028,False,appearances,Spain
Romain Del Castillo,Brest,ligue-1,RW,30,76,fc26,7.0,10.0,2.7,False,2027,False,appearances,France
Kamory Doumbia,Brest,ligue-1,AM,23,74,fc26,7.0,5.0,0.7,False,2029,False,appearances,Mali
Ethan Mbappé,Lille,ligue-1,RW,19,69,fc26,7.0,9.0,0.7,False,2027,False,appearances,France
Emerson,Marseille,ligue-1,LB,31,77,fc26,7.0,10.0,3.6,False,2027,False,appearances,Italy
Faris Moumbagna,Marseille,ligue-1,ST,26,73,fc26,7.0,10.0,1.1,False,2028,False,appearances,Cameroon
Maxime Lopez,Paris FC,ligue-1,CM,28,76,fc26,7.0,7.5,1.6,False,2027,False,appearances,France
Gabriel Oualengbe,Paris FC,ligue-1,CM,22,72,position-median,7.0,,1.1,False,2027,False,citizenship-no-tm,Central African Republic
Soumaïla Coulibaly,Strasbourg,ligue-1,CB,22,72,fc26,7.0,7.0,1.0,False,2029,False,appearances,France
Ismaïl Diallo,Toulouse,ligue-1,RB,22,72,position-median,7.0,,1.1,False,2030,False,citizenship-no-tm,France
Kepa Arrizabalaga,Arsenal,premier-league,GK,31,79,fc26,7.0,7.0,3.7,False,2028,False,appearances,Spain
Andrés García,Aston Villa,premier-league,RB,23,73,fc26,7.0,7.0,0.9,False,2029,False,appearances,Spain
Veljko Milosavljevic,Bournemouth,premier-league,CB,19,70,salary-fit,7.0,,1.5,False,2030,False,appearances,Serbia
Romain Esse,Crystal Palace,premier-league,RW,21,70,fc26,7.0,10.0,0.9,False,2030,True,citizenship-plus-appearances,England
James Tarkowski,Everton,premier-league,CB,33,80,fc26,7.0,7.0,7.3,False,2028,True,citizenship-window-invisible,England
Timothy Castagne,Fulham,premier-league,RB,30,76,fc26,7.0,10.0,4.0,False,2027,False,appearances,Belgium
Joe Rodon,Leeds,premier-league,CB,28,76,fc26,7.0,8.0,2.4,False,2028,True,citizenship-plus-appearances,Wales
Maximilian Wöber,Schalke 04,bundesliga,CB,28,75,fc26,7.0,10.0,2.1,False,2027,False,appearances,Austria
Fabian Schär,Newcastle,premier-league,CB,34,82,fc26,7.0,6.0,4.3,False,2027,False,citizenship-window-invisible,Switzerland
Nick Pope,Newcastle,premier-league,GK,34,81,fc26,7.0,7.0,3.7,False,2027,True,citizenship-window-invisible,England
Chris Rigg,Sunderland,premier-league,AM,19,70,fc26,7.0,,2.1,False,2030,True,citizenship-plus-appearances,England
Sikou Niakaté,Braga,primeira-liga,CB,26,76,fc26,7.0,6.0,0.3,False,2028,False,appearances,Mali
Jan Bednarek,Porto,primeira-liga,CB,30,73,fc26,7.0,11.0,2.5,False,2029,False,appearances,Poland
Thauan Lara,Santa Clara,primeira-liga,LB,22,72,position-median,7.0,,0.5,False,2027,False,citizenship-no-tm,Brazil
Rica Rocha,Vitoria SC,primeira-liga,CM,22,72,position-median,7.0,,0.5,False,2028,False,appearances,Portugal
Adriano Bertaccini,Anderlecht,pro-league,ST,25,75,fc26,7.0,6.0,0.8,False,2029,False,appearances,Belgium
Zakaria El Ouahdi,Genk,pro-league,RB,24,76,fc26,7.0,4.5,0.9,False,2028,False,appearances,Morocco
Liam De Smet,Kortrijk,pro-league,CM,22,72,position-median,7.0,,0.5,False,2028,False,citizenship-no-tm,Belgium
Matthew Anderson,Kortrijk,pro-league,LB,22,72,position-median,7.0,,0.5,False,2028,False,citizenship-no-tm,Scotland
Ondrej Kricfalusi,Union SG,pro-league,CM,22,72,position-median,7.0,,0.5,False,2030,False,citizenship-window-invisible,Czech Republic
Tommaso Pobega,Bologna,serie-a,CM,26,74,fc26,7.0,9.0,1.9,False,2028,False,appearances,Italy
Luca Ranieri,Fiorentina,serie-a,CB,27,76,fc26,7.0,7.0,2.2,False,2028,False,appearances,Italy
Leo Østigård,Genoa,serie-a,CB,26,73,fc26,7.0,10.0,1.3,False,2030,False,appearances,Norway
Josep Martínez,Inter Milan,serie-a,GK,28,75,fc26,7.0,9.0,2.8,False,2029,False,appearances,Spain
Vanja Milinković-Savić,Napoli,serie-a,GK,29,79,fc26,7.0,5.0,4.6,False,2030,False,appearances,Serbia
Oliver Sørensen,Parma,serie-a,CM,24,73,fc26,7.0,7.5,1.2,False,2030,False,appearances,Denmark
Marash Kumbulla,Roma,serie-a,CB,26,77,fc26,7.0,4.5,3.3,False,2028,False,appearances,Albania
Daniele Ghilardi,Roma,serie-a,CB,23,72,fc26,7.0,8.0,1.9,False,2030,False,appearances,Italy
Kristian Thorstvedt,Sassuolo,serie-a,CM,27,75,fc26,7.0,8.0,0.8,False,2027,False,appearances,Norway
Zakaria Aboukhlal,Torino,serie-a,RW,26,74,fc26,7.0,9.0,2.0,False,2029,False,appearances,Morocco
Diant Ramaj,Borussia Dortmund,bundesliga,GK,24,73,fc26,6.5,7.0,1.5,False,2029,False,appearances,Germany
Maximilian Eggestein,Freiburg,bundesliga,CM,29,75,fc26,6.5,10.0,4.7,False,2027,False,appearances,Germany
Mio Backhaus,Freiburg,bundesliga,GK,22,67,fc26,6.5,10.0,0.6,False,2027,False,appearances,Germany
Albert Grønbæk,Hamburg,bundesliga,AM,25,74,fc26,6.5,,1.1,False,2030,False,citizenship-no-tm,Denmark
Koki Machida,Hoffenheim,bundesliga,CB,28,76,fc26,6.5,7.0,3.8,False,2029,False,appearances,Japan
Valentin Gendrey,Hoffenheim,bundesliga,RB,26,74,fc26,6.5,7.0,2.5,False,2028,False,appearances,France
Sheraldo Becker,Mainz,bundesliga,LW,31,75,fc26,6.5,10.0,0.8,False,2027,False,appearances,Suriname
Albert Millgramm,Paderborn,bundesliga,LW,21,71,position-median,6.5,,1.1,False,2027,False,citizenship-no-tm,Germany
Steve Noode,Schalke 04,bundesliga,CB,21,71,position-median,6.5,,1.1,False,2029,False,citizenship-window-invisible,Cameroon
Luca Jaquez,Stuttgart,bundesliga,CB,23,69,fc26,6.5,10.0,0.8,False,2029,False,appearances,Switzerland
Sven Mijnans,PSV,eredivisie,AM,26,75,fc26,6.5,6.5,0.6,False,2028,False,appearances,Netherlands
Youri Regeer,Ajax,eredivisie,CM,22,73,fc26,6.5,5.0,0.8,False,2029,False,appearances,Netherlands
Tsuyoshi Watanabe,Feyenoord,eredivisie,CB,29,75,fc26,6.5,10.0,1.0,False,2029,False,appearances,Japan
Jan Plug,Feyenoord,eredivisie,CB,21,71,position-median,6.5,,0.5,False,2028,False,appearances,Netherlands
Charles Vanhoutte,Feyenoord,eredivisie,CM,27,77,fc26,6.5,4.5,1.4,False,2030,False,appearances,Belgium
Nils Eggens,Groningen,eredivisie,ST,21,71,position-median,6.5,,0.5,False,2029,False,appearances,Netherlands
Unai Gómez,Udinese,serie-a,AM,23,73,fc26,6.5,6.0,0.4,False,2028,False,appearances,Spain
Peio Canales,Athletic Club,la-liga,AM,21,71,position-median,6.5,,0.8,False,2027,False,appearances,Spain
Álvaro Cortés,Barcelona,la-liga,CB,21,71,position-median,6.5,,0.8,False,2028,False,appearances,Spain
Ferran Jutglà,Celta Vigo,la-liga,RW,27,75,fc26,6.5,7.5,2.3,False,2029,False,appearances,Spain
Bil Nsongo,Deportivo,la-liga,ST,21,71,position-median,6.5,,0.8,False,2030,False,citizenship-no-tm,Cameroon
Martín Satriano,Getafe,la-liga,ST,25,74,fc26,6.5,6.0,0.9,False,2030,False,appearances,Uruguay
Augusto Batalla,Rayo Vallecano,la-liga,GK,30,79,fc26,6.5,5.0,2.1,False,2030,False,appearances,Argentina
César Palacios,Fulham,premier-league,AM,21,71,position-median,6.5,,0.8,False,2027,False,appearances,Spain
Aihen Muñoz,Real Sociedad,la-liga,LB,28,75,fc26,6.5,8.0,1.7,False,2027,False,appearances,Spain
Jon Martín,Real Sociedad,la-liga,CB,20,68,fc26,6.5,10.0,0.8,False,2031,False,appearances,Spain
Brendan Chardonnet,Brest,ligue-1,CB,31,77,fc26,6.5,8.0,2.7,False,2027,False,appearances,France
Hugo Magnetti,Brest,ligue-1,CM,28,76,fc26,6.5,7.0,1.8,False,2027,False,appearances,France
Noé Poillion,Brest,ligue-1,GK,18,69,position-median,6.5,,0.7,False,2029,False,citizenship-no-tm,France
Arthur Avom,Lorient,ligue-1,CM,21,71,fc26,6.5,,0.6,False,2027,False,appearances,Cameroon
Abner,Lyon,ligue-1,LB,26,74,fc26,6.5,7.0,2.5,False,2029,False,appearances,Brazil
Tyler Morton,Lyon,ligue-1,CM,23,72,fc26,6.5,7.0,1.3,False,2030,True,citizenship-plus-appearances,England
Mads Bidstrup,Lyon,ligue-1,CM,25,73,fc26,6.5,7.5,1.3,False,2031,False,appearances,Denmark
Ange Lago,Marseille,ligue-1,ST,21,71,position-median,6.5,,1.0,False,2027,False,appearances,Cote d'Ivoire
Eric Dier,Monaco,ligue-1,CB,32,79,fc26,6.5,7.0,3.9,False,2028,True,citizenship-plus-appearances,England
Moses Simon,Paris FC,ligue-1,LW,30,77,fc26,6.5,7.0,2.7,False,2028,False,appearances,Nigeria
Pierre Lees-Melou,Paris FC,ligue-1,CM,33,78,fc26,6.5,10.0,2.4,False,2027,False,citizenship-window-invisible,France
Seko Fofana,Rennes,ligue-1,CM,31,77,fc26,6.5,8.0,5.5,False,2029,False,appearances,Cote d'Ivoire
Abdelhamid Ait Boudlal,Rennes,ligue-1,CB,20,66,fc26,6.5,10.0,0.6,False,2028,False,appearances,Morocco
Andrew Omobamidele,Strasbourg,ligue-1,CB,24,73,fc26,6.5,7.0,1.3,False,2029,False,appearances,Ireland
Junior Mwanga,Le Havre,ligue-1,CM,23,72,fc26,6.5,7.0,0.9,False,2027,False,appearances,France
Samuel Amo-Ameyaw,Strasbourg,ligue-1,RW,19,69,fc26,6.5,8.0,0.7,False,2029,True,citizenship-plus-appearances,England
Cristian Cásseres Jr,Toulouse,ligue-1,CM,26,74,fc26,6.5,7.0,1.0,False,2027,False,appearances,Venezuela
Igor,Brighton,premier-league,CB,28,76,fc26,6.5,,2.7,False,2027,False,citizenship-no-tm,Brazil
Eiran Cashin,Brighton,premier-league,CB,24,73,fc26,6.5,7.0,0.5,False,2030,False,appearances,Ireland
Jack Rudoni,Coventry,premier-league,AM,25,74,fc26,6.5,,0.8,False,2028,False,citizenship-no-tm,England
Milan van Ewijk,Coventry,premier-league,RB,25,74,fc26,6.5,,0.8,False,2027,False,citizenship-no-tm,Netherlands
Jefferson Lerma,Crystal Palace,premier-league,CM,31,77,fc26,6.5,8.0,4.3,False,2027,False,appearances,Colombia
Justin Devenny,Crystal Palace,premier-league,AM,22,71,fc26,6.5,8.0,1.2,False,2027,False,appearances,Northern Ireland
Nathan Patterson,Everton,premier-league,RB,24,71,fc26,6.5,10.0,1.7,False,2027,False,appearances,Scotland
Bernd Leno,Fulham,premier-league,GK,34,80,fc26,6.5,8.0,7.9,False,2027,False,citizenship-window-invisible,Germany
Jack Harrison,Leeds,premier-league,LW,29,74,fc26,6.5,10.0,5.5,False,2028,True,citizenship-plus-appearances,England
Zak Johnson,Sunderland,premier-league,CB,21,71,position-median,6.5,,1.3,False,2027,False,citizenship-no-tm,England
Ben Davies,Tottenham,premier-league,CB,33,75,fc26,6.5,10.0,4.9,False,2027,True,citizenship-window-invisible,Wales
Lorougnon Gohi,Academico Viseu,primeira-liga,LW,21,71,position-median,6.5,,0.5,False,2029,False,citizenship-no-tm,Cote d'Ivoire
Romualdas Jansonas,Arouca,primeira-liga,ST,21,71,position-median,6.5,,0.5,False,2030,False,appearances,Lithuania
Rafa Silva,Benfica,primeira-liga,ST,33,80,salary-fit,6.5,,4.2,False,2028,False,citizenship-no-tm,Portugal
Manu,Benfica,primeira-liga,CM,25,72,fc26,6.5,10.0,1.4,False,2030,False,appearances,Portugal
Michael Dacosta,Moreirense,primeira-liga,RW,21,71,position-median,6.5,,0.5,False,2029,False,citizenship-no-tm,Spain
Gabriel Veron,Porto,primeira-liga,RW,23,72,value-fit,6.5,7.0,1.0,False,2027,False,appearances,Brazil
Ferre Slegers,Beveren,pro-league,AM,21,71,position-median,6.5,,0.4,False,2028,False,citizenship-no-tm,Belgium
Hans Vanaken,Club Brugges,pro-league,AM,33,80,fc26,6.5,6.0,1.8,False,2028,False,citizenship-window-invisible,Belgium
Romeo Vermant,Club Brugges,pro-league,ST,22,71,fc26,6.5,8.0,0.4,False,2028,False,appearances,Belgium
Emile Doucouré,Genk,pro-league,GK,18,69,position-median,6.5,,0.3,False,2030,False,citizenship-window-invisible,Belgium
Moctar Diop,Gent,pro-league,ST,21,71,position-median,6.5,,0.4,False,2029,False,appearances,Senegal
Abdoul Diop,Kortrijk,pro-league,ST,21,71,position-median,6.5,,0.4,False,2028,False,citizenship-no-tm,Senegal
Csanád Vilmos Dénes,Kortrijk,pro-league,RW,21,71,position-median,6.5,,0.4,False,2029,False,citizenship-no-tm,Hungary
Josias Lama,Lommel,pro-league,CB,21,71,position-median,6.5,,0.4,False,2027,False,citizenship-no-tm,Belgium
Jason van Duiven,Lommel,pro-league,ST,21,71,position-median,6.5,,0.4,False,2029,False,citizenship-no-tm,Netherlands
Bouke Boersma,Mechelen,pro-league,ST,21,71,position-median,6.5,,0.4,False,2029,False,appearances,Netherlands
Maksim Kireev,Mechelen,pro-league,AM,21,71,position-median,6.5,,0.4,False,2029,False,appearances,Belarus
Cedric Van Meirvenne,Mechelen,pro-league,LW,21,71,position-median,6.5,,0.4,False,2030,False,citizenship-no-tm,Belgium
Massiré Sylla,Union SG,pro-league,CB,21,71,position-median,6.5,,0.4,False,2030,False,appearances,Senegal
Ilan Hurtevent,Union SG,pro-league,RW,21,71,position-median,6.5,,0.4,False,2030,False,citizenship-no-tm,Belgium
Relebohile Mofokeng,Union SG,pro-league,LW,21,71,position-median,6.5,,0.4,False,2030,False,citizenship-no-tm,South Africa
Shunsuke Saito,Westerlo,pro-league,RW,21,71,position-median,6.5,,0.4,False,2029,False,appearances,Japan
David Amegnaglo,Westerlo,pro-league,RW,21,71,position-median,6.5,,0.4,False,2030,False,citizenship-no-tm,France
Siebe Van Keymolen,Zulte Waregem,pro-league,ST,21,71,position-median,6.5,,0.4,False,2027,False,citizenship-window-invisible,Belgium
Warren Bondo,AC Milan,serie-a,CM,22,72,fc26,6.5,6.0,1.9,False,2029,False,appearances,France
Nikola Krstović,Atalanta,serie-a,ST,26,75,fc26,6.5,6.0,2.2,False,2030,False,appearances,Montenegro
Marten de Roon,Atalanta,serie-a,CM,35,81,fc26,6.5,7.0,1.9,False,2027,False,citizenship-window-invisible,Netherlands
Niccolò Fortini,Fiorentina,serie-a,LB,20,67,fc26,6.5,10.0,0.2,False,2027,False,appearances,Italy
Viery,Fiorentina,serie-a,CB,21,71,position-median,15.0,,1.0,False,2031,False,citizenship-window-invisible,Brazil
Jérémie Boga,Juventus,serie-a,LW,29,76,fc26,6.5,8.0,4.6,False,2029,False,appearances,Cote d'Ivoire
Arthur,Juventus,serie-a,CM,29,77,salary-fit,6.5,,3.2,False,2027,False,citizenship-no-tm,Brazil
Robinio Vaz,Roma,serie-a,ST,19,63,fc26,6.5,10.0,2.8,False,2030,False,appearances,France
Jurgen Ekkelenkamp,Udinese,serie-a,CM,26,74,fc26,6.5,7.0,1.3,False,2029,False,appearances,Netherlands
Maduka Okoye,Udinese,serie-a,GK,26,74,fc26,6.5,8.0,0.9,False,2028,False,appearances,Nigeria
Gianluca Busio,Venezia,serie-a,CM,24,74,fc26,6.5,5.5,2.6,False,2028,False,appearances,United States
Mark Flekken,Bayer Leverkusen,bundesliga,GK,33,78,fc26,6.0,8.0,4.7,False,2028,False,citizenship-window-invisible,Netherlands
Arthur,Bayer Leverkusen,bundesliga,RB,23,71,fc26,6.0,7.0,1.5,False,2031,False,appearances,Brazil
Aurèle Amenda,Coventry,premier-league,CB,22,71,fc26,18.0,6.0,0.8,False,2029,False,appearances,Switzerland
Kauã Santos,Eintracht Frankfurt,bundesliga,GK,23,71,fc26,6.0,7.0,0.6,False,2030,False,appearances,Brazil
Keita Kosugi,Eintracht Frankfurt,bundesliga,LB,20,70,fc26,6.0,,0.5,False,2031,False,citizenship-window-invisible,Japan
Vincenzo Grifo,Freiburg,bundesliga,LW,33,80,fc26,6.0,5.0,4.5,False,2027,False,citizenship-window-invisible,Italy
Igor Matanovic,Freiburg,bundesliga,ST,23,71,fc26,6.0,7.0,1.3,False,2027,False,appearances,Croatia
Ozan Kabak,Hoffenheim,bundesliga,CB,26,75,fc26,6.0,5.0,3.4,False,2030,False,appearances,Turkey
Alexander Prass,Hoffenheim,bundesliga,LW,25,74,fc26,6.0,5.0,2.1,False,2028,False,appearances,Austria
Arthur Chaves,Hoffenheim,bundesliga,CB,25,74,fc26,6.0,5.0,1.1,False,2029,False,appearances,Brazil
Justin Njinmah,Werder Bremen,bundesliga,RW,25,73,fc26,6.0,7.0,1.5,False,2027,False,appearances,Germany
Marco Grüll,Werder Bremen,bundesliga,LW,27,75,fc26,6.0,6.0,1.5,False,2027,False,appearances,Austria
Troy Parrott,AZ Alkmaar,eredivisie,ST,24,74,fc26,6.0,4.5,1.0,False,2029,False,appearances,Ireland
Daniel van Vianen,Excelsior,eredivisie,CM,23,72,position-median,6.0,,0.6,False,2029,False,citizenship-no-tm,Netherlands
Ramiz Zerrouki,Twente,eredivisie,CM,28,73,fc26,6.0,9.0,1.8,False,2027,False,appearances,Algeria
Ayase Ueda,Feyenoord,eredivisie,ST,27,74,fc26,6.0,8.0,0.8,False,2028,False,appearances,Japan
Gaoussou Diarra,Feyenoord,eredivisie,LW,23,72,fc26,6.0,,0.6,False,2029,False,appearances,Mali
Kevin Paredes,Utrecht,eredivisie,LW,23,73,fc26,6.0,5.0,0.7,False,2027,False,appearances,United States
Étienne Youté Kinkoué,Free agent,free-agent,CB,24,72,fc26,6.0,7.0,0.9,False,2026,False,appearances,France
Tyrell Malacia,Free agent,free-agent,LB,26,75,fc26,6.0,5.0,1.5,False,2026,False,appearances,Netherlands
Myron Boadu,Free agent,free-agent,ST,25,74,fc26,6.0,5.0,1.3,False,2026,False,appearances,Netherlands
Andoni Gorosabel,Athletic Club,la-liga,RB,29,77,fc26,6.0,5.0,1.6,False,2028,False,appearances,Spain
Adama Boiro,Athletic Club,la-liga,LB,24,73,fc26,6.0,,0.4,False,2029,False,appearances,Spain
Beñat Gerenabarrena,Athletic Club,la-liga,CM,23,72,position-median,6.0,,1.0,False,2027,False,citizenship-no-tm,Spain
Borja Iglesias,Celta Vigo,la-liga,ST,33,80,fc26,6.0,5.0,2.9,False,2027,False,citizenship-window-invisible,Spain
Unai Núñez,Celta Vigo,la-liga,CB,29,76,fc26,6.0,7.0,1.7,False,2029,False,appearances,Spain
Carl Starfelt,Celta Vigo,la-liga,CB,31,78,fc26,6.0,6.0,1.6,False,2027,False,appearances,Sweden
Mario Soriano,Deportivo,la-liga,AM,24,73,fc26,6.0,,0.1,False,2028,False,citizenship-no-tm,Spain
Federico Redondo,Elche,la-liga,CM,23,72,fc26,6.0,,1.0,False,2030,False,appearances,Argentina
Lucas Cepeda,Elche,la-liga,LW,23,72,fc26,6.0,,0.6,False,2030,False,appearances,Chile
Abdel Abqar,Getafe,la-liga,CB,27,74,fc26,6.0,7.5,2.5,False,2028,False,appearances,Morocco
Abel Bretones,Osasuna,la-liga,LB,25,75,fc26,6.0,4.5,1.0,False,2029,False,appearances,Spain
Jorge de Frutos,Rayo Vallecano,la-liga,RW,29,78,fc26,6.0,4.0,1.9,False,2028,False,appearances,Spain
Jon Gorrotxategi,Real Sociedad,la-liga,CM,24,73,fc26,6.0,,1.7,False,2030,False,appearances,Spain
Jon Pacheco,Real Sociedad,la-liga,CB,25,74,fc26,6.0,5.0,1.0,False,2030,False,appearances,Spain
Javi López,Real Sociedad,la-liga,LB,24,73,fc26,6.0,,1.0,False,2030,False,citizenship-no-tm,Spain
Tajon Buchanan,Villarreal,la-liga,RW,27,74,fc26,6.0,8.0,3.1,False,2030,False,appearances,Canada
Ramón Terrats,Getafe,la-liga,CM,25,77,fc26,6.0,4.0,0.6,False,2027,False,appearances,Spain
Nicolás Tagliafico,Lyon,ligue-1,LB,33,78,fc26,6.0,8.0,3.3,False,2027,False,citizenship-window-invisible,Argentina
Salis Abdul Samed,Nice,ligue-1,CM,26,73,fc26,6.0,8.0,1.2,False,2028,False,appearances,Ghana
Alidu Seidu,Rennes,ligue-1,CB,26,74,fc26,6.0,6.0,1.4,False,2029,False,appearances,Ghana
Abdoul Ouattara,Strasbourg,ligue-1,RB,20,67,fc26,6.0,9.0,0.4,False,2029,False,appearances,Cote d'Ivoire
Alysson,Aston Villa,premier-league,RW,20,70,salary-fit,6.0,,1.2,False,2031,False,appearances,Brazil
Alex Tóth,Bournemouth,premier-league,CM,20,70,fc26,6.0,,2.4,False,2031,False,appearances,Hungary
Dário Essugo,Chelsea,premier-league,CM,21,75,fc26,6.0,3.5,2.4,False,2033,False,appearances,Portugal
Largie Ramazani,Leeds,premier-league,LW,25,74,fc26,6.0,5.0,1.1,False,2028,False,appearances,Belgium
Altay Bayındır,Celta Vigo,la-liga,GK,28,75,fc26,6.0,7.0,2.1,False,2027,False,appearances,Turkey
Luca Netz,Nottingham Forest,premier-league,LB,23,72,fc26,6.0,6.0,2.1,False,2030,False,appearances,Germany
Bright Arrey-Mbi,Braga,primeira-liga,CB,23,71,fc26,6.0,7.0,1.0,False,2029,False,appearances,Germany
Gorby,Braga,primeira-liga,CM,23,71,fc26,6.0,7.0,0.5,False,2028,False,appearances,France
Diogo Brasido,Estoril,primeira-liga,RB,23,72,position-median,6.0,,0.5,False,2027,False,citizenship-window-invisible,Portugal
Sorriso,Famalicao,primeira-liga,LW,25,74,fc26,6.0,5.0,0.6,False,2029,False,appearances,Brazil
Andreas Lausen,Gil Vicente,primeira-liga,CM,23,72,position-median,6.0,,0.5,False,2030,False,citizenship-no-tm,Denmark
Pablo Rosario,Porto,primeira-liga,CM,29,75,fc26,6.0,8.0,1.1,False,2029,False,appearances,Dominican Republic
Djé,Santa Clara,primeira-liga,CM,23,72,position-median,6.0,,0.5,False,2030,False,appearances,Cape Verde
Pedro Lima,Sporting Lisbon,primeira-liga,CM,23,72,position-median,6.0,,0.5,False,2031,False,citizenship-no-tm,Brazil
Francisco Dias,Vitoria SC,primeira-liga,LB,23,72,position-median,6.0,,0.5,False,2029,False,appearances,Portugal
Danylo Sikan,Anderlecht,pro-league,ST,25,74,fc26,6.0,5.0,0.7,False,2030,False,appearances,Ukraine
Carlos Forbs,Club Brugges,pro-league,RW,22,70,fc26,6.0,8.0,0.4,False,2029,False,appearances,Portugal
Konstantinos Karetsas,Borussia Dortmund,bundesliga,AM,18,70,fc26,30.0,4.0,0.4,False,2029,False,appearances,Greece
Jarne Steuckers,Genk,pro-league,RW,24,75,fc26,6.0,4.0,0.8,False,2028,False,appearances,Belgium
Lars Cooman,Gent,pro-league,LB,23,72,position-median,6.0,,0.5,False,2029,False,citizenship-no-tm,Belgium
Mame Wade,La Louviere,pro-league,CM,23,72,position-median,6.0,,0.5,False,2028,False,citizenship-no-tm,Senegal
Besfort Zeneli,Union SG,pro-league,CM,23,72,fc26,6.0,,0.5,False,2030,False,appearances,Sweden
Kevin Mac Allister,Union SG,pro-league,CB,28,76,fc26,6.0,6.0,0.9,False,2027,False,appearances,Argentina
Daniel Maldini,Atalanta,serie-a,AM,24,74,fc26,6.0,4.5,2.0,False,2029,False,appearances,Italy
Nadir Zortea,Bologna,serie-a,RB,27,74,fc26,6.0,7.5,1.5,False,2029,False,appearances,Italy
Nikola Moro,Bologna,serie-a,CM,28,75,fc26,6.0,6.5,1.2,False,2027,False,appearances,Croatia
Matteo Prati,Cagliari,serie-a,CM,22,71,fc26,6.0,6.0,0.4,False,2028,False,appearances,Italy
Jacopo Fazzini,Fiorentina,serie-a,CM,23,72,fc26,6.0,6.0,2.2,False,2030,False,appearances,Italy
Lorenzo Colombo,Genoa,serie-a,ST,24,73,fc26,6.0,6.0,0.9,False,2029,False,appearances,Italy
Arkadiusz Milik,Juventus,serie-a,ST,32,79,fc26,6.0,6.0,2.2,False,2027,False,appearances,Poland
Samuel Gigot,Lazio,serie-a,CB,32,77,fc26,6.0,9.0,4.1,False,2027,False,citizenship-window-invisible,France
Tijjani Noslin,Lazio,serie-a,RW,26,74,fc26,6.0,6.5,2.4,False,2029,False,appearances,Netherlands
Josh Doig,Sassuolo,serie-a,LB,24,73,fc26,6.0,6.0,1.5,False,2028,False,appearances,Scotland
Daniel Boloca,Sassuolo,serie-a,CM,27,74,fc26,6.0,7.0,1.1,False,2028,False,appearances,Italy
Gaetano Oristanio,Venezia,serie-a,AM,23,74,fc26,6.0,4.0,0.7,False,2029,False,appearances,Italy
Filip Stanković,Venezia,serie-a,GK,24,74,fc26,6.0,5.0,0.7,False,2029,False,appearances,Serbia
Armel Bella-Kotchap,Venezia,serie-a,CB,24,72,fc26,6.0,7.5,1.1,False,2030,False,appearances,Germany
Kristijan Jakic,Augsburg,bundesliga,CM,29,76,fc26,5.5,6.0,2.3,False,2028,False,appearances,Croatia
Keven Schlotterbeck,Augsburg,bundesliga,CB,29,76,fc26,5.5,6.0,2.1,False,2027,False,appearances,Germany
Montrell Culbreath,Bayer Leverkusen,bundesliga,RW,18,68,salary-fit,5.5,,0.9,False,2031,False,appearances,Germany
Tim Oermann,Bayer Leverkusen,bundesliga,CB,22,72,fc26,5.5,4.0,0.5,False,2029,False,appearances,Germany
Jordy Makengo,Freiburg,bundesliga,LB,24,72,fc26,5.5,6.0,3.0,False,2028,False,appearances,France
Enzo Leopold,Monchengladbach,bundesliga,CM,25,73,fc26,5.5,,1.5,False,2030,False,citizenship-no-tm,Germany
Milan Hokke,ADO Den Haag,eredivisie,CB,22,71,position-median,5.5,,0.5,False,2027,False,citizenship-no-tm,Netherlands
Luka Reischl,ADO Den Haag,eredivisie,ST,22,71,position-median,5.5,,0.5,False,2028,False,citizenship-no-tm,Austria
Finn de Bruin,ADO Den Haag,eredivisie,AM,22,71,position-median,5.5,,0.5,False,2027,False,citizenship-no-tm,Netherlands
Caleb Kramer,ADO Den Haag,eredivisie,GK,19,69,position-median,5.5,,0.4,False,2027,False,citizenship-no-tm,Kenya
Anton Gaaei,Ajax,eredivisie,RB,23,72,fc26,5.5,5.0,0.6,False,2028,False,appearances,Denmark
Yacqub Finey,Excelsior,eredivisie,AM,22,71,position-median,5.5,,0.5,False,2029,False,citizenship-no-tm,Sweden
In-beom Hwang,Porto,primeira-liga,CM,29,77,fc26,5.5,4.5,1.5,False,2028,False,appearances,South Korea
Jordan Lotomba,Feyenoord,eredivisie,RB,27,75,fc26,5.5,5.0,1.2,False,2027,False,appearances,Switzerland
Casper Tengstedt,Feyenoord,eredivisie,ST,26,74,fc26,5.5,5.0,0.8,False,2029,False,appearances,Denmark
Armin Culum,Willem II,eredivisie,LW,22,71,position-median,5.5,,0.5,False,2028,False,citizenship-no-tm,Sweden
Devin Haen,Willem II,eredivisie,ST,22,71,position-median,5.5,,0.5,False,2028,False,citizenship-no-tm,Netherlands
Krépin Diatta,Free agent,free-agent,RW,27,74,fc26,5.5,6.0,1.3,False,2026,False,appearances,Senegal
Raheem Sterling,Free agent,free-agent,RW,31,78,fc26,5.5,5.0,2.4,False,2026,True,appearances,England
Remo Freuler,Free agent,free-agent,CM,34,81,fc26,5.5,4.0,3.9,False,2026,False,citizenship-window-invisible,Switzerland
Antonio Sivera,Alaves,la-liga,GK,29,76,fc26,5.5,6.0,1.6,False,2027,False,appearances,Spain
Ander Guevara,Alaves,la-liga,CM,28,76,fc26,5.5,5.0,1.5,False,2027,False,appearances,Spain
Maroan Sannadi,Athletic Club,la-liga,ST,25,73,fc26,5.5,,0.8,False,2029,False,appearances,Morocco
Juan Musso,Atletico Madrid,la-liga,GK,32,79,fc26,5.5,5.0,3.3,False,2028,False,appearances,Argentina
Marc Pubill,Atletico Madrid,la-liga,CB,23,73,fc26,5.5,4.0,1.5,False,2030,False,appearances,Spain
Jairo Noriega,Deportivo,la-liga,AM,22,71,position-median,5.5,,0.8,False,2028,False,citizenship-no-tm,Spain
Pablo Arriaza,Malaga,la-liga,CB,22,71,position-median,5.5,,0.8,False,2027,False,citizenship-no-tm,Spain
Andrés Martín,Racing Santander,la-liga,RW,26,74,fc26,5.5,,0.5,False,2028,False,citizenship-no-tm,Spain
Junior Firpo,Real Betis,la-liga,LB,29,75,fc26,5.5,7.0,3.8,False,2028,False,appearances,Dominican Republic
Gonzalo Petit,Real Betis,la-liga,ST,19,69,fc26,5.5,,0.6,False,2031,False,citizenship-no-tm,Uruguay
Gabriel Suazo,Sevilla,la-liga,LB,28,74,fc26,5.5,7.0,4.0,False,2028,False,appearances,Chile
José Copete,Valencia,la-liga,CB,26,75,fc26,5.5,4.0,1.0,False,2029,False,appearances,Spain
Willy Kambwala,Villarreal,la-liga,CB,21,72,fc26,5.5,4.0,1.7,False,2029,False,appearances,France
Philipp Köhn,Monaco,ligue-1,GK,28,77,fc26,5.5,4.0,1.7,False,2028,False,appearances,Switzerland
Jonathan Clauss,Nice,ligue-1,RB,33,80,fc26,5.5,4.5,4.5,False,2028,False,citizenship-window-invisible,France
Quentin Ndjantou,PSG,ligue-1,LW,18,67,value-fit,5.5,7.0,1.4,False,2028,False,appearances,France
Hamari Traoré,Paris FC,ligue-1,RB,34,79,fc26,5.5,6.0,2.0,False,2027,False,citizenship-window-invisible,Mali
Jonathan Ikoné,Paris FC,ligue-1,RW,28,76,fc26,5.5,5.0,1.6,False,2027,False,appearances,France
Estéban Lepaul,Rennes,ligue-1,ST,26,74,fc26,5.5,,2.7,False,2030,False,appearances,France
Jordan James,Rennes,ligue-1,CM,22,69,fc26,5.5,8.0,0.6,False,2028,True,citizenship-plus-appearances,Wales
Kilian Belazzoug,Rennes,ligue-1,GK,19,69,position-median,5.5,,0.7,False,2028,False,citizenship-window-invisible,Algeria
Mark McKenzie,Toulouse,ligue-1,CB,27,74,fc26,5.5,6.0,1.8,False,2027,False,appearances,United States
James Hill,Bournemouth,premier-league,CB,24,71,fc26,5.5,7.0,1.5,False,2029,True,citizenship-plus-appearances,England
Carl Rushworth,Coventry,premier-league,GK,24,72,fc26,25.7,6.0,0.3,False,2027,True,citizenship-plus-appearances,England
Will Hughes,Crystal Palace,premier-league,CM,31,77,fc26,5.5,6.0,3.7,False,2027,True,citizenship-plus-appearances,England
Charlie Hughes,Hull City,premier-league,CB,22,71,fc26,5.5,,0.3,False,2028,False,citizenship-no-tm,England
Jayden Bogle,Leeds,premier-league,RB,25,75,fc26,5.5,3.8,1.8,False,2028,True,citizenship-plus-appearances,England
Ilia Gruev,Leeds,premier-league,CM,26,74,fc26,5.5,5.0,0.9,False,2027,False,appearances,Bulgaria
Giovanni Leoni,Liverpool,premier-league,CB,19,69,fc26,5.5,,3.4,False,2031,False,appearances,Italy
Sverre Nypan,Manchester City,premier-league,CM,19,69,fc26,5.5,,0.6,False,2030,False,appearances,Norway
Antoñito Cordero,Newcastle,premier-league,LW,19,69,fc26,5.5,,1.0,False,2030,False,appearances,Spain
Reinildo Mandava,Sunderland,premier-league,LB,32,79,fc26,5.5,5.0,3.0,False,2027,False,appearances,Mozambique
Bruma,Benfica,primeira-liga,LW,31,78,fc26,5.5,5.0,1.5,False,2028,False,appearances,Portugal
Bénito,Estrela Amadora,primeira-liga,LW,22,71,position-median,5.5,,0.5,False,2029,False,citizenship-no-tm,France
Óscar Aranda,Famalicao,primeira-liga,LW,24,74,fc26,5.5,4.0,0.2,False,2027,False,appearances,Spain
José Melro,Marítimo,primeira-liga,ST,22,71,position-median,5.5,,0.5,False,2027,False,citizenship-no-tm,Portugal
Martim Tavares,Marítimo,primeira-liga,ST,22,71,position-median,5.5,,0.5,False,2027,False,citizenship-no-tm,Portugal
Xiko Gomes,Marítimo,primeira-liga,RW,22,71,position-median,5.5,,0.5,False,2027,False,citizenship-no-tm,Portugal
Dominik Prpić,Porto,primeira-liga,CB,22,71,fc26,5.5,,0.4,False,2030,False,appearances,Croatia
João Afonso,Porto,primeira-liga,GK,19,69,position-median,5.5,,0.3,False,2031,False,citizenship-no-tm,Portugal
Noah Solheid,Charleroi,pro-league,CB,22,71,position-median,5.5,,0.4,False,2029,False,citizenship-no-tm,Belgium
Kyriani Sabbe,Club Brugges,pro-league,RB,21,70,fc26,5.5,6.0,0.4,False,2028,False,appearances,Belgium
Lenn De Smet,Kortrijk,pro-league,LW,22,71,position-median,5.5,,0.4,False,2028,False,citizenship-no-tm,Belgium
Mátyás Kovács,La Louviere,pro-league,RW,22,71,position-median,5.5,,0.4,False,2028,False,citizenship-no-tm,Hungary
Mohamed Salah,Lommel,pro-league,RW,22,71,position-median,5.5,,0.4,False,2029,False,citizenship-no-tm,Belgium
Matthias Pieklak,Lommel,pro-league,GK,19,69,position-median,5.5,,0.3,False,2029,False,citizenship-no-tm,Belgium
Jhon Banguera,Lommel,pro-league,CB,22,71,position-median,5.5,,0.4,False,2028,False,citizenship-no-tm,Colombia
Henry Oware,Lommel,pro-league,CB,22,71,position-median,5.5,,0.4,False,2028,False,citizenship-no-tm,Ghana
Mateo Biondic,Union SG,pro-league,ST,22,71,position-median,5.5,,0.4,False,2030,False,appearances,Germany
Nohim Chibani,Union SG,pro-league,CB,22,71,position-median,5.5,,0.4,False,2030,False,citizenship-no-tm,France
Doğucan Haspolat,Westerlo,pro-league,CM,26,74,fc26,5.5,5.0,0.7,False,2027,False,appearances,Turkey
Benoit De Jaegere,Zulte Waregem,pro-league,CB,22,71,position-median,5.5,,0.4,False,2029,False,appearances,Belgium
Dylan Demuynck,Zulte Waregem,pro-league,LW,22,71,position-median,5.5,,0.4,False,2027,False,citizenship-no-tm,Philippines
Mitchel Bakker,Atalanta,serie-a,LW,26,75,fc26,5.5,4.0,2.8,False,2027,False,appearances,Netherlands
Ibrahim Sulemana,Atalanta,serie-a,CM,23,71,fc26,5.5,6.0,0.9,False,2028,False,appearances,Ghana
Zito Luvumbo,Cagliari,serie-a,RW,24,71,fc26,5.5,7.5,1.1,False,2029,False,appearances,Angola
Marin Pongracic,Fiorentina,serie-a,CB,28,74,fc26,5.5,7.5,2.7,False,2029,False,appearances,Croatia
Alessandro Selvini,Frosinone,serie-a,ST,22,71,position-median,5.5,,1.0,False,2027,False,citizenship-no-tm,Italy
Reda Belahyane,Lazio,serie-a,CM,22,68,fc26,5.5,8.5,1.9,False,2029,False,appearances,Morocco
Antonino Gallo,Lecce,serie-a,LB,26,75,fc26,5.5,4.0,1.1,False,2027,False,appearances,Italy
Michael Folorunsho,Napoli,serie-a,CM,28,75,fc26,5.5,6.0,2.2,False,2029,False,appearances,Italy
Cyril Ngonge,Napoli,serie-a,RW,26,72,fc26,5.5,8.0,1.5,False,2028,False,appearances,Belgium
Alessandro Circati,Parma,serie-a,CB,22,71,fc26,5.5,,0.9,False,2029,False,appearances,Australia
Simone Cinquegrano,Sassuolo,serie-a,RW,22,71,position-median,5.5,,1.0,False,2027,False,citizenship-window-invisible,Italy
Sandi Lovrić,Udinese,serie-a,CM,28,75,fc26,5.5,6.0,0.9,False,2027,False,appearances,Slovenia
Axel Tape,Bayer Leverkusen,bundesliga,CB,18,65,fc26,5.0,8.0,0.4,False,2030,False,appearances,France
Kerim Alajbegovic,Bayer Leverkusen,bundesliga,LW,18,61,fc26,5.0,8.0,0.2,False,2031,False,appearances,Bosnia-Herzegovina
Mario Götze,Eintracht Frankfurt,bundesliga,AM,34,82,fc26,5.0,3.5,2.1,False,2028,False,citizenship-window-invisible,Germany
Cyriaque Irié,Freiburg,bundesliga,RW,21,70,fc26,5.0,,1.1,False,2027,False,appearances,Burkina Faso
Miro Muheim,Hamburg,bundesliga,LB,28,75,fc26,5.0,,1.9,False,2027,False,appearances,Switzerland
Wouter Burger,Hoffenheim,bundesliga,CM,25,73,fc26,5.0,5.0,1.0,False,2030,False,appearances,Netherlands
Umut Tohumcu,Hoffenheim,bundesliga,CM,21,70,fc26,5.0,5.0,0.8,False,2028,False,appearances,Germany
Tom Krauß,Koln,bundesliga,CM,25,75,fc26,5.0,3.5,1.9,False,2029,False,appearances,Germany
Jan Thielmann,Koln,bundesliga,RW,24,72,fc26,5.0,5.0,1.2,False,2028,False,appearances,Germany
Ísak Jóhannesson,Koln,bundesliga,CM,23,73,fc26,5.0,3.5,1.1,False,2030,False,appearances,Iceland
Lukas Klostermann,Leipzig,bundesliga,CB,30,78,fc26,5.0,3.5,5.7,False,2028,False,appearances,Germany
Assan Ouédraogo,Leipzig,bundesliga,CM,20,69,fc26,5.0,,1.3,False,2029,False,appearances,Germany
Moritz Nicolas,Monchengladbach,bundesliga,GK,28,75,fc26,5.0,5.0,2.8,False,2029,False,appearances,Germany
Derrick Köhn,Union Berlin,bundesliga,LB,27,75,fc26,5.0,4.0,1.7,False,2029,False,appearances,Ghana
Livan Burcu,Union Berlin,bundesliga,LW,21,70,fc26,5.0,,0.8,False,2027,False,appearances,Turkey
Juho Kilo,ADO Den Haag,eredivisie,CM,24,72,position-median,5.0,,0.6,False,2028,False,citizenship-no-tm,Finland
Ahmetcan Kaplan,Ajax,eredivisie,CB,23,71,fc26,5.0,5.0,0.9,False,2027,False,appearances,Turkey
Kian Fitz-Jim,Torino,serie-a,CM,23,73,fc26,5.0,3.5,0.5,False,2027,False,appearances,Netherlands
Matthijs Kalisvaart,Cambuur Leeuwarden,eredivisie,GK,20,69,position-median,5.0,,0.4,False,2028,False,citizenship-no-tm,Netherlands
Gijs Smal,Feyenoord,eredivisie,LB,28,74,fc26,5.0,6.0,1.0,False,2028,False,appearances,Netherlands
Kodai Sano,PSV,eredivisie,CM,22,70,fc26,5.0,6.0,0.1,False,2028,False,appearances,Japan
Dennis Man,PSV,eredivisie,RW,27,76,fc26,5.0,3.5,3.0,False,2029,False,appearances,Romania
Joel Chima Fujita,Free agent,free-agent,CM,24,69,fc26,5.0,8.0,0.6,False,2026,False,appearances,Japan
Nikola Vasilj,Free agent,free-agent,GK,30,77,fc26,5.0,4.5,2.0,False,2026,False,appearances,Bosnia-Herzegovina
Alan,Free agent,free-agent,AM,26,74,fc26,5.0,4.0,1.3,False,2026,False,appearances,Brazil
Obed Vargas,Atletico Madrid,la-liga,CM,20,69,fc26,5.0,,0.8,False,2030,False,appearances,Mexico
Ilaix Moriba,Celta Vigo,la-liga,CM,23,78,fc26,5.0,3.0,1.4,False,2029,False,appearances,Guinea
Javi Galán,Celta Vigo,la-liga,LB,31,80,fc26,5.0,3.5,3.4,False,2028,False,appearances,Spain
Dani Martín,Levante,la-liga,GK,20,69,position-median,5.0,,0.6,False,2028,False,citizenship-no-tm,Spain
Jorge Herrando,Osasuna,la-liga,CB,25,74,fc26,5.0,3.5,0.8,False,2030,False,appearances,Spain
Iñigo Vicente,Racing Santander,la-liga,LW,28,75,fc26,5.0,,0.6,False,2030,False,citizenship-no-tm,Spain
Óscar Valentín,Rayo Vallecano,la-liga,CM,31,78,fc26,5.0,4.0,1.9,False,2027,False,appearances,Spain
Gonçalo Guedes,Real Sociedad,la-liga,LW,29,75,fc26,5.0,6.0,4.2,False,2028,False,appearances,Portugal
Peque Fernández,Sevilla,la-liga,ST,23,73,fc26,5.0,3.5,0.6,False,2028,False,appearances,Spain
Juan Iglesias,Sevilla,la-liga,RB,27,74,fc26,5.0,5.0,1.3,False,2030,False,appearances,Spain
Guido Rodríguez,Valencia,la-liga,CM,32,77,fc26,5.0,6.0,3.1,False,2028,False,appearances,Argentina
Umar Sadiq,Valencia,la-liga,ST,29,77,fc26,5.0,4.0,2.3,False,2028,False,appearances,Nigeria
Filip Ugrinic,Valencia,la-liga,CM,27,75,fc26,5.0,4.0,1.9,False,2029,False,appearances,Switzerland
Pau Navarro,Villarreal,la-liga,CB,21,70,fc26,5.0,5.0,0.6,False,2030,False,appearances,Spain
Emmanuel Biumla,Angers,ligue-1,CB,21,70,fc26,5.0,,0.8,False,2028,False,appearances,France
Odsonne Édouard,Lens,ligue-1,ST,28,72,fc26,5.0,8.0,3.1,False,2028,False,appearances,France
Abdallah Sima,Lens,ligue-1,LW,25,74,fc26,5.0,4.0,2.2,False,2029,False,appearances,Senegal
Nabil Bentaleb,Lille,ligue-1,CM,31,77,fc26,5.0,5.0,1.8,False,2027,False,appearances,Algeria
Matias Fernandez-Pardo,Lille,ligue-1,ST,21,75,fc26,5.0,3.0,1.2,False,2029,False,appearances,Belgium
Montassar Talbi,Lorient,ligue-1,CB,28,73,fc26,5.0,7.0,1.1,False,2027,False,appearances,Tunisia
Duje Caleta-Car,Lyon,ligue-1,CB,29,74,fc26,5.0,7.0,3.3,False,2027,False,appearances,Croatia
Noah Nartey,Lyon,ligue-1,AM,20,67,fc26,5.0,8.0,0.8,False,2030,False,appearances,Denmark
Bamo Meïté,Marseille,ligue-1,CB,24,73,fc26,5.0,4.0,1.3,False,2028,False,appearances,Cote d'Ivoire
Mamadou Coulibaly,Monaco,ligue-1,CM,22,64,fc26,5.0,8.0,0.6,False,2028,False,appearances,France
Mattia Viti,Nice,ligue-1,CB,24,72,fc26,5.0,5.0,1.1,False,2027,False,appearances,Italy
Jean-Philippe Krasso,Paris FC,ligue-1,ST,28,74,fc26,5.0,6.0,1.4,False,2027,False,appearances,Cote d'Ivoire
Przemyslaw Frankowski,Rennes,ligue-1,RB,31,75,fc26,5.0,7.0,3.1,False,2027,False,appearances,Poland
Mousa Al-Tamari,Rennes,ligue-1,RW,29,75,fc26,5.0,6.0,2.2,False,2028,False,appearances,Jordan
Samir El Mourabet,Strasbourg,ligue-1,CM,20,65,fc26,5.0,8.0,0.9,False,2030,False,appearances,Morocco
Maxi Oyedele,Strasbourg,ligue-1,CM,21,70,fc26,5.0,,0.7,False,2030,False,appearances,Poland
Rasmus Nicolaisen,Toulouse,ligue-1,CB,29,76,fc26,5.0,5.0,2.2,False,2029,False,appearances,Denmark
Dayann Methalie,Toulouse,ligue-1,LB,20,61,fc26,5.0,8.0,0.6,False,2030,False,appearances,France
Julio Soler,Bournemouth,premier-league,LB,21,68,fc26,5.0,8.0,1.2,False,2029,False,appearances,Argentina
Álex Jiménez,Bournemouth,premier-league,RB,21,71,fc26,18.5,4.0,1.3,False,2027,False,appearances,Spain
Joshua Da Silva,Brentford,premier-league,CM,27,74,salary-fit,5.0,,1.8,False,2027,False,citizenship-no-tm,England
Adam Webster,Brighton,premier-league,CB,31,75,fc26,5.0,7.0,3.4,False,2027,True,citizenship-plus-appearances,England
David Datro Fofana,Chelsea,premier-league,ST,23,71,value-fit,5.0,5.0,0.9,False,2029,False,appearances,Cote d'Ivoire
Caleb Wiley,Chelsea,premier-league,LB,21,68,fc26,5.0,8.0,0.9,False,2030,False,appearances,United States
Walter Benítez,Crystal Palace,premier-league,GK,33,79,fc26,5.0,5.0,2.1,False,2028,False,citizenship-window-invisible,Argentina
Jorge Cuenca,Fulham,premier-league,CB,26,74,fc26,5.0,4.0,1.5,False,2028,False,appearances,Spain
Mohamed Belloumi,Hull City,premier-league,RW,24,73,fc26,5.0,4.0,0.4,False,2028,False,appearances,Algeria
Ben Johnson,Ipswich Town,premier-league,RB,26,72,fc26,5.0,7.0,1.8,False,2028,True,citizenship-plus-appearances,England
George Hirst,Ipswich Town,premier-league,ST,27,72,fc26,5.0,8.0,1.7,False,2029,False,appearances,Scotland
Chiedozie Ogbene,Ipswich Town,premier-league,RW,29,74,fc26,5.0,7.0,1.5,False,2028,False,appearances,Ireland
Jaden Philogene-Bidace,Ipswich Town,premier-league,LW,24,72,salary-fit,5.0,,1.5,False,2029,False,citizenship-no-tm,England
Sebastiaan Bornauw,Leeds,premier-league,CB,27,74,fc26,5.0,5.0,2.7,False,2029,False,appearances,Belgium
Wataru Endo,Liverpool,premier-league,CM,33,79,fc26,5.0,5.0,3.0,False,2027,False,citizenship-window-invisible,Japan
Harry Amass,Manchester United,premier-league,LB,19,68,fc26,5.0,5.0,0.3,False,2027,True,citizenship-plus-appearances,England
Dan Burn,Newcastle,premier-league,CB,34,79,fc26,5.0,5.0,4.3,False,2027,True,citizenship-window-invisible,England
Tiago Gouveia,Benfica,primeira-liga,RW,25,73,fc26,5.0,5.0,1.1,False,2028,False,appearances,Portugal
Gabri Martínez,Braga,primeira-liga,LW,23,73,fc26,5.0,3.5,0.5,False,2029,False,appearances,Spain
Chissumba,Braga,primeira-liga,LB,21,70,fc26,5.0,5.0,0.1,False,2028,False,appearances,Portugal
Gustavo Garcia,Famalicao,primeira-liga,RB,24,72,fc26,5.0,,0.4,False,2029,False,appearances,Brazil
Francisco França,Marítimo,primeira-liga,CM,24,72,position-median,5.0,,0.5,False,2028,False,citizenship-no-tm,Portugal
Rodri Andrade,Marítimo,primeira-liga,CM,24,72,position-median,5.0,,0.5,False,2027,False,citizenship-no-tm,Portugal
Andreas Ntoi,Rio Ave,primeira-liga,CB,23,72,fc26,5.0,4.0,0.3,False,2028,False,appearances,Greece
Douglas Borel,Santa Clara,primeira-liga,RB,24,72,position-median,5.0,,0.5,False,2028,False,citizenship-no-tm,Brazil
Miguel Pires,Santa Clara,primeira-liga,CM,24,72,position-median,5.0,,0.5,False,2027,False,citizenship-no-tm,Portugal
Tiago Ribeiro,Santa Clara,primeira-liga,CM,24,72,position-median,5.0,,0.5,False,2027,False,citizenship-no-tm,Portugal
Luis Suárez,Sporting Lisbon,primeira-liga,ST,28,77,fc26,5.0,3.5,2.5,False,2030,False,appearances,Colombia
César Huerta,Anderlecht,pro-league,LW,25,73,fc26,5.0,5.0,0.6,False,2029,False,appearances,Mexico
Moussa N'Diaye,Anderlecht,pro-league,LB,24,72,fc26,5.0,,0.5,False,2028,False,citizenship-no-tm,Senegal
Killian Sardella,Anderlecht,pro-league,RB,24,72,fc26,5.0,5.0,0.5,False,2028,False,appearances,Belgium
Ludovit Reis,Club Brugges,pro-league,CM,26,73,fc26,5.0,6.0,0.6,False,2029,False,appearances,Netherlands
Bjorn Meijer,Club Brugges,pro-league,LB,23,73,fc26,5.0,3.5,0.6,False,2027,False,appearances,Netherlands
Victor De Coninck,Gent,pro-league,GK,20,69,position-median,5.0,,0.3,False,2027,False,citizenship-no-tm,Belgium
Lucas Monteiro,La Louviere,pro-league,GK,20,69,position-median,5.0,,0.3,False,2027,False,citizenship-window-invisible,Portugal
Tobe Leysen,Leuven,pro-league,GK,24,73,fc26,5.0,4.0,0.6,False,2027,False,appearances,Belgium
Ryan Merlen,Sint-Truidense,pro-league,CM,24,72,position-median,5.0,,0.5,False,2029,False,appearances,France
Anouar Ait El Hadj,Union SG,pro-league,AM,24,72,fc26,5.0,5.0,0.5,False,2028,False,appearances,Belgium
Ousseynou Niang,Union SG,pro-league,LW,24,70,fc26,5.0,7.5,0.4,False,2028,False,appearances,Senegal
Federico Bernardeschi,Bologna,serie-a,RW,32,77,fc26,5.0,6.0,3.3,False,2027,False,appearances,Italy
Nicolò Casale,Bologna,serie-a,CB,28,75,fc26,5.0,5.0,1.9,False,2028,False,appearances,Italy
Jesper Karlsson,Bologna,serie-a,LW,27,75,fc26,5.0,4.0,1.0,False,2028,False,appearances,Sweden
Michel Ndary Adopo,Cagliari,serie-a,CM,25,72,fc26,5.0,6.0,1.1,False,2029,False,appearances,France
Gabriele Zappa,Cagliari,serie-a,RB,26,74,fc26,5.0,4.0,1.1,False,2030,False,appearances,Italy
Gianluca Gaetano,Atalanta,serie-a,CM,26,74,fc26,5.0,4.0,0.9,False,2029,False,appearances,Italy
Emil Audero,Como,serie-a,GK,29,78,fc26,5.0,3.2,1.7,False,2028,False,appearances,Indonesia
Anastasios Douvikas,Como,serie-a,ST,26,73,fc26,5.0,6.0,1.5,False,2029,False,appearances,Greece
David de Gea,Fiorentina,serie-a,GK,35,85,fc26,5.0,3.5,5.6,False,2028,False,citizenship-window-invisible,Spain
M'Bala Nzola,Fiorentina,serie-a,ST,29,75,fc26,5.0,6.0,2.8,False,2027,False,appearances,Angola
Amir Richardson,Fiorentina,serie-a,CM,24,72,fc26,5.0,4.5,2.2,False,2029,False,appearances,Morocco
Nicolás Valentini,Alaves,la-liga,CB,25,73,fc26,5.0,5.0,1.9,False,2029,False,appearances,Argentina
Cher Ndour,Fiorentina,serie-a,CM,21,70,fc26,5.0,5.0,1.1,False,2029,False,appearances,Italy
Marco Brescianini,Fiorentina,serie-a,CM,26,71,fc26,5.0,7.5,1.0,False,2030,False,appearances,Italy
Henrikh Mkhitaryan,Inter Milan,serie-a,CM,37,83,fc26,5.0,3.5,2.6,False,2027,False,citizenship-window-invisible,Armenia
Vasilije Adžić,Juventus,serie-a,AM,20,62,fc26,5.0,8.0,0.7,False,2029,False,appearances,Montenegro
Matteo Cancellieri,Lazio,serie-a,RW,24,72,fc26,5.0,4.8,1.5,False,2027,False,appearances,Italy
Wladimiro Falcone,Lecce,serie-a,GK,31,81,fc26,5.0,3.5,1.1,False,2028,False,appearances,Italy
Nikola Stulic,Lecce,serie-a,ST,24,72,fc26,5.0,4.5,1.1,False,2029,False,appearances,Serbia
Matteo Pessina,Monza,serie-a,CM,29,76,fc26,5.0,5.0,1.5,False,2027,False,appearances,Italy
Dany Mota,Monza,serie-a,ST,28,75,fc26,5.0,5.0,1.1,False,2027,False,appearances,Portugal
Patrick Cutrone,Monza,serie-a,ST,28,75,fc26,5.0,5.0,1.8,False,2029,False,appearances,Italy
Tommaso Ciardi,Monza,serie-a,GK,20,69,position-median,5.0,,0.7,False,2027,False,citizenship-no-tm,Italy
Arijanet Murić,Sassuolo,serie-a,GK,27,72,fc26,5.0,7.5,2.1,False,2027,False,appearances,Kosovo
Franco Israel,Torino,serie-a,GK,26,75,fc26,5.0,3.8,1.5,False,2028,False,appearances,Uruguay
Martín Payero,Udinese,serie-a,CM,27,73,fc26,5.0,6.0,1.5,False,2027,False,appearances,Argentina
Thomas Kristensen,Udinese,serie-a,CB,24,72,fc26,5.0,4.5,0.3,False,2028,False,appearances,Denmark
Simone Panada,Venezia,serie-a,CM,24,72,position-median,5.0,,1.1,False,2030,False,citizenship-no-tm,Italy
Han-Noah Massengo,Augsburg,bundesliga,CM,24,72,fc26,4.5,4.0,1.5,False,2030,False,appearances,France
Christian Kofane,Bayer Leverkusen,bundesliga,ST,19,68,fc26,4.5,,0.7,False,2029,False,appearances,Cameroon
Manuel Neuer,Bayern Munich,bundesliga,GK,40,84,fc26,4.5,4.0,15.1,False,2027,False,citizenship-window-invisible,Germany
Michael Zetterer,Eintracht Frankfurt,bundesliga,GK,30,76,fc26,4.5,4.5,3.8,False,2029,False,appearances,Germany
Jordan Torunarigha,Hamburg,bundesliga,CB,28,75,fc26,4.5,4.0,2.1,False,2028,False,appearances,Nigeria
Nicolai Remberg,Hamburg,bundesliga,CM,26,72,fc26,4.5,5.0,1.3,False,2028,False,appearances,Germany
Andrej Kramaric,Hoffenheim,bundesliga,ST,35,81,fc26,4.5,3.0,3.6,False,2028,False,citizenship-window-invisible,Croatia
Oliver Baumann,Hoffenheim,bundesliga,GK,36,83,fc26,4.5,3.0,3.6,False,2028,False,citizenship-window-invisible,Germany
Leon Avdullahu,Hoffenheim,bundesliga,CM,22,70,fc26,4.5,,1.9,False,2031,False,appearances,Kosovo
Robin Hranac,Hoffenheim,bundesliga,CB,26,71,fc26,4.5,7.0,1.3,False,2028,False,appearances,Czech Republic
Max Moerstedt,Hoffenheim,bundesliga,ST,20,67,fc26,4.5,7.0,0.5,False,2030,False,appearances,Germany
Alessio Castro-Montes,Koln,bundesliga,RW,29,77,fc26,4.5,3.0,2.6,False,2028,False,appearances,Belgium
Marvin Schwäbe,Koln,bundesliga,GK,31,77,fc26,4.5,4.0,2.3,False,2027,False,appearances,Germany
Said El Mala,Koln,bundesliga,LW,19,68,fc26,4.5,,0.7,False,2030,False,appearances,Germany
Max Finkgräfe,Leipzig,bundesliga,LB,22,69,fc26,4.5,6.0,0.8,False,2030,False,appearances,Germany
Tidiam Gomis,Leipzig,bundesliga,LW,19,68,fc26,4.5,,0.6,False,2029,False,appearances,France
Andreas Hanche-Olsen,Mainz,bundesliga,CB,29,75,fc26,4.5,5.0,2.5,False,2028,False,appearances,Norway
Robin Zentner,Mainz,bundesliga,GK,31,78,fc26,4.5,3.0,2.5,False,2028,False,appearances,Germany
Nathan N'Goumou,Monchengladbach,bundesliga,RW,26,73,salary-fit,4.5,,1.7,False,2027,False,citizenship-no-tm,Cameroon
Philipp Sander,Monchengladbach,bundesliga,CM,28,75,fc26,4.5,4.0,1.5,False,2028,False,appearances,Germany
Hugo Bolin,Monchengladbach,bundesliga,LW,22,70,fc26,4.5,,0.6,False,2027,False,appearances,Sweden
Yukhym Konoplya,Monchengladbach,bundesliga,RB,26,72,fc26,4.5,5.0,1.3,False,2029,False,appearances,Ukraine
Moussa Sylla,Schalke 04,bundesliga,ST,26,73,fc26,4.5,,0.8,False,2028,False,citizenship-no-tm,Mali
Ameen Al-Dakhil,Stuttgart,bundesliga,CB,24,72,fc26,4.5,4.0,1.5,False,2028,False,appearances,Belgium
Dennis Seimen,Stuttgart,bundesliga,GK,20,66,fc26,4.5,7.0,0.5,False,2029,False,citizenship-window-invisible,Germany
András Schäfer,Union Berlin,bundesliga,CM,27,74,fc26,4.5,4.5,1.7,False,2027,False,appearances,Hungary
Andrej Ilic,Union Berlin,bundesliga,ST,26,72,fc26,4.5,6.0,1.5,False,2027,False,appearances,Serbia
Mitchell Weiser,Werder Bremen,bundesliga,RB,32,78,fc26,4.5,3.5,2.8,False,2027,False,appearances,Germany
Amos Pieper,Werder Bremen,bundesliga,CB,28,75,fc26,4.5,4.0,1.2,False,2027,False,appearances,Germany
Karl Hein,Werder Bremen,bundesliga,GK,24,73,fc26,4.5,3.0,1.5,False,2027,False,appearances,Estonia
Denso Kasius,AZ Alkmaar,eredivisie,RB,23,69,fc26,4.5,6.0,0.9,False,2029,False,appearances,Netherlands
Rik Mulders,Cambuur Leeuwarden,eredivisie,RB,25,72,position-median,4.5,,0.6,False,2028,False,citizenship-no-tm,Netherlands
Stije Resink,Groningen,eredivisie,CM,23,69,fc26,4.5,7.0,0.1,False,2028,False,appearances,Netherlands
Ringo Meerveld,Heerenveen,eredivisie,AM,23,71,fc26,4.5,4.0,0.4,False,2029,False,appearances,Netherlands
Couhaib Driouech,PSV,eredivisie,LW,24,70,fc26,4.5,6.0,0.6,False,2029,False,appearances,Morocco
Marvin Young,Sparta Rotterdam,eredivisie,CB,20,69,fc26,4.5,4.0,0.1,False,2029,False,appearances,Netherlands
Kristian Hlynsson,Twente,eredivisie,AM,22,68,fc26,4.5,7.0,0.6,False,2029,False,appearances,Iceland
Alonzo Engwanda,Utrecht,eredivisie,CM,23,69,fc26,4.5,7.0,0.2,False,2028,False,appearances,Belgium
Neville Ogidi Nwankwo,Utrecht,eredivisie,CB,23,71,position-median,4.5,,0.5,False,2027,False,appearances,Netherlands
Lucas Boyé,Alaves,la-liga,ST,30,73,fc26,4.5,7.0,2.1,False,2029,False,appearances,Argentina
Facundo Garcés,Alaves,la-liga,CB,26,73,fc26,4.5,,0.9,False,2028,False,appearances,Malaysia
Youssef Enríquez,Alaves,la-liga,LB,20,68,value-fit,4.5,5.0,0.4,False,2029,False,appearances,Morocco
Álvaro Djaló,Athletic Club,la-liga,LW,26,73,value-fit,4.5,4.5,1.1,False,2029,False,appearances,Guinea-Bissau
Álvaro Núñez,Celta Vigo,la-liga,RB,25,72,fc26,4.5,,1.5,False,2030,False,appearances,Spain
Grady Diangana,Elche,la-liga,RW,28,74,value-fit,4.5,4.5,1.5,False,2027,False,appearances,Democratic Republic of the Congo
Martim Neto,Elche,la-liga,CM,23,70,fc26,4.5,5.0,0.9,False,2028,False,appearances,Portugal
Germán Valera,Elche,la-liga,LW,24,71,fc26,4.5,5.0,0.8,False,2027,False,appearances,Spain
Urko González de Zárate,Espanyol,la-liga,CM,25,72,fc26,4.5,5.0,1.5,False,2030,False,appearances,Spain
Roberto Fernández,Espanyol,la-liga,ST,23,71,salary-fit,4.5,,1.2,False,2031,False,appearances,Spain
David Soria,Getafe,la-liga,GK,33,81,fc26,4.5,3.0,3.1,False,2030,False,citizenship-window-invisible,Spain
Ante Budimir,Osasuna,la-liga,ST,34,82,fc26,4.5,3.0,3.1,False,2027,False,citizenship-window-invisible,Croatia
Valentin Rosier,Osasuna,la-liga,RB,29,77,fc26,4.5,3.0,1.9,False,2028,False,appearances,France
Álvaro García,Rayo Vallecano,la-liga,LW,33,80,fc26,4.5,3.0,2.1,False,2028,False,citizenship-window-invisible,Spain
Isi Palazón,Rayo Vallecano,la-liga,ST,31,81,fc26,4.5,3.0,2.1,False,2028,False,appearances,Spain
Aitor Ruibal,Real Betis,la-liga,RW,30,77,fc26,4.5,3.5,1.7,False,2028,False,appearances,Spain
Adrià Pedrosa,Sevilla,la-liga,LB,28,75,fc26,4.5,4.0,1.6,False,2028,False,appearances,Spain
Justin de Haas,Valencia,la-liga,CB,26,73,fc26,4.5,4.0,1.1,False,2030,False,appearances,Netherlands
Sinaly Diomandé,Auxerre,ligue-1,CB,25,73,fc26,4.5,4.0,1.1,False,2027,False,appearances,Cote d'Ivoire
Samson Baidoo,Lens,ligue-1,CB,22,70,fc26,4.5,,1.8,False,2030,False,appearances,Austria
Saud Abdulhamid,Lens,ligue-1,RB,26,75,fc26,4.5,3.0,1.8,False,2029,False,appearances,Saudi Arabia
Benjamin André,Lille,ligue-1,CM,35,80,fc26,4.5,4.0,4.5,False,2028,False,citizenship-window-invisible,France
Romain Perraud,Lille,ligue-1,LB,28,74,fc26,4.5,5.0,2.4,False,2028,False,appearances,France
Arnaud Bodart,Lille,ligue-1,GK,28,73,fc26,4.5,6.0,1.3,False,2027,False,appearances,Belgium
Mohamed Bamba,Lorient,ligue-1,ST,24,70,fc26,4.5,6.0,0.9,False,2028,False,appearances,Cote d'Ivoire
Matt Turner,Lyon,ligue-1,GK,32,74,fc26,4.5,7.0,1.6,False,2028,False,appearances,United States
Geoffrey Kondogbia,Marseille,ligue-1,CM,33,78,fc26,4.5,5.0,5.5,False,2027,False,citizenship-window-invisible,Central African Republic
Pierre-Emerick Aubameyang,Deportivo,la-liga,ST,37,81,fc26,4.5,5.0,4.5,False,2027,False,citizenship-window-invisible,Gabon
Himad Abdelli,Marseille,ligue-1,AM,26,76,fc26,4.5,3.0,0.9,False,2030,False,appearances,Algeria
Adrien Thomasson,Rennes,ligue-1,CM,32,77,fc26,4.5,4.5,2.4,False,2029,False,citizenship-window-invisible,France
Bryan Reynolds,Rennes,ligue-1,RB,25,73,fc26,4.5,3.5,1.3,False,2030,False,appearances,United States
Issa Soumaré,Rennes,ligue-1,LW,25,72,fc26,4.5,5.0,1.1,False,2030,False,appearances,Senegal
Martial Godo,Strasbourg,ligue-1,LW,23,63,fc26,4.5,7.0,0.9,False,2030,False,appearances,Cote d'Ivoire
Ross Barkley,Aston Villa,premier-league,CM,32,77,fc26,4.5,5.0,3.7,False,2027,True,citizenship-window-invisible,England
Kaine Kesler,Coventry,premier-league,RB,23,71,salary-fit,4.5,,1.2,False,2029,False,citizenship-no-tm,England
Adam Aznou,Everton,premier-league,LB,20,66,fc26,4.5,7.0,1.5,False,2029,False,appearances,Morocco
Anis Mehmeti,Ipswich Town,premier-league,AM,25,72,fc26,4.5,,1.5,False,2029,False,appearances,Albania
Marcelino Núñez,Ipswich Town,premier-league,CM,26,73,fc26,4.5,,1.4,False,2029,False,appearances,Chile
Kalvin Phillips,Manchester City,premier-league,CM,30,74,fc26,4.5,6.0,9.1,False,2028,True,citizenship-plus-appearances,England
Issa Kabore,Manchester City,premier-league,RB,25,73,fc26,4.5,4.0,1.5,False,2027,False,appearances,Burkina Faso
Toby Collyer,Manchester United,premier-league,CM,22,70,fc26,4.5,5.0,0.2,False,2027,True,citizenship-plus-appearances,England
Stefan Ortega Moreno,Nottingham Forest,premier-league,GK,33,78,salary-fit,4.5,,2.7,False,2027,False,citizenship-no-tm,Germany
John,Nottingham Forest,premier-league,GK,30,76,salary-fit,4.5,,2.4,False,2028,False,appearances,Brazil
Bertrand Traoré,Sunderland,premier-league,RW,30,75,fc26,4.5,5.0,4.0,False,2027,False,appearances,Burkina Faso
Daniel Ballard,Sunderland,premier-league,CB,26,73,fc26,4.5,,2.7,False,2029,False,appearances,Northern Ireland
Nilson Angulo,Sunderland,premier-league,LW,23,67,fc26,4.5,7.0,1.5,False,2030,False,appearances,Ecuador
Timothée Pembélé,Sunderland,premier-league,RB,23,70,fc26,4.5,5.0,0.9,False,2028,False,appearances,France
Soufiane Messeguem,Academico Viseu,primeira-liga,CM,25,72,position-median,4.5,,0.5,False,2028,False,citizenship-no-tm,Germany
Fran Navarro,Braga,primeira-liga,ST,28,74,fc26,4.5,4.5,1.1,False,2029,False,appearances,Spain
Iván Jaime,Porto,primeira-liga,AM,25,72,value-fit,4.5,5.0,1.4,False,2028,False,appearances,Spain
André Silva,Porto,primeira-liga,ST,30,76,fc26,4.5,,1.0,False,2027,False,citizenship-no-tm,Portugal
MT,Santa Clara,primeira-liga,CB,25,72,value-fit,4.5,4.5,0.2,False,2028,False,appearances,Brazil
Emanuel Moreira,Santa Clara,primeira-liga,CB,23,71,position-median,4.5,,0.5,False,2027,False,citizenship-no-tm,Portugal
Pedro Jesus,Santa Clara,primeira-liga,AM,23,71,position-median,4.5,,0.5,False,2027,False,citizenship-no-tm,Portugal
Ilyes Najim,Beveren,pro-league,LW,23,71,position-median,4.5,,0.4,False,2027,False,citizenship-no-tm,France
Mujaid Sadick,Genk,pro-league,CB,26,74,fc26,4.5,3.5,0.7,False,2028,False,appearances,Spain
Nikolas Sattlberger,Genk,pro-league,CM,22,70,fc26,4.5,,0.4,False,2029,False,appearances,Austria
Yaimar Medina,Genk,pro-league,LB,21,70,fc26,4.5,4.0,0.4,False,2029,False,appearances,Ecuador
Matties Volckaert,Gent,pro-league,CB,23,71,position-median,4.5,,0.4,False,2029,False,appearances,Belgium
Lukasz Lakomy,Leuven,pro-league,CM,25,72,position-median,4.5,,0.5,False,2029,False,appearances,Poland
Jesper Tolinsson,Lommel,pro-league,CB,23,71,position-median,4.5,,0.4,False,2027,False,citizenship-no-tm,Sweden
Nikola Mituljikic,Zulte Waregem,pro-league,RW,23,71,position-median,4.5,,0.4,False,2028,False,appearances,Serbia
Filippo Terracciano,AC Milan,serie-a,CB,23,71,fc26,4.5,4.5,1.5,False,2028,False,appearances,Italy
Alberto Dossena,Como,serie-a,CB,27,73,fc26,4.5,5.0,1.9,False,2028,False,appearances,Italy
Riccardo Sottil,Fiorentina,serie-a,LW,27,75,fc26,4.5,3.5,1.1,False,2027,False,appearances,Italy
Justin Bijlow,Genoa,serie-a,GK,28,75,fc26,4.5,4.0,3.1,False,2029,False,appearances,Netherlands
Jeff Ekhator,Juventus,serie-a,ST,19,61,fc26,16.4,7.0,2.4,False,2031,False,appearances,Italy
Adam Marusic,Lazio,serie-a,RB,33,78,fc26,4.5,5.0,3.7,False,2028,False,citizenship-window-invisible,Montenegro
Ivan Provedel,Inter Milan,serie-a,GK,32,82,fc26,4.5,3.0,3.7,False,2027,False,appearances,Italy
Christos Mandas,Lazio,serie-a,GK,24,74,fc26,4.5,3.0,1.0,False,2029,False,appearances,Greece
Enrico Del Prato,Parma,serie-a,RB,26,73,salary-fit,4.5,,1.7,False,2027,False,citizenship-no-tm,Italy
Hans Nicolussi Caviglia,Parma,serie-a,CM,26,75,fc26,4.5,3.0,0.8,False,2030,False,appearances,Italy
Abdoulaye Ndiaye,Parma,serie-a,CB,24,75,fc26,4.5,3.0,0.8,False,2029,False,appearances,Senegal
Agustín Álvarez,Sassuolo,serie-a,ST,25,72,fc26,4.5,4.5,1.3,False,2027,False,appearances,Uruguay
Giovanni Simeone,Torino,serie-a,ST,30,75,fc26,4.5,5.0,3.1,False,2028,False,appearances,Argentina
Ardian Ismajli,Torino,serie-a,CB,29,74,fc26,4.5,6.0,2.2,False,2027,False,appearances,Albania
Alessandro Zanoli,Udinese,serie-a,RB,25,72,fc26,4.5,5.0,1.1,False,2029,False,appearances,Italy
Noel Aseko,Bayern Munich,bundesliga,CM,20,61,fc26,4.0,6.0,0.2,False,2028,False,citizenship-window-invisible,Germany
Cole Campbell,Elversberg,bundesliga,RW,20,67,fc26,4.0,5.0,0.5,False,2028,False,appearances,United States
Niels Nkounkou,Eintracht Frankfurt,bundesliga,LB,25,72,fc26,4.0,3.5,0.7,False,2028,False,appearances,France
Noel Futkeu,Eintracht Frankfurt,bundesliga,ST,23,70,fc26,4.0,,0.9,False,2027,False,citizenship-no-tm,Germany
Francis Onyeka,Elversberg,bundesliga,AM,19,60,fc26,4.0,6.0,0.3,False,2027,False,appearances,Germany
Maurice Krattenmacher,Elversberg,bundesliga,LW,20,69,fc26,4.0,3.5,0.8,False,2030,False,appearances,Germany
Yussuf Poulsen,Hamburg,bundesliga,ST,32,74,fc26,4.0,6.0,2.6,False,2027,False,appearances,Denmark
Nicolás Capaldo,Hamburg,bundesliga,CB,27,73,fc26,4.0,,2.3,False,2028,False,appearances,Argentina
Bernardo,Hoffenheim,bundesliga,LB,31,75,fc26,4.0,5.0,3.8,False,2027,False,appearances,Brazil
Albian Hajdari,Hoffenheim,bundesliga,CB,23,70,fc26,4.0,,2.3,False,2031,False,appearances,Kosovo
Mats Rots,Hoffenheim,bundesliga,LB,20,67,fc26,4.0,5.0,0.6,False,2031,False,appearances,Netherlands
Timo Hübers,Koln,bundesliga,CB,29,73,fc26,4.0,5.5,2.6,False,2027,False,appearances,Germany
Jahmai Simpson-Pusey,Koln,bundesliga,CB,20,68,fc26,4.0,4.0,0.7,False,2030,True,citizenship-plus-appearances,England
Phillip Tietz,Mainz,bundesliga,ST,28,75,fc26,4.0,3.5,1.3,False,2028,False,appearances,Germany
Silas Katompa Mvumpa,Mainz,bundesliga,RW,27,74,fc26,4.0,3.0,1.1,False,2027,False,appearances,Democratic Republic of the Congo
William Bøving,Mainz,bundesliga,ST,23,71,fc26,4.0,3.0,1.0,False,2029,False,appearances,Denmark
Sota Kawasaki,Mainz,bundesliga,CM,24,71,fc26,4.0,,0.8,False,2027,False,appearances,Japan
Ransford-Yeboah Königsdörffer,Mainz,bundesliga,ST,24,71,fc26,4.0,,1.1,False,2027,False,citizenship-no-tm,Ghana
Florian Neuhaus,Monchengladbach,bundesliga,CM,29,75,fc26,4.0,3.5,4.0,False,2027,False,appearances,Germany
Kevin Diks,Monchengladbach,bundesliga,CB,29,74,fc26,4.0,5.0,2.8,False,2030,False,appearances,Indonesia
Dejan Ljubicic,Schalke 04,bundesliga,CM,28,73,fc26,4.0,5.0,1.0,False,2028,False,appearances,Austria
Junior Adamu,Schalke 04,bundesliga,ST,25,71,fc26,4.0,5.0,1.1,False,2029,False,appearances,Austria
Ramon Hendriks,Stuttgart,bundesliga,CB,24,70,fc26,4.0,5.0,0.8,False,2028,False,appearances,Netherlands
Leonidas Stergiou,Stuttgart,bundesliga,RB,24,71,fc26,4.0,3.5,0.6,False,2028,False,appearances,Switzerland
Frederik Rönnow,Union Berlin,bundesliga,GK,33,80,fc26,4.0,2.5,1.9,False,2027,False,citizenship-window-invisible,Denmark
Woo-yeong Jeong,Union Berlin,bundesliga,AM,26,73,fc26,4.0,3.5,1.7,False,2027,False,appearances,South Korea
Ilyas Ansah,Union Berlin,bundesliga,ST,21,69,fc26,4.0,,0.8,False,2027,False,appearances,Germany
Keke Topp,Werder Bremen,bundesliga,ST,22,68,fc26,4.0,5.0,0.6,False,2028,False,appearances,Germany
Evan Rottier,ADO Den Haag,eredivisie,AM,24,71,position-median,4.0,,0.5,False,2027,False,citizenship-no-tm,Netherlands
Isak Jensen,AZ Alkmaar,eredivisie,LW,22,70,fc26,4.0,3.5,0.6,False,2030,False,appearances,Denmark
Owen Wijndal,Ajax,eredivisie,LB,26,72,fc26,4.0,4.0,1.4,False,2027,False,appearances,Netherlands
Oliver Valaker Edvardsen,Ajax,eredivisie,LW,27,73,fc26,4.0,4.0,0.6,False,2028,False,appearances,Norway
Nicolas Binder,Cambuur Leeuwarden,eredivisie,ST,24,71,position-median,4.0,,0.5,False,2027,False,citizenship-no-tm,Austria
Jeremiah St Juste,Feyenoord,eredivisie,CB,29,76,fc26,4.0,3.0,2.0,False,2027,False,appearances,Netherlands
Jordan Bos,Feyenoord,eredivisie,LB,23,69,fc26,4.0,5.0,0.9,False,2029,False,appearances,Australia
Adamo Nagalo,PSV,eredivisie,CB,23,71,fc26,4.0,3.0,0.8,False,2029,False,appearances,Burkina Faso
Nick Olij,PSV,eredivisie,GK,30,77,fc26,4.0,3.0,0.7,False,2029,False,appearances,Netherlands
Daan Rots,Twente,eredivisie,RW,24,74,fc26,4.0,2.5,0.4,False,2027,False,appearances,Netherlands
Mathias Kjølø,Twente,eredivisie,CM,25,71,fc26,4.0,5.0,0.3,False,2027,False,appearances,Norway
Mees Hilgers,Twente,eredivisie,CB,25,72,fc26,4.0,4.0,0.3,False,2027,False,appearances,Indonesia
Wout Weghorst,Twente,eredivisie,ST,33,78,fc26,4.0,3.5,1.6,False,2028,False,citizenship-window-invisible,Netherlands
Axel Tuanzebe,Free agent,free-agent,CB,28,73,fc26,4.0,5.0,1.1,False,2026,False,appearances,DR Congo
Felix Afena-Gyan,Free agent,free-agent,LW,23,70,value-fit,4.0,4.2,0.7,False,2026,False,appearances,Ghana
Joseph Aidoo,Free agent,free-agent,CB,30,75,fc26,4.0,4.0,1.5,False,2026,False,appearances,Ghana
Koki Saito,Free agent,free-agent,LW,24,71,value-fit,4.0,4.0,0.8,False,2026,False,appearances,Japan
Frank Magri,Free agent,free-agent,ST,26,72,fc26,4.0,4.0,0.9,False,2026,False,appearances,Cameroon
Toni Martínez,Alaves,la-liga,ST,29,74,fc26,4.0,5.0,1.9,False,2028,False,appearances,Spain
Unai Vencedor,Athletic Club,la-liga,CM,25,71,fc26,4.0,5.0,1.6,False,2027,False,appearances,Spain
Iñigo Ruiz de Galarreta,Athletic Club,la-liga,CM,32,80,fc26,4.0,2.5,1.5,False,2027,False,citizenship-window-invisible,Spain
Marc Casadó,Barcelona,la-liga,CM,22,79,fc26,4.0,2.5,1.2,False,2028,False,appearances,Spain
Ionut Radu,Celta Vigo,la-liga,GK,29,74,fc26,4.0,5.0,1.9,False,2029,False,appearances,Romania
Rafa Núñez,Elche,la-liga,LW,24,71,position-median,4.0,,0.8,False,2027,False,citizenship-no-tm,Dominican Republic
Edu Expósito,Espanyol,la-liga,CM,29,75,fc26,4.0,4.0,1.9,False,2027,False,appearances,Spain
Carlos Espí,Real Madrid,la-liga,ST,20,68,fc26,25.0,,0.4,False,2028,False,appearances,Spain
Lucas Torró,Osasuna,la-liga,CM,31,78,fc26,4.0,2.8,2.1,False,2027,False,appearances,Spain
Sergio Herrera,Osasuna,la-liga,GK,33,79,fc26,4.0,3.0,2.1,False,2028,False,citizenship-window-invisible,Spain
Alejandro Catena,Osasuna,la-liga,CB,31,79,fc26,4.0,2.8,1.7,False,2028,False,appearances,Spain
Raúl Moro,Osasuna,la-liga,LW,23,76,fc26,4.0,2.5,1.5,False,2031,False,appearances,Spain
Raúl García,Osasuna,la-liga,ST,25,73,fc26,4.0,3.0,1.2,False,2031,False,appearances,Spain
Pedro Díaz,Rayo Vallecano,la-liga,CM,28,75,fc26,4.0,3.0,1.6,False,2028,False,appearances,Spain
Sergio Camello,Rayo Vallecano,la-liga,ST,25,73,fc26,4.0,3.0,0.8,False,2027,False,appearances,Spain
Mouctar Diakhaby,Valencia,la-liga,CB,29,76,fc26,4.0,2.8,4.0,False,2027,False,appearances,Guinea
Josué Casimir,Auxerre,ligue-1,RW,24,71,fc26,4.0,3.5,1.1,False,2028,False,appearances,Haiti
Rassoul Ndiaye,Le Havre,ligue-1,CM,24,70,fc26,4.0,5.0,0.9,False,2028,False,appearances,Senegal
Florian Thauvin,Lens,ligue-1,RW,33,76,fc26,4.0,5.0,3.3,False,2028,False,citizenship-window-invisible,France
Jonathan Gradit,Lens,ligue-1,CB,33,77,fc26,4.0,4.5,2.7,False,2028,False,citizenship-window-invisible,France
Jhoanner Chávez,Lens,ligue-1,LB,24,72,fc26,4.0,3.0,0.7,False,2028,False,appearances,Ecuador
Marius Broholm,Lille,ligue-1,RW,21,69,fc26,4.0,,0.9,False,2030,False,appearances,Norway
Jean-Victor Makengo,Lorient,ligue-1,AM,28,69,fc26,4.0,6.0,1.6,False,2027,False,appearances,France
Joel Mvuka,Lorient,ligue-1,RW,23,71,fc26,4.0,3.5,0.7,False,2027,False,appearances,Norway
Formose Mendy,Lorient,ligue-1,CB,25,71,fc26,4.0,4.5,0.6,False,2028,False,appearances,Senegal
Clinton Mata,Lyon,ligue-1,CB,33,77,fc26,4.0,4.0,2.2,False,2028,False,citizenship-window-invisible,Angola
Derek Cornelius,Marseille,ligue-1,CB,28,74,fc26,4.0,4.0,0.7,False,2028,False,appearances,Canada
Morgan Sanson,Nice,ligue-1,CM,31,76,fc26,4.0,4.0,5.1,False,2027,False,appearances,France
Mohamed Abdelmonem,Nice,ligue-1,CB,27,74,fc26,4.0,3.0,1.4,False,2028,False,appearances,Egypt
Isak Jansson,Nice,ligue-1,LW,24,71,fc26,4.0,,1.4,False,2027,False,appearances,Sweden
Antoine Mendy,Nice,ligue-1,CB,22,70,fc26,4.0,4.0,0.7,False,2028,False,appearances,Senegal
Nhoa Sangui,Paris FC,ligue-1,LB,20,67,fc26,4.0,5.0,0.8,False,2030,False,appearances,France
Sékou Mara,Strasbourg,ligue-1,ST,23,70,fc26,4.0,4.0,1.6,False,2029,False,appearances,France
Abakar Sylla,Strasbourg,ligue-1,CB,23,72,fc26,4.0,3.0,1.1,False,2028,False,appearances,Cote d'Ivoire
Saïdou Sow,Strasbourg,ligue-1,CB,23,71,fc26,4.0,3.0,0.8,False,2028,False,appearances,Guinea
Milos Lukovic,Strasbourg,ligue-1,ST,20,67,fc26,4.0,5.0,0.4,False,2028,False,appearances,Serbia
Aron Dønnum,Toulouse,ligue-1,RW,28,75,fc26,4.0,3.5,1.6,False,2027,False,appearances,Norway
Tyrone Mings,Aston Villa,premier-league,CB,33,78,fc26,4.0,4.0,6.7,False,2027,True,citizenship-window-invisible,England
Max Aarons,Bournemouth,premier-league,RB,26,72,fc26,4.0,4.0,2.1,False,2029,True,citizenship-plus-appearances,England
Ethan Pinnock,Brentford,premier-league,CB,33,77,fc26,4.0,4.0,1.8,False,2027,False,citizenship-window-invisible,Jamaica
Pascal Groß,Brighton,premier-league,CM,35,80,fc26,4.0,3.5,5.5,False,2027,False,citizenship-window-invisible,Germany
Tom Watson,Brighton,premier-league,LW,20,68,fc26,4.0,,1.2,False,2029,True,citizenship-plus-appearances,England
Oliver Dovin,Coventry,premier-league,GK,23,70,fc26,4.0,,0.5,False,2028,False,citizenship-no-tm,Sweden
Trey Nyoni,Liverpool,premier-league,CM,19,64,fc26,15.0,6.0,1.5,False,2030,True,appearances,England
Vitezslav Jaros,Liverpool,premier-league,GK,24,70,fc26,4.0,5.0,0.4,False,2028,True,appearances,Czech Republic
Marquinho,Academico Viseu,primeira-liga,AM,24,71,position-median,4.0,,0.5,False,2028,False,citizenship-no-tm,Brazil
Matheus Sampaio,Academico Viseu,primeira-liga,GK,21,69,position-median,4.0,,0.3,False,2027,False,citizenship-no-tm,Brazil
Armando Jr,Alverca,primeira-liga,ST,24,71,position-median,4.0,,0.5,False,2028,False,citizenship-no-tm,Spain
Vítor Carvalho,Braga,primeira-liga,CM,29,74,fc26,4.0,4.0,0.6,False,2028,False,appearances,Brazil
Amine El Ouazzani,Braga,primeira-liga,ST,24,71,fc26,4.0,3.5,0.5,False,2029,False,appearances,Morocco
Adrian Leon Barisic,Braga,primeira-liga,CB,24,71,position-median,4.0,,0.5,False,2030,False,citizenship-no-tm,Bosnia-Herzegovina
Denis Huseinbasic,Braga,primeira-liga,CM,25,72,fc26,4.0,4.0,0.5,False,2031,False,appearances,Bosnia-Herzegovina
Jordan Holsgrove,Estoril,primeira-liga,CM,26,73,fc26,4.0,3.5,0.3,False,2028,False,appearances,Scotland
Ianis Stoica,Estrela Amadora,primeira-liga,LW,23,70,fc26,4.0,,0.1,False,2028,False,appearances,Romania
Leonardo Realpe,Famalicao,primeira-liga,CB,25,72,value-fit,4.0,4.0,0.3,False,2029,False,appearances,Ecuador
Ghislain Konan,Gil Vicente,primeira-liga,LB,30,72,fc26,4.0,6.5,0.5,False,2027,False,appearances,Cote d'Ivoire
Noah Madsen,Marítimo,primeira-liga,CB,24,71,position-median,4.0,,0.5,False,2027,False,citizenship-no-tm,Denmark
Aranha,Moreirense,primeira-liga,GK,21,69,position-median,4.0,,0.3,False,2027,False,citizenship-window-invisible,Brazil
Cezary Miszta,Rio Ave,primeira-liga,GK,24,72,fc26,4.0,3.0,0.4,False,2027,False,appearances,Poland
Sergi Altimira,Sporting Lisbon,primeira-liga,CM,24,77,fc26,18.3,2.5,1.2,False,2031,False,appearances,Spain
Enric Llansana,Anderlecht,pro-league,CM,25,72,fc26,4.0,3.5,0.5,False,2029,False,appearances,Netherlands
Josua Lusamba,Beveren,pro-league,GK,21,69,position-median,4.0,,0.3,False,2027,False,citizenship-no-tm,Democratic Republic of the Congo
Parfait Guiagon,Charleroi,pro-league,LW,25,72,fc26,4.0,4.0,0.5,False,2028,False,appearances,Cote d'Ivoire
Yassine Titraoui,Charleroi,pro-league,CM,22,68,fc26,4.0,5.0,0.3,False,2027,False,appearances,Algeria
Slobodan Stanojlovic,Charleroi,pro-league,ST,24,71,position-median,4.0,,0.4,False,2027,False,citizenship-window-invisible,Serbia
Nicolò Tresoldi,Club Brugges,pro-league,ST,21,69,fc26,4.0,,0.3,False,2029,False,appearances,Germany
Hugo Siquet,Club Brugges,pro-league,RB,23,70,fc26,4.0,4.0,0.4,False,2028,False,appearances,Belgium
Elias Filet,La Louviere,pro-league,ST,24,71,position-median,4.0,,0.4,False,2028,False,citizenship-window-invisible,France
Fedde Leysen,Union SG,pro-league,CB,22,68,fc26,4.0,5.0,0.3,False,2029,False,appearances,Belgium
Alphadjo Cissè,AC Milan,serie-a,AM,19,64,fc26,4.0,6.0,0.3,False,2030,False,appearances,Italy
Davide Zappacosta,Atalanta,serie-a,RW,34,79,fc26,4.0,3.5,1.7,False,2028,False,citizenship-window-invisible,Italy
Torbjørn Heggem,Bologna,serie-a,CB,27,73,fc26,4.0,,1.0,False,2029,False,appearances,Norway
Yerry Mina,Cagliari,serie-a,CB,31,77,fc26,4.0,3.0,1.9,False,2028,False,appearances,Colombia
Adam Obert,Cagliari,serie-a,LB,23,70,fc26,4.0,4.0,0.9,False,2030,False,appearances,Slovakia
Jean Butez,Como,serie-a,GK,31,76,fc26,4.0,4.5,1.1,False,2030,False,appearances,France
Yannik Engelhardt,Freiburg,bundesliga,CM,25,70,fc26,4.0,6.0,1.1,False,2027,False,appearances,Germany
Ignace Van der Brempt,Como,serie-a,RB,24,71,fc26,4.0,3.5,0.5,False,2028,False,appearances,Belgium
Antonín Barák,Fiorentina,serie-a,AM,31,75,fc26,4.0,4.5,2.8,False,2027,False,appearances,Czech Republic
Simon Sohm,Fiorentina,serie-a,CM,25,74,fc26,4.0,2.5,1.7,False,2030,False,appearances,Switzerland
Aarón Martín,Genoa,serie-a,LB,29,74,fc26,4.0,5.0,1.3,False,2027,False,appearances,Spain
Danilo Cataldi,Lazio,serie-a,CM,31,77,fc26,4.0,3.5,2.8,False,2027,False,appearances,Italy
Luca Pellegrini,Lazio,serie-a,LB,27,74,fc26,4.0,3.5,2.4,False,2027,False,appearances,Italy
Omri Gandelman,Lecce,serie-a,AM,26,71,fc26,4.0,5.0,1.1,False,2029,False,appearances,Israel
Medon Berisha,Lecce,serie-a,CM,22,67,fc26,4.0,6.0,0.4,False,2028,False,appearances,Albania
Samuele Birindelli,Monza,serie-a,RB,26,74,fc26,4.0,2.5,1.1,False,2028,False,appearances,Italy
Leonardo Spinazzola,Napoli,serie-a,LB,33,78,fc26,4.0,3.5,3.3,False,2028,False,citizenship-window-invisible,Italy
Walid Cheddira,Napoli,serie-a,ST,28,72,fc26,4.0,6.0,0.3,False,2028,False,appearances,Morocco
Cristian Volpato,Sassuolo,serie-a,AM,22,69,fc26,4.0,4.5,1.3,False,2028,False,appearances,Australia
Gvidas Gineitis,Torino,serie-a,CM,22,68,fc26,4.0,5.5,1.5,False,2029,False,appearances,Lithuania
Marcus Holmgren Pedersen,Torino,serie-a,RB,25,72,fc26,4.0,3.5,1.3,False,2027,False,appearances,Norway
Saba Goglichidze,Udinese,serie-a,CB,22,69,fc26,4.0,4.5,1.1,False,2030,False,appearances,Georgia
Giovanni Di Renzo,Venezia,serie-a,CB,24,71,position-median,4.0,,1.0,False,2028,False,citizenship-no-tm,Italy
Robin Fellhauer,Augsburg,bundesliga,CM,28,73,fc26,3.5,,1.3,False,2029,False,appearances,Germany
Rodrigo Ribeiro,Augsburg,bundesliga,ST,21,68,fc26,3.5,,0.9,False,2031,False,citizenship-no-tm,Portugal
Abdoulaye Faye,Bayer Leverkusen,bundesliga,CB,21,68,fc26,3.5,,0.8,False,2030,False,appearances,Senegal
Afonso Moreira,Bayer Leverkusen,bundesliga,LW,21,67,fc26,29.5,5.0,0.6,False,2031,False,appearances,Portugal
Jonas Urbig,Bayern Munich,bundesliga,GK,22,74,fc26,3.5,2.0,1.3,False,2029,False,appearances,Germany
Michy Batshuayi,Eintracht Frankfurt,bundesliga,ST,32,77,fc26,3.5,3.0,3.4,False,2027,False,citizenship-window-invisible,Belgium
Filimon Gerezgiher,Elversberg,bundesliga,LW,25,71,position-median,3.5,,1.1,False,2027,False,citizenship-no-tm,Eritrea
Lukasz Poreba,Elversberg,bundesliga,CM,26,72,position-median,3.5,,1.3,False,2029,False,citizenship-no-tm,Poland
Warmed Omari,Hamburg,bundesliga,CB,26,73,fc26,3.5,3.0,1.5,False,2030,False,appearances,Comoros
Linton Maina,Koln,bundesliga,LW,27,73,fc26,3.5,3.0,1.5,False,2027,False,appearances,Germany
Sebastian Sebulonsen,Koln,bundesliga,RB,26,70,fc26,3.5,5.5,1.0,False,2028,False,appearances,Norway
Arnaud Nordin,Rennes,ligue-1,RW,28,73,fc26,3.5,4.0,1.7,False,2028,False,appearances,France
Hyun-seok Hong,Mainz,bundesliga,AM,27,73,fc26,3.5,3.0,1.4,False,2028,False,appearances,South Korea
Lennard Maloney,Mainz,bundesliga,CM,26,72,fc26,3.5,3.5,1.3,False,2028,False,appearances,United States
Maximilian Kinzig,Mainz,bundesliga,GK,22,69,position-median,3.5,,0.8,False,2027,False,citizenship-no-tm,Germany
Tomas Cvancara,Monchengladbach,bundesliga,ST,25,72,fc26,3.5,2.5,1.9,False,2028,False,appearances,Czech Republic
Santiago Castañeda,Paderborn,bundesliga,CM,21,68,fc26,3.5,,0.4,False,2027,False,citizenship-no-tm,United States
Oliver Burke,Union Berlin,bundesliga,ST,29,73,fc26,3.5,4.0,1.5,False,2029,False,appearances,Scotland
Niklas Stark,Werder Bremen,bundesliga,CB,31,75,fc26,3.5,3.5,2.6,False,2027,False,appearances,Germany
Chuki,Werder Bremen,bundesliga,AM,22,68,fc26,3.5,4.0,0.7,False,2030,False,appearances,Spain
Jalen Hawkins,ADO Den Haag,eredivisie,RW,25,71,position-median,3.5,,0.5,False,2028,False,citizenship-no-tm,Germany
Seiya Maikuma,AZ Alkmaar,eredivisie,RB,28,74,fc26,3.5,3.0,0.8,False,2028,False,appearances,Japan
Ibrahim Sadiq,AZ Alkmaar,eredivisie,RW,26,72,fc26,3.5,3.0,0.4,False,2028,False,appearances,Ghana
Jari De Busser,AZ Alkmaar,eredivisie,GK,26,72,fc26,3.5,3.0,0.6,False,2031,False,appearances,Belgium
Lucas Rosa,Ajax,eredivisie,RB,26,71,fc26,3.5,4.0,0.5,False,2029,False,appearances,Brazil
Nicky Souren,Cambuur Leeuwarden,eredivisie,CM,26,72,position-median,3.5,,0.6,False,2027,False,citizenship-no-tm,Curacao
Gonçalo Borges,Feyenoord,eredivisie,RW,25,72,fc26,3.5,3.0,0.8,False,2029,False,appearances,Portugal
Luka Ivanušec,Feyenoord,eredivisie,AM,27,72,fc26,3.5,3.5,0.6,False,2028,False,appearances,Croatia
Oliver Braude,Heerenveen,eredivisie,RB,22,68,fc26,3.5,4.5,0.1,False,2027,False,appearances,Norway
Philippe Sandler,NEC Nijmegen,eredivisie,CB,29,74,fc26,3.5,3.0,0.6,False,2029,False,appearances,Netherlands
Alassane Pléa,PSV,eredivisie,ST,33,78,fc26,3.5,3.0,3.0,False,2028,False,citizenship-window-invisible,France
Armando Obispo,PSV,eredivisie,CB,27,73,fc26,3.5,3.0,0.6,False,2027,False,appearances,Curacao
Esmir Bajraktarevic,PSV,eredivisie,RW,21,67,fc26,3.5,5.0,0.4,False,2029,False,appearances,Bosnia-Herzegovina
Abdelnour Soualhia,Telstar,eredivisie,CB,25,71,position-median,3.5,,0.5,False,2027,False,citizenship-no-tm,France
Karst de Leeuw,Willem II,eredivisie,GK,22,69,position-median,3.5,,0.4,False,2027,False,citizenship-window-invisible,Netherlands
Leander Dendoncker,Free agent,free-agent,CM,31,75,fc26,3.5,4.0,1.5,False,2026,False,appearances,Belgium
Deiver Machado,Free agent,free-agent,LB,32,76,fc26,3.5,4.0,1.7,False,2026,False,citizenship-window-invisible,Colombia
Jimmy Dunne,Free agent,free-agent,RB,28,73,fc26,3.5,4.0,1.1,False,2026,False,appearances,Ireland
David Nemeth,Free agent,free-agent,CB,25,71,fc26,3.5,4.0,0.8,False,2026,False,appearances,Austria
Joe Aribo,Free agent,free-agent,CM,29,73,fc26,3.5,4.0,1.1,False,2026,False,appearances,Nigeria
Bamba Dieng,Free agent,free-agent,ST,26,71,fc26,3.5,4.0,0.8,False,2026,False,appearances,Senegal
Lincoln,Free agent,free-agent,AM,27,73,value-fit,3.5,3.5,1.1,False,2026,False,appearances,Brazil
Nahuel Tenaglia,Alaves,la-liga,RB,30,76,fc26,3.5,3.0,1.5,False,2029,False,appearances,Argentina
Manu Sánchez,Celta Vigo,la-liga,LB,25,71,salary-fit,3.5,,1.2,False,2028,False,citizenship-no-tm,Spain
Luismi Cruz,Deportivo,la-liga,RW,25,71,fc26,3.5,,0.4,False,2029,False,citizenship-no-tm,Spain
Álvaro Rodríguez,Bournemouth,premier-league,ST,21,68,fc26,25.0,4.0,0.8,False,2029,False,appearances,Uruguay
Yvan Neyou,Getafe,la-liga,CM,29,75,fc26,3.5,2.5,1.5,False,2028,False,appearances,Cameroon
Roger Brugué,Levante,la-liga,LW,29,74,fc26,3.5,,1.7,False,2028,False,appearances,Spain
Kervin Arriaga,Levante,la-liga,CM,28,73,fc26,3.5,,1.0,False,2028,False,appearances,Honduras
Enzo Bardeli,Levante,la-liga,CM,25,71,fc26,3.5,,0.8,False,2029,False,citizenship-no-tm,France
Luiz Felipe,Rayo Vallecano,la-liga,CB,29,75,fc26,3.5,3.0,2.1,False,2027,False,appearances,Italy
Unai López,Rayo Vallecano,la-liga,CM,30,76,fc26,3.5,2.5,1.9,False,2029,False,appearances,Spain
Alexandre Alemão,Rayo Vallecano,la-liga,ST,28,73,salary-fit,3.5,,1.5,False,2030,False,citizenship-no-tm,Brazil
Ángel Ortiz,Real Betis,la-liga,RB,21,68,fc26,3.5,,0.6,False,2029,False,appearances,Spain
Joan Jordán,Estrela Amadora,primeira-liga,CM,31,76,fc26,3.5,3.5,3.5,False,2027,False,appearances,Spain
Fábio Cardoso,Sevilla,la-liga,CB,32,76,value-fit,3.5,3.5,2.1,False,2028,False,appearances,Portugal
Federico Gattoni,Sevilla,la-liga,CB,27,72,fc26,3.5,3.5,0.4,False,2027,False,appearances,Argentina
Daniel Raba,Valencia,la-liga,ST,30,76,fc26,3.5,2.4,1.2,False,2027,False,appearances,Spain
Jesús Vázquez,Valencia,la-liga,LB,23,70,fc26,3.5,3.0,1.0,False,2028,False,appearances,Spain
Anthony Bermont,Angers,ligue-1,LW,21,68,fc26,3.5,,0.5,False,2027,False,appearances,France
Danny Loader,Auxerre,ligue-1,LW,25,71,salary-fit,3.5,,1.2,False,2029,False,citizenship-no-tm,Cameroon
Ludovic Ajorque,Brest,ligue-1,ST,32,77,fc26,3.5,3.0,2.5,False,2027,False,appearances,France
Goduine Koyalipou,Lens,ligue-1,ST,26,73,fc26,3.5,2.5,0.7,False,2028,False,appearances,Central African Republic
Michaël Cuisance,Lens,ligue-1,CM,26,72,fc26,3.5,,1.1,False,2030,False,citizenship-no-tm,France
Souleymane Isaak Touré,Lorient,ligue-1,CB,23,71,fc26,3.5,2.5,1.2,False,2028,False,appearances,France
Mathys de Carvalho,Lyon,ligue-1,CM,21,68,value-fit,3.5,4.0,0.5,False,2028,False,appearances,Portugal
Ulisses Garcia,Marseille,ligue-1,LB,30,75,fc26,3.5,3.0,1.8,False,2028,False,appearances,Switzerland
Stanis Idumbo,Monaco,ligue-1,AM,21,67,fc26,3.5,5.0,0.8,False,2030,False,appearances,Belgium
Renato Sanches,PSG,ligue-1,CM,28,75,fc26,3.5,2.5,1.8,False,2027,False,appearances,Portugal
Thibault De Smet,Paris FC,ligue-1,LB,28,72,fc26,3.5,4.0,0.9,False,2027,False,appearances,Belgium
Yassir Zabiri,Rennes,ligue-1,ST,21,68,value-fit,3.5,4.0,0.8,False,2029,False,appearances,Morocco
Santiago Hidalgo,Toulouse,ligue-1,ST,21,68,fc26,3.5,,0.6,False,2029,False,appearances,Argentina
Marco Bizot,Aston Villa,premier-league,GK,35,78,fc26,3.5,4.0,2.7,False,2027,False,citizenship-window-invisible,Netherlands
Lewis Dunk,Brighton,premier-league,CB,34,77,fc26,3.5,4.0,5.2,False,2027,True,citizenship-window-invisible,England
Danny Welbeck,Chelsea,premier-league,ST,35,78,fc26,3.5,4.0,3.7,False,2027,True,citizenship-window-invisible,England
Stefanos Tzimas,Brighton,premier-league,ST,20,72,fc26,3.5,1.8,1.2,False,2030,False,appearances,Greece
Haji Wright,Coventry,premier-league,ST,28,73,fc26,3.5,,1.5,False,2027,False,citizenship-no-tm,United States
Bobby Thomas,Coventry,premier-league,CB,25,71,fc26,3.5,,0.5,False,2029,False,citizenship-no-tm,England
Borna Sosa,Crystal Palace,premier-league,LB,28,73,fc26,3.5,4.0,2.1,False,2028,False,appearances,Croatia
Mark Travers,Everton,premier-league,GK,27,72,fc26,3.5,4.0,1.5,False,2029,False,appearances,Ireland
Harry Clarke,Ipswich Town,premier-league,RB,25,70,fc26,3.5,4.0,1.2,False,2027,True,citizenship-plus-appearances,England
Joe Gelhardt,Leeds,premier-league,ST,24,70,fc26,3.5,,0.9,False,2027,False,citizenship-no-tm,England
Chido Obi,Manchester United,premier-league,ST,18,65,fc26,3.5,5.0,0.9,False,2028,False,appearances,Denmark
Dennis Cirkin,Sunderland,premier-league,LB,24,72,fc26,3.5,2.2,1.2,False,2027,False,appearances,Latvia
Ashley Phillips,Tottenham,premier-league,CB,21,70,fc26,3.5,2.2,1.2,False,2028,True,citizenship-plus-appearances,England
Nikolaos Michelis,Academico Viseu,primeira-liga,CB,25,71,position-median,3.5,,0.5,False,2028,False,citizenship-no-tm,Greece
Nils Mortimer,Academico Viseu,primeira-liga,RW,25,71,position-median,3.5,,0.5,False,2028,False,citizenship-no-tm,Spain
Samuel Soares,Benfica,primeira-liga,GK,24,70,fc26,3.5,4.0,0.5,False,2027,False,appearances,Portugal
Gustaf Lagerbielke,Braga,primeira-liga,CB,26,70,fc26,3.5,5.0,0.9,False,2030,False,appearances,Sweden
Ege Tiknaz,Braga,primeira-liga,CM,21,68,salary-fit,3.5,,0.7,False,2031,False,citizenship-no-tm,Turkey
Rafik Guitane,Estoril,primeira-liga,RW,27,73,fc26,3.5,3.5,0.4,False,2027,False,appearances,Algeria
Fernando Medrano,Estoril,primeira-liga,LB,26,72,position-median,3.5,,0.5,False,2028,False,citizenship-no-tm,Spain
Mathias de Amorim,Famalicao,primeira-liga,CM,21,68,fc26,3.5,,0.2,False,2028,False,appearances,Portugal
Kimiss Zavala,Marítimo,primeira-liga,GK,22,69,position-median,3.5,,0.3,False,2027,False,citizenship-no-tm,Mozambique
Vladan Danilović,Marítimo,primeira-liga,CM,26,72,position-median,3.5,,0.5,False,2027,False,citizenship-no-tm,Bosnia-Herzegovina
Zé Vítor,Nacional,primeira-liga,CB,25,71,fc26,3.5,,0.1,False,2027,False,appearances,Brazil
Alberto Costa,Porto,primeira-liga,RB,22,69,fc26,3.5,,1.9,False,2030,False,appearances,Portugal
Borja Sainz,Porto,primeira-liga,LW,25,75,fc26,3.5,2.2,1.1,False,2030,False,appearances,Spain
Gabriel Batista,Santa Clara,primeira-liga,GK,28,73,fc26,3.5,4.0,0.3,False,2028,False,appearances,Brazil
Lucas Hey,Anderlecht,pro-league,CB,23,68,fc26,3.5,4.5,0.3,False,2029,False,appearances,Denmark
Mihajlo Cvetkovic,Anderlecht,pro-league,ST,19,67,fc26,3.5,,0.2,False,2029,False,appearances,Serbia
Giulian Biancone,Anderlecht,pro-league,CB,26,73,fc26,3.5,2.5,0.6,False,2029,False,appearances,France
Christiaan Ravych,Cercle Brugges,pro-league,CB,23,70,fc26,3.5,3.5,0.4,False,2027,False,appearances,Belgium
Gustaf Nilsson,Club Brugges,pro-league,ST,29,75,fc26,3.5,2.5,0.8,False,2028,False,appearances,Sweden
Hugo Vetlesen,Club Brugges,pro-league,CM,26,72,fc26,3.5,3.0,0.5,False,2027,False,appearances,Norway
Mamadou Diakhon,Club Brugges,pro-league,LW,20,66,fc26,3.5,5.0,0.2,False,2029,False,appearances,Senegal
Jorne Spileers,Club Brugges,pro-league,CB,21,69,fc26,3.5,3.0,0.3,False,2028,False,appearances,Belgium
Junya Ito,Genk,pro-league,RW,33,77,fc26,3.5,3.5,1.1,False,2028,False,citizenship-window-invisible,Japan
Tobias Lawal,Genk,pro-league,GK,26,72,fc26,3.5,,0.5,False,2029,False,appearances,Austria
Yira Sor,Genk,pro-league,LW,25,72,fc26,3.5,3.0,0.5,False,2027,False,appearances,Nigeria
Abdelkahar Kadri,Gent,pro-league,AM,26,73,fc26,3.5,2.5,0.6,False,2029,False,appearances,Algeria
Momodou Lamin Sonko,Gent,pro-league,LW,21,67,fc26,3.5,4.0,0.2,False,2028,False,appearances,Sweden
Ken Masui,Kortrijk,pro-league,LW,25,71,position-median,3.5,,0.4,False,2027,False,citizenship-no-tm,Japan
Myron van Brederode,Mechelen,pro-league,LW,23,70,fc26,3.5,3.5,0.4,False,2029,False,appearances,Netherlands
Ryotaro Ito,Sint-Truidense,pro-league,AM,28,71,fc26,3.5,5.0,0.4,False,2027,False,appearances,Japan
Leo Kokubo,Sint-Truidense,pro-league,GK,25,70,fc26,3.5,4.0,0.4,False,2027,False,appearances,Japan
Mohammed Fuseini,Union SG,pro-league,ST,24,71,fc26,3.5,3.0,0.4,False,2028,False,appearances,Ghana
Darius Olaru,Union SG,pro-league,AM,28,73,fc26,3.5,,0.6,False,2030,False,appearances,Romania
Honest Ahanor,Atalanta,serie-a,CB,18,66,fc26,3.5,,0.9,False,2028,False,citizenship-window-invisible,Italy
Zé Pedro,Cagliari,serie-a,CB,29,75,fc26,3.5,2.5,1.5,False,2028,False,appearances,Portugal
Ivan Smolcic,Como,serie-a,RB,25,72,fc26,3.5,2.5,0.9,False,2031,False,appearances,Croatia
Noel Törnqvist,Como,serie-a,GK,24,70,fc26,3.5,,0.3,False,2027,False,citizenship-window-invisible,Sweden
Manuel Lazzari,Lazio,serie-a,RB,32,78,fc26,3.5,2.5,3.1,False,2027,False,citizenship-window-invisible,Italy
Youssef Maleh,Lecce,serie-a,CM,27,71,fc26,3.5,4.5,1.1,False,2027,False,appearances,Morocco
Jamil Siebert,Lecce,serie-a,CB,24,70,fc26,3.5,,0.9,False,2028,False,appearances,Germany
Lassana Coulibaly,Lecce,serie-a,CM,30,74,fc26,3.5,3.5,0.8,False,2027,False,appearances,Mali
Emanuele Valeri,Parma,serie-a,LB,27,75,fc26,3.5,2.3,1.4,False,2028,False,appearances,Italy
Benja Cremaschi,Parma,serie-a,CM,21,68,fc26,3.5,,0.6,False,2031,False,appearances,United States
Sebastian Walukiewicz,Sassuolo,serie-a,RB,26,71,fc26,3.5,4.5,1.0,False,2027,False,appearances,Poland
Adam Buksa,Udinese,serie-a,ST,29,73,fc26,3.5,4.0,1.7,False,2029,False,appearances,Poland
Keinan Davis,Udinese,serie-a,ST,28,72,fc26,3.5,4.0,1.5,False,2031,True,citizenship-plus-appearances,England
Jesper Karlström,Udinese,serie-a,CM,31,75,fc26,3.5,4.0,1.3,False,2028,False,appearances,Sweden
Branimir Mlacic,Udinese,serie-a,CB,19,67,salary-fit,3.5,,0.7,False,2031,False,appearances,Croatia
Iker Bravo,Udinese,serie-a,ST,21,67,fc26,3.5,5.0,0.4,False,2028,False,appearances,Spain
Lamine Fanne,Venezia,serie-a,CM,22,69,fc26,3.5,,0.3,False,2030,False,appearances,Spain
Marius Wolf,Augsburg,bundesliga,RB,31,75,fc26,3.0,2.5,2.3,False,2027,False,appearances,Germany
Nediljko Labrovic,Augsburg,bundesliga,GK,26,73,fc26,3.0,2.0,0.9,False,2029,False,appearances,Croatia
Uchenna Ogundu,Augsburg,bundesliga,ST,20,67,salary-fit,3.0,,0.5,False,2031,False,appearances,Nigeria
Jonas Hofmann,Bayer Leverkusen,bundesliga,AM,33,78,fc26,3.0,2.0,4.3,False,2027,False,citizenship-window-invisible,Germany
Arijon Ibrahimovic,Bayern Munich,bundesliga,AM,20,61,fc26,3.0,5.0,1.9,False,2028,False,appearances,Germany
Éric Ebimbe,Eintracht Frankfurt,bundesliga,RW,25,70,salary-fit,3.0,,0.9,False,2027,False,citizenship-no-tm,Cameroon
Nicolas Kristof,Elversberg,bundesliga,GK,26,71,fc26,3.0,,0.5,False,2029,False,citizenship-no-tm,Austria
Lukas Petkov,Elversberg,bundesliga,RW,25,70,fc26,3.0,,0.5,False,2027,False,citizenship-no-tm,Bulgaria
Lucas Höler,Freiburg,bundesliga,ST,31,73,fc26,3.0,4.0,0.7,False,2027,False,appearances,Germany
Jean-Luc Dompé,Hamburg,bundesliga,LW,30,75,fc26,3.0,2.2,1.9,False,2027,False,appearances,France
Sander Tangvik,Hamburg,bundesliga,GK,23,69,fc26,3.0,,0.5,False,2030,False,appearances,Norway
Ragnar Ache,Koln,bundesliga,ST,27,73,fc26,3.0,2.0,2.8,False,2029,False,appearances,Germany
Péter Gulácsi,Villarreal,la-liga,GK,36,85,fc26,3.0,2.0,5.7,False,2027,False,citizenship-window-invisible,Hungary
Suleman Sani,Leipzig,bundesliga,LW,19,66,salary-fit,3.0,,0.4,False,2031,False,citizenship-window-invisible,Nigeria
Abdoul Koné,Leipzig,bundesliga,CB,21,63,fc26,3.0,5.0,0.3,False,2031,False,appearances,France
Dominik Kohr,Mainz,bundesliga,CB,32,77,fc26,3.0,2.0,2.3,False,2028,False,appearances,Germany
Kevin Stöger,Monchengladbach,bundesliga,AM,32,76,fc26,3.0,3.0,2.8,False,2027,False,citizenship-window-invisible,Austria
Fabio Chiarodia,Monchengladbach,bundesliga,CB,21,68,fc26,3.0,3.0,0.9,False,2028,False,appearances,Italy
Dan-Axel Zagadou,Stuttgart,bundesliga,CB,27,76,fc26,3.0,2.0,2.8,False,2027,False,appearances,France
Grischa Prömel,Stuttgart,bundesliga,CM,31,75,fc26,3.0,3.0,2.0,False,2029,False,appearances,Germany
Josip Juranovic,Union Berlin,bundesliga,RB,30,75,fc26,3.0,2.5,2.3,False,2027,False,appearances,Croatia
Robert Skov,Union Berlin,bundesliga,LW,30,74,fc26,3.0,3.0,2.1,False,2027,False,appearances,Denmark
Marin Ljubicic,Union Berlin,bundesliga,ST,24,71,fc26,3.0,2.5,1.0,False,2027,False,appearances,Croatia
Olivier Deman,Werder Bremen,bundesliga,LB,26,71,fc26,3.0,3.0,0.9,False,2028,False,appearances,Belgium
Cedric Itten,Werder Bremen,bundesliga,ST,29,70,fc26,3.0,4.5,0.9,False,2029,False,appearances,Switzerland
Sekou Sylla,ADO Den Haag,eredivisie,LB,27,72,position-median,3.0,,0.6,False,2028,False,citizenship-no-tm,Guinea
Matteo Waem,ADO Den Haag,eredivisie,CB,26,71,position-median,3.0,,0.5,False,2028,False,citizenship-no-tm,Belgium
Kilian Nikièma,ADO Den Haag,eredivisie,GK,23,69,position-median,3.0,,0.4,False,2027,False,citizenship-no-tm,Burkina Faso
Jordy Clasie,AZ Alkmaar,eredivisie,CM,35,79,fc26,3.0,2.5,0.7,False,2028,False,citizenship-window-invisible,Netherlands
Weslley Patati,AZ Alkmaar,eredivisie,RW,22,68,salary-fit,3.0,,0.7,False,2030,False,appearances,Brazil
Steven Berghuis,Ajax,eredivisie,RW,34,78,fc26,3.0,2.5,3.0,False,2027,False,citizenship-window-invisible,Netherlands
Davy Klaassen,Ajax,eredivisie,CM,33,77,fc26,3.0,2.5,1.0,False,2027,False,citizenship-window-invisible,Netherlands
Anis Hadj Moussa,Feyenoord,eredivisie,RW,24,76,fc26,3.0,2.0,0.8,False,2030,False,appearances,Algeria
Thijmen Blokzijl,Groningen,eredivisie,CB,21,67,fc26,3.0,3.5,0.2,False,2027,False,appearances,Netherlands
Marcus Linday,Heerenveen,eredivisie,CM,23,68,fc26,3.0,3.5,0.3,False,2029,False,appearances,Sweden
Sami Ouaissa,NEC Nijmegen,eredivisie,RW,21,68,fc26,3.0,2.5,0.2,False,2028,False,appearances,Netherlands
Jasper Schendelaar,PEC Zwolle,eredivisie,GK,25,72,fc26,3.0,2.0,0.1,False,2027,False,appearances,Netherlands
Sam Lammers,Twente,eredivisie,ST,29,73,fc26,3.0,3.0,1.2,False,2027,False,appearances,Netherlands
Max Bruns,Twente,eredivisie,CB,23,69,fc26,3.0,2.5,0.3,False,2029,False,appearances,Netherlands
Siebe Horemans,Utrecht,eredivisie,RB,28,71,fc26,3.0,4.5,0.6,False,2028,False,appearances,Belgium
Vasilios Barkas,Utrecht,eredivisie,GK,32,74,fc26,3.0,3.5,0.5,False,2028,False,appearances,Greece
Kevin Kampl,Free agent,free-agent,CM,35,77,fc26,3.0,3.5,2.0,False,2026,False,citizenship-window-invisible,Slovenia
Carles Aleñá,Alaves,la-liga,CM,28,73,fc26,3.0,3.0,1.2,False,2029,False,appearances,Spain
Pablo Ibáñez,Alaves,la-liga,CM,27,72,fc26,3.0,3.0,1.0,False,2030,False,appearances,Spain
Alejandro Rego,Athletic Club,la-liga,CM,23,69,value-fit,3.0,3.0,0.6,False,2030,False,appearances,Spain
Thomas Lemar,Atletico Madrid,la-liga,AM,30,77,fc26,3.0,2.0,3.2,False,2027,False,appearances,France
Carlos Martín,Atletico Madrid,la-liga,LW,24,70,fc26,3.0,2.5,0.8,False,2029,False,appearances,Spain
Marcos Alonso,Celta Vigo,la-liga,CB,35,79,fc26,3.0,2.0,4.2,False,2028,False,citizenship-window-invisible,Spain
Álvaro Fernández,Deportivo,la-liga,GK,28,74,fc26,3.0,2.5,0.7,False,2027,False,appearances,Spain
Adrià Altimira,Deportivo,la-liga,RB,25,72,fc26,3.0,2.0,0.5,False,2029,False,appearances,Spain
Gonzalo Villar,Elche,la-liga,CM,28,72,fc26,3.0,3.0,0.9,False,2029,False,appearances,Spain
Pol Lozano,Espanyol,la-liga,CM,26,75,fc26,3.0,2.0,1.1,False,2027,False,appearances,Spain
Javi Hernández,Espanyol,la-liga,AM,22,68,fc26,3.0,,0.2,False,2028,False,appearances,Spain
Álex Calatrava,Espanyol,la-liga,AM,26,71,fc26,3.0,,0.8,False,2031,False,citizenship-no-tm,Spain
Álex Sancris,Getafe,la-liga,RW,29,73,fc26,3.0,,1.0,False,2028,False,appearances,Spain
Moussa Diarra,Malaga,la-liga,CB,24,71,fc26,3.0,2.0,0.1,False,2028,False,appearances,Mali
Iker Muñoz,Osasuna,la-liga,CM,23,71,fc26,3.0,2.0,0.8,False,2030,False,appearances,Spain
Gustavo Puerta,Racing Santander,la-liga,CM,22,68,fc26,3.0,,0.7,False,2029,False,citizenship-no-tm,Colombia
Javi Castro,Racing Santander,la-liga,CB,25,70,fc26,3.0,,0.2,False,2027,False,citizenship-no-tm,Spain
Florian Lejeune,Rayo Vallecano,la-liga,CB,35,78,fc26,3.0,3.0,2.1,False,2028,False,citizenship-window-invisible,France
Pathé Ciss,Rayo Vallecano,la-liga,CM,32,77,fc26,3.0,2.0,0.6,False,2027,False,appearances,Senegal
Héctor Bellerín,Real Betis,la-liga,RB,31,74,fc26,3.0,4.0,3.1,False,2028,False,appearances,Spain
Marcão,Sevilla,la-liga,CB,30,75,fc26,3.0,2.5,3.1,False,2028,False,appearances,Brazil
Jon Guridi,Sevilla,la-liga,CM,31,74,fc26,3.0,4.0,1.3,False,2028,False,appearances,Spain
Patrik Mercado,Sevilla,la-liga,AM,22,68,fc26,3.0,,0.5,False,2031,False,citizenship-no-tm,Ecuador
Luis Rioja,Valencia,la-liga,RW,32,78,fc26,3.0,2.0,1.9,False,2027,False,citizenship-window-invisible,Spain
Stole Dimitrievski,Valencia,la-liga,GK,32,79,fc26,3.0,2.0,1.7,False,2028,False,citizenship-window-invisible,North Macedonia
Carlos Macià,Villarreal,la-liga,CM,17,65,salary-fit,3.0,,0.3,False,2029,False,citizenship-window-invisible,Spain
Prosper Peter,Angers,ligue-1,ST,18,58,fc26,3.0,5.0,0.2,False,2028,False,appearances,France
Anthony Lopes,Angers,ligue-1,GK,35,76,fc26,3.0,4.0,2.0,False,2028,False,citizenship-window-invisible,Portugal
Elisha Owusu,Auxerre,ligue-1,CM,28,73,fc26,3.0,2.5,1.4,False,2027,False,appearances,Ghana
Mama Baldé,Brest,ligue-1,ST,30,73,fc26,3.0,3.5,2.4,False,2027,False,appearances,Guinea-Bissau
Abdoulaye Touré,Le Havre,ligue-1,CM,32,75,fc26,3.0,3.0,1.4,False,2027,False,appearances,Guinea
Gautier Lloris,Brest,ligue-1,CB,30,74,fc26,3.0,3.0,1.4,False,2027,False,appearances,France
Ruben Aguilar,Lens,ligue-1,RB,33,76,fc26,3.0,3.0,2.4,False,2028,False,citizenship-window-invisible,France
Matthieu Udol,Lens,ligue-1,LB,30,74,fc26,3.0,2.5,2.0,False,2028,False,appearances,France
Hervé Koffi,Lens,ligue-1,GK,29,73,fc26,3.0,3.0,1.3,False,2028,False,appearances,Burkina Faso
Rémy Labeau Lascary,Lens,ligue-1,ST,23,72,fc26,3.0,1.8,0.5,False,2028,False,appearances,France
Rayan Fofana,Lens,ligue-1,ST,20,64,fc26,3.0,5.0,0.5,False,2029,False,appearances,France
Mohamed Bayo,Lille,ligue-1,ST,28,73,fc26,3.0,3.0,1.4,False,2027,False,appearances,Guinea
Tiago Morais,Lille,ligue-1,LW,22,69,fc26,3.0,2.5,0.4,False,2028,False,appearances,Portugal
Yvon Mvogo,Lorient,ligue-1,GK,32,75,value-fit,3.0,3.0,1.8,False,2027,False,appearances,Switzerland
Panos Katseris,Lorient,ligue-1,RW,24,70,fc26,3.0,2.5,0.8,False,2028,False,appearances,Greece
Mahamadou Diawara,Lyon,ligue-1,CM,21,69,fc26,3.0,2.0,0.4,False,2028,False,appearances,France
Nazinho,Monaco,ligue-1,LB,22,67,fc26,3.0,4.0,0.5,False,2030,False,appearances,Portugal
Ali Abdi,Nice,ligue-1,LB,32,76,fc26,3.0,2.5,2.2,False,2027,False,citizenship-window-invisible,Tunisia
Kevin Trapp,Paris FC,ligue-1,GK,35,81,fc26,3.0,2.0,2.7,False,2028,False,citizenship-window-invisible,Germany
Ilan Kebbal,Paris FC,ligue-1,RW,27,75,fc26,3.0,2.0,1.8,False,2028,False,appearances,Algeria
Mathys Tourraine,Paris FC,ligue-1,RB,25,70,fc26,3.0,,0.6,False,2027,False,citizenship-no-tm,Morocco
Óscar Perea,Strasbourg,ligue-1,LW,20,69,fc26,3.0,2.0,0.7,False,2029,False,appearances,Colombia
Rabby Nzingoula,Strasbourg,ligue-1,CM,20,69,fc26,3.0,2.0,0.3,False,2027,False,appearances,France
Mario Sauer,Toulouse,ligue-1,CM,22,68,fc26,3.0,,0.6,False,2028,False,appearances,Slovakia
Ibrahim Cissoko,Toulouse,ligue-1,LW,23,69,fc26,3.0,,0.5,False,2027,False,citizenship-no-tm,Guinea
Seny Koumbassa,Toulouse,ligue-1,CB,19,66,salary-fit,3.0,,0.4,False,2030,False,appearances,France
Julián Vignolo,Toulouse,ligue-1,ST,19,66,salary-fit,3.0,,0.4,False,2029,False,appearances,Argentina
Solly March,Brighton,premier-league,RW,31,75,fc26,3.0,3.0,3.0,False,2027,True,citizenship-plus-appearances,England
Gabriel Slonina,Chelsea,premier-league,GK,22,68,fc26,3.0,3.5,2.4,False,2028,False,appearances,United States
Matt Grimes,Coventry,premier-league,CM,30,74,fc26,3.0,,1.5,False,2028,False,citizenship-no-tm,England
Luke Woolfenden,Coventry,premier-league,CB,27,73,fc26,3.0,2.0,1.5,False,2028,True,citizenship-plus-appearances,England
Ellis Simms,Coventry,premier-league,ST,25,70,fc26,3.0,,1.5,False,2027,False,citizenship-no-tm,England
Ephron Mason-Clark,Coventry,premier-league,LW,26,71,fc26,3.0,,0.7,False,2028,False,citizenship-no-tm,Jamaica
Jesurun Rak-Sakyi,Crystal Palace,premier-league,RW,23,72,fc26,3.0,2.0,0.6,False,2027,False,appearances,Ghana
Ryan Giles,Hull City,premier-league,LB,26,71,fc26,3.0,,2.1,False,2027,False,citizenship-no-tm,England
Abdülkadir Ömür,Hull City,premier-league,RW,27,73,fc26,3.0,2.5,2.1,False,2027,False,appearances,Turkey
Oliver McBurnie,Hull City,premier-league,ST,30,74,salary-fit,3.0,,1.5,False,2028,False,citizenship-no-tm,Scotland
Eliot Matazo,Hull City,premier-league,CM,24,71,fc26,3.0,2.0,0.9,False,2028,False,appearances,Belgium
Paddy McNair,Hull City,premier-league,CB,31,73,fc26,3.0,4.5,0.8,False,2027,False,appearances,Northern Ireland
Sammie Szmodics,Ipswich Town,premier-league,AM,30,74,fc26,3.0,,1.5,False,2028,False,citizenship-no-tm,Ireland
Cameron Humphreys,Ipswich Town,premier-league,CM,22,68,salary-fit,3.0,,0.6,False,2027,False,citizenship-no-tm,England
Isaac Schmidt,Leeds,premier-league,LB,26,71,fc26,3.0,,0.6,False,2028,False,appearances,Switzerland
Freddie Woodman,Liverpool,premier-league,GK,29,71,fc26,3.0,5.0,1.5,False,2029,True,citizenship-plus-appearances,England
William Osula,Newcastle,premier-league,ST,22,68,fc26,3.0,3.0,1.5,False,2029,False,appearances,Denmark
Aji Alese,Sunderland,premier-league,CB,25,70,salary-fit,3.0,,0.9,False,2027,False,citizenship-no-tm,England
Min-hyeok Yang,Tottenham,premier-league,RW,20,67,salary-fit,3.0,,0.6,False,2030,False,citizenship-no-tm,South Korea
Anthony Correia,Academico Viseu,primeira-liga,CB,26,71,position-median,3.0,,0.4,False,2027,False,citizenship-no-tm,France
Tomás Domingos,Academico Viseu,primeira-liga,RB,27,72,position-median,3.0,,0.5,False,2027,False,citizenship-no-tm,Portugal
Taichi Fukui,Arouca,primeira-liga,CM,21,69,fc26,3.0,2.0,0.3,False,2028,False,appearances,Japan
Martim Duarte,Arouca,primeira-liga,GK,23,69,position-median,3.0,,0.3,False,2028,False,citizenship-no-tm,Portugal
João Rego,Benfica,primeira-liga,AM,21,67,fc26,3.0,3.0,0.6,False,2030,False,appearances,Portugal
Diego Rodrigues,Braga,primeira-liga,CM,21,64,fc26,3.0,4.5,0.5,False,2030,False,appearances,Portugal
Bernardo,Braga,primeira-liga,GK,23,69,position-median,3.0,,0.3,False,2030,False,citizenship-no-tm,Brazil
Diogo Travassos,Braga,primeira-liga,RB,22,69,fc26,3.0,2.5,0.3,False,2031,False,appearances,Portugal
Patrick Sequeira,Casa Pia,primeira-liga,GK,27,71,fc26,3.0,3.5,0.4,False,2027,False,appearances,Costa Rica
Rodrigo Pinheiro,Famalicao,primeira-liga,RB,23,69,fc26,3.0,,0.3,False,2027,False,appearances,Portugal
Martín Fernández,Gil Vicente,primeira-liga,AM,23,69,fc26,3.0,,0.1,False,2029,False,appearances,Uruguay
Roko Baturina,Gil Vicente,primeira-liga,ST,26,71,position-median,3.0,,0.4,False,2027,False,citizenship-no-tm,Croatia
Enrique Peña Zauner,Marítimo,primeira-liga,LW,26,71,position-median,3.0,,0.4,False,2027,False,citizenship-no-tm,Venezuela
Romain Correia,Marítimo,primeira-liga,CB,26,71,position-median,3.0,,0.4,False,2027,False,citizenship-no-tm,Portugal
Simo Bouzaidi,Marítimo,primeira-liga,LW,26,71,position-median,3.0,,0.4,False,2028,False,citizenship-no-tm,Morocco
Yann Karamoh,Porto,primeira-liga,LW,27,72,value-fit,3.0,2.5,1.0,False,2027,False,appearances,France
Vasco Sousa,Porto,primeira-liga,CM,23,69,fc26,3.0,2.5,0.6,False,2030,False,appearances,Portugal
Vinícius Lopes,Santa Clara,primeira-liga,RW,27,73,fc26,3.0,2.5,0.2,False,2028,False,appearances,Brazil
Koba Koindredi,Sporting Lisbon,primeira-liga,CM,24,70,fc26,3.0,3.0,0.9,False,2028,False,appearances,France
Gustavo Silva,Vitoria SC,primeira-liga,RW,27,72,value-fit,3.0,3.0,0.4,False,2028,False,appearances,Brazil
Maga,Vitoria SC,primeira-liga,RB,23,71,fc26,3.0,2.0,0.3,False,2027,False,appearances,Portugal
Telmo Arcanjo,Vitoria SC,primeira-liga,RW,25,71,fc26,3.0,3.0,0.1,False,2027,False,appearances,Cape Verde
Nathan-Dylan Saliba,Anderlecht,pro-league,CM,22,68,fc26,3.0,,0.3,False,2029,False,appearances,Canada
Sieben Dewaele,Beveren,pro-league,CM,27,72,position-median,3.0,,0.5,False,2028,False,citizenship-no-tm,Belgium
Jearl Margaritha,Beveren,pro-league,LW,26,71,position-median,3.0,,0.4,False,2028,False,appearances,Curacao
Dante Rigo,Beveren,pro-league,CM,27,72,position-median,3.0,,0.5,False,2027,False,citizenship-no-tm,Belgium
Check Keita,Charleroi,pro-league,CB,23,69,fc26,3.0,2.5,0.3,False,2027,False,appearances,Mali
Aiham Ousou,Charleroi,pro-league,CB,26,71,fc26,3.0,3.0,0.4,False,2028,False,appearances,Syria
Brandon Mechele,Club Brugges,pro-league,CB,33,76,fc26,3.0,3.0,0.9,False,2028,False,citizenship-window-invisible,Belgium
Daan Heymans,Genk,pro-league,AM,27,71,fc26,3.0,4.0,0.4,False,2029,False,appearances,Belgium
Siebe Van der Heyden,Gent,pro-league,CB,28,73,fc26,3.0,3.0,0.6,False,2028,False,appearances,Belgium
Michal Skoras,Lens,ligue-1,LW,26,70,fc26,3.0,4.0,0.3,False,2029,False,appearances,Poland
Davy Roef,Gent,pro-league,GK,32,76,fc26,3.0,2.5,0.9,False,2029,False,appearances,Belgium
Leonardo da Silva Lopes,Gent,pro-league,CM,27,70,fc26,3.0,4.5,0.3,False,2028,False,appearances,Portugal
Matisse Samoise,Gent,pro-league,RW,24,70,fc26,3.0,2.5,0.4,False,2028,False,appearances,Belgium
Christian Burgess,Gent,pro-league,CB,34,78,fc26,3.0,2.0,1.2,False,2028,True,citizenship-window-invisible,England
László Bénes,Gent,pro-league,CM,28,72,fc26,3.0,3.0,0.5,False,2030,False,appearances,Slovakia
Bryan Adinany,Kortrijk,pro-league,ST,26,71,position-median,3.0,,0.4,False,2029,False,citizenship-no-tm,Madagascar
Filip Krastev,Lommel,pro-league,AM,24,70,value-fit,3.0,3.0,0.4,False,2027,False,appearances,Bulgaria
Timothy Eyoma,Lommel,pro-league,CB,26,71,position-median,3.0,,0.4,False,2027,False,citizenship-no-tm,England
Nikola Ivezic,Lommel,pro-league,GK,23,69,position-median,3.0,,0.3,False,2027,False,citizenship-no-tm,Montenegro
Moncef Zekri,Mechelen,pro-league,LB,17,64,value-fit,3.0,4.0,0.1,False,2028,False,citizenship-window-invisible,Morocco
Thibo Somers,Royal Antwerp,pro-league,RW,27,73,fc26,3.0,2.5,0.6,False,2028,False,appearances,Belgium
Rein Van Helden,Royal Antwerp,pro-league,CB,23,69,fc26,3.0,2.5,0.3,False,2030,False,appearances,Belgium
Marlon Fossey,Standard Liege,pro-league,RB,27,71,fc26,3.0,3.0,0.4,False,2027,False,appearances,United States
Dimitri Lavalée,Standard Liege,pro-league,CB,29,72,fc26,3.0,4.0,0.5,False,2028,False,appearances,Belgium
Kjell Scherpen,Ipswich Town,premier-league,GK,26,73,fc26,3.0,2.0,0.6,False,2028,False,appearances,Netherlands
Raul Florucz,Union SG,pro-league,ST,25,70,fc26,3.0,,0.4,False,2029,False,appearances,Austria
Ross Sykes,Union SG,pro-league,CB,27,72,fc26,3.0,2.5,0.5,False,2027,True,citizenship-plus-appearances,England
Kamiel Van De Perre,Union SG,pro-league,CM,22,66,fc26,3.0,5.0,0.2,False,2029,False,appearances,Belgium
Kevin Rodríguez,Union SG,pro-league,ST,26,67,fc26,3.0,5.0,0.2,False,2027,False,appearances,Ecuador
David Odogu,AC Milan,serie-a,CB,20,65,fc26,3.0,5.0,0.9,False,2029,False,appearances,Germany
Lukasz Skorupski,Bologna,serie-a,GK,35,79,fc26,3.0,2.5,2.2,False,2027,False,citizenship-window-invisible,Poland
Mihajlo Ilić,Bologna,serie-a,CB,23,68,fc26,3.0,4.0,0.7,False,2028,False,appearances,Serbia
Mattia Felici,Cagliari,serie-a,LW,25,71,fc26,3.0,2.8,0.5,False,2027,False,appearances,Italy
Mërgim Vojvoda,Como,serie-a,RB,31,75,fc26,3.0,3.0,1.4,False,2028,False,appearances,Kosovo
Alieu Fadera,Como,serie-a,LW,24,71,fc26,3.0,2.5,0.8,False,2028,False,appearances,The Gambia
Iván Azón,Como,serie-a,ST,23,69,fc26,3.0,3.0,0.5,False,2029,False,appearances,Spain
Oliver Christensen,Fiorentina,serie-a,GK,27,71,fc26,3.0,3.0,0.6,False,2028,False,appearances,Denmark
Antonio Raimondo,Frosinone,serie-a,ST,22,68,fc26,3.0,3.0,0.7,False,2027,False,appearances,Italy
Mikael Egill Ellertsson,Genoa,serie-a,CM,24,69,fc26,3.0,3.5,1.1,False,2029,False,appearances,Iceland
Brooke Norton-Cuffy,Genoa,serie-a,RB,22,68,fc26,3.0,,0.9,False,2029,True,citizenship-plus-appearances,England
Alan Matturro,Genoa,serie-a,CB,21,66,fc26,3.0,4.0,0.6,False,2028,False,appearances,Uruguay
Mattia Perin,Juventus,serie-a,GK,33,78,fc26,3.0,2.0,2.8,False,2027,False,citizenship-window-invisible,Italy
Fisayo Dele-Bashiru,Lazio,serie-a,CM,25,73,fc26,3.0,2.0,2.4,False,2028,False,appearances,Nigeria
Petar Ratkov,Lazio,serie-a,ST,22,68,fc26,3.0,,1.1,False,2030,False,appearances,Serbia
Oliver Provstgaard,Lazio,serie-a,CB,23,67,fc26,3.0,4.5,0.9,False,2029,False,appearances,Denmark
Adrian Przyborek,Lazio,serie-a,AM,19,66,fc26,3.0,,0.6,False,2030,False,appearances,Poland
Alfonso Pedraza,Lazio,serie-a,LB,30,75,fc26,3.0,2.5,1.8,False,2029,False,appearances,Spain
Lameck Banda,Lecce,serie-a,LW,25,71,fc26,3.0,3.0,0.8,False,2027,False,appearances,Zambia
Christ-Owen Kouassi,Lecce,serie-a,RB,23,69,fc26,3.0,,0.4,False,2029,False,appearances,Cote d'Ivoire
Alessio Zerbin,Napoli,serie-a,RW,27,73,fc26,3.0,2.2,0.3,False,2028,False,appearances,Italy
Adrian Benedyczak,Parma,serie-a,ST,25,71,fc26,3.0,2.5,0.8,False,2028,False,appearances,Poland
Janis Antiste,Sassuolo,serie-a,ST,23,70,fc26,3.0,2.3,0.7,False,2027,False,appearances,Martinique
Lapo Siviero,Torino,serie-a,GK,19,66,salary-fit,3.0,,0.4,False,2029,False,citizenship-window-invisible,Italy
Abdoulaye Camara,Udinese,serie-a,CM,17,65,salary-fit,3.0,,0.4,False,2029,False,citizenship-window-invisible,France
Matteo Palma,Udinese,serie-a,CB,18,58,fc26,3.0,5.0,0.3,False,2028,False,citizenship-window-invisible,Germany
Kike Pérez,Venezia,serie-a,CM,29,74,fc26,3.0,2.2,1.3,False,2027,False,appearances,Spain
Andrea Adorante,Venezia,serie-a,ST,26,71,fc26,3.0,,0.7,False,2028,False,citizenship-no-tm,Italy
Yannik Keitel,Augsburg,bundesliga,CM,26,71,fc26,2.5,2.0,1.5,False,2027,False,appearances,Germany
Nathanaël Mbuku,Augsburg,bundesliga,LW,24,70,fc26,2.5,2.0,0.9,False,2027,False,appearances,Democratic Republic of the Congo
Tim Breithaupt,Augsburg,bundesliga,CM,24,69,fc26,2.5,2.0,0.5,False,2028,False,appearances,Germany
Calvin Brackelmann,Augsburg,bundesliga,CB,26,70,fc26,2.5,,0.9,False,2030,False,citizenship-no-tm,Germany
Lucas Vázquez,Bayer Leverkusen,bundesliga,RB,35,76,value-fit,2.5,2.5,6.6,False,2027,False,citizenship-window-invisible,Spain
Farid Alfa-Ruprecht,Bayer Leverkusen,bundesliga,RW,20,65,fc26,2.5,3.0,0.4,False,2030,False,appearances,Germany
Armindo Sieb,Bayern Munich,bundesliga,ST,23,71,fc26,2.5,1.5,0.8,False,2027,False,appearances,Germany
Lovro Zvonarek,Bayern Munich,bundesliga,AM,21,65,fc26,2.5,3.0,0.5,False,2027,False,appearances,Croatia
Lukas Pinckert,Elversberg,bundesliga,CB,26,70,fc26,2.5,,0.4,False,2028,False,citizenship-no-tm,Germany
Christian Günter,Freiburg,bundesliga,LB,33,77,fc26,2.5,2.0,2.8,False,2027,False,citizenship-window-invisible,Germany
Daniel Elfadli,Hamburg,bundesliga,CB,29,72,fc26,2.5,,1.7,False,2028,False,appearances,Libya
Immanuel Pherai,Hamburg,bundesliga,AM,25,69,fc26,2.5,2.5,0.7,False,2027,False,appearances,Suriname
Shafiq Nandja,Hamburg,bundesliga,CB,19,65,salary-fit,2.5,,0.2,False,2027,False,appearances,Germany
Louis Lemke,Hamburg,bundesliga,LB,16,63,salary-fit,2.5,,0.1,False,2028,False,citizenship-window-invisible,Germany
Emir Sahiti,Hamburg,bundesliga,RW,27,71,fc26,2.5,,1.1,False,2027,False,appearances,Kosovo
Yannick Eduardo,Hoffenheim,bundesliga,ST,20,66,salary-fit,2.5,,0.3,False,2027,False,appearances,Czech Republic
Marius Bülter,Koln,bundesliga,LW,33,76,fc26,2.5,2.0,1.3,False,2027,False,citizenship-window-invisible,Germany
Julian Pauli,Koln,bundesliga,CB,20,66,fc26,2.5,,0.4,False,2028,False,citizenship-no-tm,Germany
Ayodele Thomas,Leipzig,bundesliga,LW,18,65,salary-fit,2.5,,0.3,False,2031,False,citizenship-window-invisible,Netherlands
Jae-sung Lee,Mainz,bundesliga,AM,33,77,fc26,2.5,2.0,2.6,False,2027,False,citizenship-window-invisible,South Korea
Kacper Potulski,Mainz,bundesliga,CB,18,65,salary-fit,2.5,,0.3,False,2028,False,appearances,Poland
Jens Castrop,Monchengladbach,bundesliga,CM,22,70,fc26,2.5,1.5,1.1,False,2029,False,appearances,South Korea
David Herold,Monchengladbach,bundesliga,LB,23,68,fc26,2.5,,0.7,False,2030,False,citizenship-no-tm,Germany
Felix Götze,Paderborn,bundesliga,CB,28,72,fc26,2.5,,0.6,False,2027,False,citizenship-no-tm,Germany
Mattes Hansen,Paderborn,bundesliga,CB,22,67,fc26,2.5,,0.4,False,2027,False,citizenship-no-tm,Germany
Adil Aouchiche,Schalke 04,bundesliga,AM,23,68,fc26,2.5,2.2,0.8,False,2027,False,appearances,Algeria
Dylan Leonard,Schalke 04,bundesliga,CB,18,65,salary-fit,2.5,,0.3,False,2030,False,citizenship-window-invisible,Australia
Rani Khedira,Union Berlin,bundesliga,CM,32,75,fc26,2.5,2.0,1.9,False,2027,False,appearances,Tunisia
Janik Haberer,Union Berlin,bundesliga,CM,32,74,fc26,2.5,2.5,1.7,False,2027,False,appearances,Germany
Tim Skarke,Union Berlin,bundesliga,ST,29,73,fc26,2.5,1.8,1.4,False,2027,False,appearances,Germany
Marvin Friedrich,Union Berlin,bundesliga,CB,30,74,fc26,2.5,1.8,1.7,False,2027,False,appearances,Germany
Stanley Nsoki,Union Berlin,bundesliga,CB,27,72,fc26,2.5,1.8,1.3,False,2027,False,appearances,France
Dawid Kownacki,Werder Bremen,bundesliga,ST,29,72,fc26,2.5,,1.6,False,2027,False,citizenship-no-tm,Poland
Skelly Alvero,Werder Bremen,bundesliga,CM,24,68,fc26,2.5,2.5,0.8,False,2028,False,appearances,France
Patrice Covic,Werder Bremen,bundesliga,AM,19,63,fc26,2.5,4.0,0.5,False,2027,False,appearances,Croatia
Stefan Smarkalev,Werder Bremen,bundesliga,GK,19,65,salary-fit,2.5,,0.2,False,2027,False,citizenship-window-invisible,Bulgaria
Pascal Mulder,ADO Den Haag,eredivisie,CB,27,71,position-median,2.5,,0.5,False,2029,False,citizenship-no-tm,Netherlands
Matej Sin,AZ Alkmaar,eredivisie,AM,22,67,salary-fit,2.5,,0.5,False,2030,False,appearances,Czech Republic
Peer Koopmeiners,AZ Alkmaar,eredivisie,CM,26,74,fc26,2.5,1.8,0.4,False,2028,False,appearances,Netherlands
Mayckel Lahdo,AZ Alkmaar,eredivisie,RW,23,68,fc26,2.5,3.0,0.4,False,2027,False,appearances,Sweden
Ro-Zangelo Daal,AZ Alkmaar,eredivisie,LW,22,67,fc26,2.5,,0.3,False,2030,False,appearances,Netherlands
Branco van den Boomen,Angers,ligue-1,CM,30,73,fc26,2.5,2.5,2.4,False,2027,False,appearances,Netherlands
Thijs Jansen,Cambuur Leeuwarden,eredivisie,GK,24,69,position-median,2.5,,0.4,False,2027,False,citizenship-no-tm,Netherlands
Mats Deijl,Feyenoord,eredivisie,RB,28,72,fc26,2.5,2.0,0.8,False,2028,False,appearances,Netherlands
Bart Nieuwkoop,Feyenoord,eredivisie,RB,30,74,fc26,2.5,2.0,0.6,False,2027,False,appearances,Netherlands
Shaqueel van Persie,Feyenoord,eredivisie,ST,19,65,salary-fit,2.5,,0.3,False,2028,False,appearances,Netherlands
Nacho Ferri,Feyenoord,eredivisie,ST,21,67,fc26,2.5,2.0,0.3,False,2030,False,appearances,Spain
Edouard Michut,Fortuna Sittard,eredivisie,CM,23,68,fc26,2.5,2.5,0.7,False,2027,False,appearances,France
Tygo Land,Groningen,eredivisie,CM,20,68,fc26,2.5,1.5,0.4,False,2027,False,appearances,Netherlands
Nikolai Hopland,Heerenveen,eredivisie,CB,21,67,fc26,2.5,2.0,0.2,False,2028,False,appearances,Norway
Willum Thór Willumsson,NEC Nijmegen,eredivisie,AM,27,70,fc26,2.5,3.0,0.8,False,2028,False,appearances,Iceland
Dirk Proper,Heerenveen,eredivisie,CM,24,70,fc26,2.5,2.3,0.4,False,2027,False,appearances,Netherlands
Gonzalo Crettaz,NEC Nijmegen,eredivisie,GK,26,70,fc26,2.5,,0.4,False,2028,False,appearances,Spain
Jadiel Pereira da Gama,PEC Zwolle,eredivisie,CM,16,63,salary-fit,2.5,,0.1,False,2029,False,citizenship-window-invisible,Netherlands
Isaac Babadi,PSV,eredivisie,AM,21,67,fc26,2.5,2.5,0.4,False,2028,False,appearances,Netherlands
Noah Fernandez,PSV,eredivisie,CM,18,65,salary-fit,2.5,,0.3,False,2030,False,citizenship-window-invisible,Belgium
Joël van den Berg,PSV,eredivisie,CM,19,65,salary-fit,2.5,,0.2,False,2028,False,appearances,Netherlands
Robin Pröpper,Twente,eredivisie,CB,32,73,fc26,2.5,3.0,0.8,False,2029,False,citizenship-window-invisible,Netherlands
Sondre Ørjasæter,Twente,eredivisie,LW,22,67,fc26,2.5,,0.6,False,2029,False,appearances,Norway
Ruud Nijstad,Twente,eredivisie,CB,18,65,salary-fit,2.5,,0.3,False,2029,False,citizenship-window-invisible,Netherlands
Thomas van den Belt,Twente,eredivisie,CM,25,70,fc26,2.5,1.8,0.3,False,2029,False,appearances,Netherlands
Dani de Wit,Utrecht,eredivisie,AM,28,72,fc26,2.5,2.5,0.7,False,2028,False,appearances,Netherlands
Mike Eerdhuijzen,Utrecht,eredivisie,CB,25,73,fc26,2.5,1.7,0.6,False,2029,False,appearances,Netherlands
Adrian Blake,Utrecht,eredivisie,LW,20,65,fc26,2.5,3.0,0.1,False,2027,True,citizenship-plus-appearances,England
Ricardo Rodríguez,Free agent,free-agent,LB,33,74,fc26,2.5,3.5,1.2,False,2026,False,citizenship-window-invisible,Switzerland
Jonny Otto,Alaves,la-liga,RB,32,74,fc26,2.5,2.5,1.7,False,2027,False,appearances,Spain
Moussa Diarra,Alaves,la-liga,CB,25,71,fc26,2.5,2.0,0.8,False,2028,False,appearances,Mali
Yuri Berchiche,Athletic Club,la-liga,LB,36,79,fc26,2.5,1.8,4.3,False,2027,False,citizenship-window-invisible,Spain
Selton Sánchez,Athletic Club,la-liga,CM,19,65,salary-fit,2.5,,0.2,False,2029,False,appearances,Spain
Iago Aspas,Celta Vigo,la-liga,ST,38,83,fc26,2.5,1.8,2.1,False,2027,False,citizenship-window-invisible,Spain
Hugo Álvarez,Celta Vigo,la-liga,LW,23,76,fc26,2.5,1.5,0.9,False,2028,False,appearances,Spain
Yeremay Hernández,Deportivo,la-liga,LW,23,68,salary-fit,2.5,,0.6,False,2030,False,citizenship-no-tm,Spain
Lucas Noubi,Deportivo,la-liga,CB,21,66,fc26,2.5,3.0,0.3,False,2029,False,appearances,Belgium
Dani Barcia,Deportivo,la-liga,CB,23,68,fc26,2.5,,0.2,False,2028,False,citizenship-no-tm,Spain
Víctor Chust,Elche,la-liga,CB,26,71,fc26,2.5,2.0,0.8,False,2029,False,appearances,Spain
Marc Aguado,Elche,la-liga,CM,26,70,fc26,2.5,,0.7,False,2027,False,appearances,Spain
Abiel Osorio,Elche,la-liga,ST,24,69,fc26,2.5,,0.6,False,2029,False,citizenship-window-invisible,Argentina
Tyrhys Dolan,Espanyol,la-liga,RW,24,69,fc26,2.5,,1.5,False,2028,True,citizenship-plus-appearances,England
Clemens Riedel,Espanyol,la-liga,CB,22,69,fc26,2.5,2.0,0.8,False,2029,False,appearances,Germany
Peter Federico,Getafe,la-liga,RW,23,71,fc26,2.5,1.5,0.5,False,2028,False,appearances,Dominican Republic
Davinchi,Getafe,la-liga,LB,18,65,salary-fit,2.5,,0.3,False,2028,False,appearances,Spain
Jeremy Toljan,Levante,la-liga,RB,31,73,fc26,2.5,3.5,1.7,False,2027,False,appearances,Germany
Kareem Tunde,Levante,la-liga,RW,20,66,salary-fit,2.5,,0.4,False,2029,False,appearances,Spain
Jorge Cabello,Levante,la-liga,CB,22,67,fc26,2.5,,0.3,False,2028,False,appearances,Spain
Paco Cortés,Levante,la-liga,LW,18,65,salary-fit,2.5,,0.2,False,2028,False,appearances,Spain
Chupe,Malaga,la-liga,ST,21,67,salary-fit,2.5,,0.4,False,2029,False,citizenship-no-tm,Spain
Aarón Ochoa,Malaga,la-liga,AM,19,65,fc26,2.5,,0.1,False,2029,False,citizenship-no-tm,Ireland
Izan Merino,Malaga,la-liga,CM,20,66,fc26,2.5,,0.1,False,2028,False,citizenship-no-tm,Spain
Moi Gómez,Osasuna,la-liga,AM,32,77,fc26,2.5,1.8,1.5,False,2027,False,appearances,Spain
Rubén García,Osasuna,la-liga,RW,32,78,fc26,2.5,1.8,1.5,False,2027,False,citizenship-window-invisible,Spain
Juan Carlos Arana,Racing Santander,la-liga,ST,26,70,salary-fit,2.5,,0.7,False,2028,False,citizenship-no-tm,Spain
Asier Villalibre,Racing Santander,la-liga,ST,28,72,fc26,2.5,2.5,0.9,False,2029,False,appearances,Spain
Dani Cárdenas,Rayo Vallecano,la-liga,GK,29,75,fc26,2.5,1.8,0.6,False,2027,False,appearances,Spain
Jozhua Vertrouwd,Rayo Vallecano,la-liga,CB,21,67,fc26,2.5,,0.3,False,2027,False,appearances,Netherlands
Pablo Marín,Real Sociedad,la-liga,AM,22,73,fc26,2.5,1.5,1.0,False,2029,False,appearances,Spain
Tani Oluwaseyi,Villarreal,la-liga,ST,26,70,fc26,2.5,,2.7,False,2030,False,appearances,Canada
Haris Belkebla,Angers,ligue-1,CM,32,74,fc26,2.5,2.5,2.2,False,2028,False,appearances,Algeria
Harouna Djibirin,Angers,ligue-1,RW,19,65,salary-fit,2.5,,0.3,False,2028,False,appearances,Cameroon
Marius Courcoul,Angers,ligue-1,CM,19,65,fc26,2.5,,0.2,False,2027,False,appearances,France
Naouirou Ahamada,Auxerre,ligue-1,CM,24,68,fc26,2.5,3.5,1.1,False,2027,False,appearances,France
Marvin Senaya,Auxerre,ligue-1,RB,25,69,fc26,2.5,3.0,0.8,False,2029,False,appearances,Ghana
Theo Bair,Auxerre,ligue-1,ST,26,71,fc26,2.5,1.8,0.5,False,2028,False,appearances,Canada
Arthur Piedfort,Auxerre,ligue-1,CM,21,68,fc26,2.5,2.2,0.6,False,2030,False,appearances,Belgium
Lucas Tousart,Brest,ligue-1,CM,29,74,fc26,2.5,2.0,2.0,False,2027,False,appearances,France
Raphaël Le Guen,Brest,ligue-1,CB,19,65,salary-fit,2.5,,0.2,False,2029,False,appearances,France
Stephan Zagadou,Le Havre,ligue-1,CB,17,64,salary-fit,2.5,,0.1,False,2027,False,citizenship-window-invisible,France
Ismaëlo Ganiou,Lens,ligue-1,CB,21,66,fc26,2.5,3.0,0.5,False,2028,False,appearances,France
Ilan Jourdren,Lens,ligue-1,GK,17,64,salary-fit,2.5,,0.1,False,2029,False,citizenship-window-invisible,France
Olivier Giroud,Lille,ligue-1,ST,39,79,fc26,2.5,3.0,2.7,False,2027,False,citizenship-window-invisible,France
Calvin Verdonk,Lille,ligue-1,LB,29,71,fc26,2.5,3.0,1.4,False,2028,False,appearances,Indonesia
Nathan Ngoy,Lille,ligue-1,CB,23,67,fc26,2.5,3.5,0.9,False,2029,False,appearances,Belgium
Noah Edjouma,Lille,ligue-1,RW,20,66,fc26,2.5,2.5,0.7,False,2030,False,appearances,France
Aiyegun Tosin,Lorient,ligue-1,ST,28,71,fc26,2.5,3.0,1.1,False,2027,False,appearances,Benin
Théo Le Bris,Lorient,ligue-1,RW,23,69,fc26,2.5,2.0,0.6,False,2027,False,appearances,France
Rémi Himbert,Lyon,ligue-1,LW,18,65,salary-fit,2.5,,0.3,False,2028,False,citizenship-window-invisible,France
CJ Egan-Riley,Marseille,ligue-1,CB,23,75,fc26,2.5,1.5,1.8,False,2029,True,citizenship-plus-appearances,England
Jeffrey de Lange,Marseille,ligue-1,GK,28,73,fc26,2.5,2.0,0.9,False,2027,False,appearances,Netherlands
Lukas Hradecky,Monaco,ligue-1,GK,36,81,fc26,2.5,1.8,1.5,False,2027,False,citizenship-window-invisible,Finland
Aladji Bamba,Newcastle,premier-league,CM,19,63,fc26,35.5,3.5,0.3,False,2030,False,appearances,France
Gabin Bernardeau,Lorient,ligue-1,AM,20,66,fc26,2.5,,0.3,False,2029,False,appearances,France
Rareș Ilie,Nice,ligue-1,AM,23,69,fc26,2.5,1.8,0.2,False,2027,False,appearances,Romania
Laurent Abergel,Nice,ligue-1,CM,33,75,fc26,2.5,3.0,1.7,False,2029,False,citizenship-window-invisible,France
Ciro Immobile,Paris FC,ligue-1,ST,36,78,fc26,2.5,2.0,3.6,False,2027,False,citizenship-window-invisible,Italy
Yoan Koré,Paris FC,ligue-1,CB,21,67,salary-fit,2.5,,0.4,False,2027,False,citizenship-window-invisible,France
Elías Legendre Quiñónez,Rennes,ligue-1,RW,18,65,salary-fit,2.5,,0.2,False,2029,False,citizenship-window-invisible,Ecuador
Emersonn,Ipswich Town,premier-league,ST,21,65,fc26,28.0,4.0,0.6,False,2029,False,appearances,Brazil
Enzo Faty,Toulouse,ligue-1,ST,19,65,salary-fit,2.5,,0.2,False,2030,False,citizenship-window-invisible,France
Yasser Larouci,Le Mans,ligue-1,LB,25,68,fc26,2.5,3.0,0.6,False,2027,False,appearances,Algeria
Jordan Henderson,Chelsea,premier-league,CM,36,79,fc26,2.5,2.0,4.6,False,2027,True,citizenship-window-invisible,England
Hákon Rafn Valdimarsson,Brentford,premier-league,GK,24,68,fc26,2.5,2.5,1.2,False,2030,False,appearances,Iceland
Yunus Emre Konak,Brentford,premier-league,CM,20,62,fc26,2.5,3.5,0.9,False,2029,False,appearances,Turkey
Amario Cozier-Duberry,Brighton,premier-league,RW,21,66,fc26,2.5,3.0,0.6,False,2028,True,citizenship-plus-appearances,England
Liam Kitching,Coventry,premier-league,CB,26,70,fc26,2.5,,1.1,False,2027,False,citizenship-no-tm,England
Victor Torp,Coventry,premier-league,CM,26,70,fc26,2.5,,1.1,False,2027,False,citizenship-no-tm,Denmark
Tatsuhiro Sakamoto,Coventry,premier-league,RW,29,72,fc26,2.5,,0.5,False,2027,False,citizenship-no-tm,Japan
Josh Eccles,Coventry,premier-league,CM,26,70,fc26,2.5,,0.2,False,2028,False,citizenship-no-tm,England
Michael Keane,Everton,premier-league,CB,33,73,fc26,2.5,4.0,4.9,False,2027,True,citizenship-window-invisible,England
Harrison Reed,Fulham,premier-league,CM,31,72,fc26,2.5,3.0,3.0,False,2027,True,appearances,England
Benjamin Lecomte,Fulham,premier-league,GK,35,74,fc26,2.5,3.5,1.8,False,2027,False,citizenship-window-invisible,France
Jonah Kusi-Asare,Fulham,premier-league,ST,18,60,fc26,2.5,4.0,0.2,False,2027,False,appearances,Sweden
John Egan,Hull City,premier-league,CB,33,72,fc26,2.5,4.0,1.1,False,2027,False,citizenship-window-invisible,Ireland
Regan Slater,Hull City,premier-league,CM,26,70,fc26,2.5,,0.9,False,2027,False,citizenship-no-tm,England
Liam Millar,Hull City,premier-league,LW,26,72,fc26,2.5,1.7,0.9,False,2027,False,appearances,Canada
Cody Drameh,Hull City,premier-league,RB,24,69,fc26,2.5,,0.5,False,2027,False,citizenship-no-tm,England
Enis Destan,Hull City,premier-league,ST,24,68,fc26,2.5,2.5,0.4,False,2028,False,appearances,Turkey
Jack Taylor,Ipswich Town,premier-league,CM,28,70,fc26,2.5,3.0,1.1,False,2028,False,appearances,Ireland
Josh Wilson-Esbrand,Manchester City,premier-league,LB,23,67,fc26,2.5,3.0,0.4,False,2027,True,citizenship-plus-appearances,England
Odysseas Vlachodimos,Sevilla,la-liga,GK,32,72,fc26,2.5,4.0,3.0,False,2028,False,appearances,Greece
Omar Richards,Nottingham Forest,premier-league,LB,28,72,fc26,2.5,2.0,1.8,False,2027,True,citizenship-plus-appearances,England
Tyler Bindon,Nottingham Forest,premier-league,CB,21,69,fc26,2.5,1.5,0.6,False,2028,False,appearances,New Zealand
Arthur Masuaku,Sunderland,premier-league,LB,32,75,fc26,2.5,2.5,3.7,False,2027,False,citizenship-window-invisible,Democratic Republic of the Congo
Romaine Mundle,Sunderland,premier-league,LW,23,71,fc26,2.5,1.5,0.6,False,2028,True,citizenship-plus-appearances,England
Jocelin Ta Bi,Sunderland,premier-league,RW,21,67,salary-fit,2.5,,0.5,False,2030,False,appearances,Cote d'Ivoire
Cihan Kahraman,Academico Viseu,primeira-liga,AM,27,71,position-median,2.5,,0.4,False,2027,False,citizenship-no-tm,Turkey
Igor Milioransa,Academico Viseu,primeira-liga,LB,29,72,position-median,2.5,,0.5,False,2027,False,citizenship-no-tm,Brazil
Robinho,Academico Viseu,primeira-liga,RB,28,72,position-median,2.5,,0.5,False,2027,False,citizenship-no-tm,Portugal
Bastien Meupiyou,Alverca,primeira-liga,CB,20,61,fc26,2.5,4.0,0.1,False,2028,False,appearances,France
Chiquinho,Alverca,primeira-liga,LW,26,72,fc26,2.5,2.0,0.1,False,2028,False,appearances,Portugal
Fally Mayulu,Arouca,primeira-liga,ST,23,68,fc26,2.5,,0.4,False,2027,False,appearances,France
Javi Sánchez,Arouca,primeira-liga,CB,29,72,fc26,2.5,2.5,0.4,False,2027,False,appearances,Spain
Ignacio de Arruabarrena,Arouca,primeira-liga,GK,29,73,fc26,2.5,2.0,0.3,False,2028,False,appearances,Uruguay
Hyun-ju Lee,Arouca,primeira-liga,AM,23,68,fc26,2.5,,0.2,False,2028,False,appearances,South Korea
Henrique Araújo,Benfica,primeira-liga,ST,24,70,fc26,2.5,2.0,1.2,False,2027,False,appearances,Portugal
Anísio Cabral,Benfica,primeira-liga,ST,18,65,salary-fit,2.5,,0.3,False,2031,False,citizenship-window-invisible,Portugal
José Neto,Benfica,primeira-liga,LB,18,65,salary-fit,2.5,,0.3,False,2031,False,citizenship-window-invisible,Portugal
Thiago Helguera,Braga,primeira-liga,CM,20,65,fc26,2.5,3.5,0.2,False,2029,False,appearances,Uruguay
João Carvalho,Estoril,primeira-liga,AM,29,72,fc26,2.5,3.0,0.5,False,2027,False,appearances,Portugal
Ricard Sánchez,Estoril,primeira-liga,RB,26,71,fc26,2.5,2.5,0.5,False,2027,False,appearances,Spain
Sydney van Hooijdonk,Estrela Amadora,primeira-liga,ST,26,68,fc26,2.5,4.0,0.4,False,2028,False,appearances,Netherlands
Stefan Lekovic,Estrela Amadora,primeira-liga,CB,22,68,value-fit,2.5,2.5,0.3,False,2029,False,appearances,Serbia
Paulo Henrique,Marítimo,primeira-liga,LB,29,72,position-median,2.5,,0.5,False,2027,False,citizenship-no-tm,Portugal
Pedro Teixeira,Marítimo,primeira-liga,GK,24,69,position-median,2.5,,0.3,False,2027,False,citizenship-no-tm,Portugal
Dinis Pinto,Moreirense,primeira-liga,RB,25,69,fc26,2.5,3.0,0.2,False,2027,False,appearances,Portugal
Stavros Gavriel,Nacional,primeira-liga,RW,24,69,fc26,2.5,,0.3,False,2029,False,appearances,Cyprus
Zaidu Sanusi,Porto,primeira-liga,LB,29,72,fc26,2.5,3.0,0.8,False,2027,False,appearances,Nigeria
Brandon Aguilera,Rio Ave,primeira-liga,CM,23,69,fc26,2.5,2.0,0.5,False,2027,False,appearances,Costa Rica
Gustavo Mancha,Rio Ave,primeira-liga,CB,21,67,salary-fit,2.5,,0.4,False,2027,False,appearances,Brazil
Marios Vrousai,Rio Ave,primeira-liga,RB,28,72,fc26,2.5,2.5,0.1,False,2027,False,appearances,Greece
Sidney Lima,Santa Clara,primeira-liga,CB,29,71,fc26,2.5,3.5,0.2,False,2027,False,appearances,Brazil
Ricardo Mangas,Sporting Lisbon,primeira-liga,LB,28,72,fc26,2.5,2.5,1.1,False,2029,False,appearances,Portugal
Sotiris Alexandropoulos,Sporting Lisbon,primeira-liga,CM,24,68,fc26,2.5,3.0,0.8,False,2027,False,appearances,Greece
Souleymane Faye,Sporting Lisbon,primeira-liga,RW,23,68,salary-fit,2.5,,0.5,False,2030,False,appearances,Senegal
Maxim Deman,Beveren,pro-league,GK,24,69,position-median,2.5,,0.3,False,2027,False,citizenship-no-tm,Belgium
Christophe Janssens,Beveren,pro-league,LB,28,72,position-median,2.5,,0.5,False,2027,False,citizenship-no-tm,Belgium
Dante Vanzeir,Cercle Brugges,pro-league,ST,28,72,fc26,2.5,2.0,0.5,False,2027,False,appearances,Belgium
Steve Ngoura,Cercle Brugges,pro-league,ST,21,67,fc26,2.5,2.0,0.2,False,2028,False,appearances,France
Jean Thierry Lazare Amani,Cercle Brugges,pro-league,CM,28,72,position-median,2.5,,0.5,False,2028,False,citizenship-no-tm,Cote d'Ivoire
Patrick Pflücke,Charleroi,pro-league,RW,29,73,fc26,2.5,2.0,0.6,False,2027,False,appearances,Germany
Martin Delavallée,Charleroi,pro-league,GK,22,70,fc26,2.5,1.5,0.4,False,2027,False,appearances,Belgium
Zaid Romero,Getafe,la-liga,CB,26,72,fc26,2.5,2.0,0.5,False,2028,False,appearances,Argentina
Kayembe,Genk,pro-league,LB,31,74,fc26,2.5,2.5,0.7,False,2027,False,appearances,Democratic Republic of the Congo
Robin Mirisola,Genk,pro-league,ST,19,65,value-fit,2.5,2.5,0.2,False,2030,False,appearances,Belgium
Wilfried Kanga,Gent,pro-league,ST,28,69,fc26,2.5,4.0,0.3,False,2028,False,appearances,Cote d'Ivoire
Max Dean,Gent,pro-league,ST,22,67,fc26,2.5,,0.2,False,2028,True,citizenship-plus-appearances,England
Ewoud Pletinckx,Leuven,pro-league,CB,25,70,fc26,2.5,2.0,0.4,False,2029,False,appearances,Belgium
Viktor Damjanic,Leuven,pro-league,CB,20,66,fc26,2.5,,0.2,False,2028,False,citizenship-window-invisible,Croatia
Lucas Schoofs,Lommel,pro-league,CM,29,72,position-median,2.5,,0.5,False,2027,False,citizenship-no-tm,Belgium
Fredrik Hammar,Mechelen,pro-league,CM,25,68,fc26,2.5,3.0,0.2,False,2028,False,appearances,Sweden
Daam Foulon,Royal Antwerp,pro-league,LB,27,72,fc26,2.5,1.7,0.5,False,2028,False,appearances,Belgium
Dennis Eckert,Standard Liege,pro-league,ST,29,73,fc26,2.5,2.0,0.6,False,2028,False,appearances,Iran
Rob Schoofs,Union SG,pro-league,CM,32,76,fc26,2.5,2.2,0.9,False,2028,False,appearances,Belgium
Louis Patris,Union SG,pro-league,RB,25,69,fc26,2.5,3.0,0.3,False,2029,False,appearances,Belgium
Isa Sakamoto,Westerlo,pro-league,AM,22,54,fc26,2.5,3.5,0.1,False,2028,False,appearances,Japan
Serxho Ujka,Zulte Waregem,pro-league,AM,27,71,position-median,2.5,,0.4,False,2027,False,appearances,Albania
Massimo Pessina,Bologna,serie-a,GK,18,65,salary-fit,2.5,,0.3,False,2029,False,appearances,Italy
Joseph Liteta,Cagliari,serie-a,CM,20,66,salary-fit,2.5,,0.3,False,2030,False,appearances,Zambia
Yael Trepy,Cagliari,serie-a,ST,20,66,salary-fit,2.5,,0.3,False,2030,False,appearances,France
Marc Oliver Kempf,Como,serie-a,CB,31,73,fc26,2.5,2.8,1.1,False,2027,False,appearances,Germany
Matías Moreno,Fiorentina,serie-a,CB,22,65,fc26,2.5,4.0,0.7,False,2029,False,appearances,Argentina
Eddy Kouadio,Fiorentina,serie-a,CB,20,66,value-fit,2.5,2.5,0.4,False,2030,False,appearances,Italy
Eman Košpo,Fiorentina,serie-a,CB,19,65,salary-fit,2.5,,0.2,False,2030,False,citizenship-window-invisible,Bosnia-Herzegovina
Amorim,Genoa,serie-a,CM,21,67,salary-fit,2.5,,0.5,False,2030,False,appearances,Brazil
Daniele Rugani,Juventus,serie-a,CB,31,75,fc26,2.5,2.0,3.3,False,2028,False,appearances,Italy
Santiago Pierotti,Lecce,serie-a,RW,25,70,fc26,2.5,2.5,0.6,False,2027,False,appearances,Argentina
Danilo Veiga,Lecce,serie-a,RB,23,69,fc26,2.5,2.0,0.5,False,2027,False,appearances,Portugal
Mohamed Kaba,Lecce,serie-a,CM,24,68,fc26,2.5,3.5,0.3,False,2027,False,appearances,Guinea
Andrea Carboni,Monza,serie-a,CB,25,70,fc26,2.5,2.5,1.1,False,2029,False,appearances,Italy
Adam Bakoune,Monza,serie-a,RB,20,66,salary-fit,2.5,,0.3,False,2027,False,citizenship-no-tm,Italy
Aljaz Strajnar,Monza,serie-a,GK,18,65,salary-fit,2.5,,0.2,False,2029,False,citizenship-no-tm,Slovenia
Pontus Almqvist,Parma,serie-a,RW,26,72,fc26,2.5,2.0,1.1,False,2027,False,appearances,Sweden
Antoine Joujou,Parma,serie-a,LW,23,69,fc26,2.5,2.0,0.3,False,2028,False,appearances,France
Mattia Mannini,Roma,serie-a,RB,19,65,fc26,2.5,,0.1,False,2028,False,citizenship-no-tm,Italy
Nemanja Matić,Sassuolo,serie-a,CM,37,77,fc26,2.5,3.0,3.7,False,2027,False,citizenship-window-invisible,Serbia
Fali Candé,Sassuolo,serie-a,CB,28,71,fc26,2.5,3.0,0.7,False,2029,False,appearances,Guinea-Bissau
Luca Lipani,Sassuolo,serie-a,CM,21,65,fc26,2.5,4.0,0.2,False,2028,False,appearances,Italy
Pietro Pellegri,Torino,serie-a,ST,25,68,fc26,2.5,3.0,1.3,False,2027,False,appearances,Italy
Juan Arizala,Udinese,serie-a,LW,20,66,salary-fit,2.5,,0.4,False,2030,False,appearances,Colombia
Alfred Duncan,Venezia,serie-a,CM,33,72,fc26,2.5,4.0,2.2,False,2027,False,citizenship-window-invisible,Ghana
Matteo Dagasso,Venezia,serie-a,CM,22,67,salary-fit,2.5,,0.4,False,2030,False,citizenship-no-tm,Italy
Steve Mounié,Augsburg,bundesliga,ST,31,73,fc26,2.0,1.8,2.6,False,2027,False,appearances,Benin
Michael Gregoritsch,Augsburg,bundesliga,ST,32,75,fc26,2.0,1.5,0.6,False,2027,False,appearances,Austria
Ernest Poku,Bayer Leverkusen,bundesliga,RW,22,70,fc26,2.0,1.3,0.9,False,2030,False,appearances,Netherlands
Almugera Kabar,Borussia Dortmund,bundesliga,LB,20,64,fc26,2.0,3.0,0.8,False,2028,False,appearances,Germany
Justin Lerma,Borussia Dortmund,bundesliga,AM,18,64,fc26,2.0,,0.4,False,2027,False,citizenship-no-tm,Ecuador
Jessic Ngankam,Eintracht Frankfurt,bundesliga,ST,25,69,fc26,2.0,1.5,0.9,False,2028,False,appearances,Germany
Elias Baum,Eintracht Frankfurt,bundesliga,RB,20,72,fc26,2.0,1.0,0.7,False,2028,False,appearances,Germany
Lasse Günther,Elversberg,bundesliga,LB,23,67,fc26,2.0,,0.6,False,2030,False,citizenship-no-tm,Germany
Frederik Schmahl,Elversberg,bundesliga,CM,23,67,fc26,2.0,,0.1,False,2027,False,citizenship-no-tm,Germany
Raif Adam,Elversberg,bundesliga,RW,20,65,salary-fit,2.0,,0.1,False,2029,False,citizenship-no-tm,Germany
Lukas Kübler,Freiburg,bundesliga,RB,33,75,fc26,2.0,1.5,1.9,False,2027,False,citizenship-window-invisible,Germany
Florian Müller,Freiburg,bundesliga,GK,28,72,fc26,2.0,1.2,0.8,False,2027,False,appearances,Germany
Florent Muslija,Freiburg,bundesliga,LW,27,71,fc26,2.0,1.8,0.6,False,2028,False,appearances,Kosovo
Rihito Yamamoto,Freiburg,bundesliga,CM,24,65,fc26,2.0,3.0,0.4,False,2027,False,appearances,Japan
Fábio Baldé,Hamburg,bundesliga,LW,20,65,fc26,2.0,,0.5,False,2029,False,appearances,Portugal
Vladimír Coufal,Hoffenheim,bundesliga,RB,33,73,fc26,2.0,2.7,3.8,False,2028,False,citizenship-window-invisible,Czech Republic
Tim Lemperle,Hoffenheim,bundesliga,ST,24,73,fc26,2.0,1.5,2.3,False,2031,False,appearances,Germany
Dennis Geiger,Hoffenheim,bundesliga,CM,28,73,fc26,2.0,1.5,2.1,False,2027,False,appearances,Germany
Attila Szalai,Hoffenheim,bundesliga,CB,28,70,fc26,2.0,2.0,1.5,False,2027,False,appearances,Hungary
Bambasé Conté,Hoffenheim,bundesliga,AM,22,66,fc26,2.0,,0.2,False,2028,False,citizenship-no-tm,Germany
Luca Waldschmidt,Koln,bundesliga,ST,30,72,fc26,2.0,2.5,3.0,False,2027,False,appearances,Germany
Youssoupha Niang,Koln,bundesliga,RW,20,65,salary-fit,2.0,,0.2,False,2027,False,appearances,Germany
Phillipp Mwene,Mainz,bundesliga,LB,32,76,fc26,2.0,1.5,1.9,False,2027,False,appearances,Austria
Danny da Costa,Mainz,bundesliga,CB,32,75,fc26,2.0,1.2,1.5,False,2027,False,citizenship-window-invisible,Germany
Fabio Gruber,Mainz,bundesliga,CB,23,67,fc26,2.0,,0.6,False,2030,False,appearances,Peru
Tjark Scheller,Paderborn,bundesliga,CB,24,68,fc26,2.0,,0.4,False,2027,False,citizenship-no-tm,Germany
Raphael Obermair,Paderborn,bundesliga,LW,30,72,fc26,2.0,,0.3,False,2027,False,citizenship-no-tm,Philippines
Nahuel Noll,Paderborn,bundesliga,GK,23,67,fc26,2.0,,0.3,False,2027,False,citizenship-no-tm,Germany
Oliver Batista Meier,Paderborn,bundesliga,AM,25,68,fc26,2.0,,0.6,False,2027,False,citizenship-no-tm,Germany
Kenan Karaman,Schalke 04,bundesliga,AM,32,73,fc26,2.0,,1.1,False,2028,False,citizenship-no-tm,Turkey
Soufiane El-Faouzi,Schalke 04,bundesliga,CM,23,67,fc26,2.0,,0.9,False,2030,False,citizenship-no-tm,Morocco
Zaid Tchibara,Schalke 04,bundesliga,RW,20,65,salary-fit,2.0,,0.2,False,2028,False,citizenship-no-tm,Togo
Johannes Siebeking,Schalke 04,bundesliga,GK,20,65,salary-fit,2.0,,0.1,False,2029,False,citizenship-no-tm,Germany
Justin Diehl,Stuttgart,bundesliga,LW,21,66,fc26,2.0,1.8,0.6,False,2029,False,appearances,Germany
Lazar Jovanovic,Stuttgart,bundesliga,RW,19,64,fc26,2.0,,0.6,False,2029,False,appearances,Serbia
Chris Bedia,Union Berlin,bundesliga,ST,30,70,fc26,2.0,2.5,0.8,False,2027,False,appearances,Cote d'Ivoire
Matheo Raab,Union Berlin,bundesliga,GK,27,70,fc26,2.0,,0.5,False,2027,False,appearances,Germany
Julián Malatini,Werder Bremen,bundesliga,CB,25,69,fc26,2.0,2.0,0.7,False,2027,False,appearances,Argentina
Rion Ichihara,AZ Alkmaar,eredivisie,CB,20,65,salary-fit,2.0,,0.2,False,2031,False,appearances,Japan
Dave Kwakman,AZ Alkmaar,eredivisie,CM,21,66,fc26,2.0,1.5,0.2,False,2029,False,appearances,Netherlands
Maarten Paes,Ajax,eredivisie,GK,28,72,fc26,2.0,1.2,0.6,False,2029,False,appearances,Indonesia
Jerolldino Bergraaf,Excelsior,eredivisie,ST,20,65,salary-fit,2.0,,0.1,False,2028,False,appearances,Netherlands
Tijmen Holla,Excelsior,eredivisie,GK,19,64,salary-fit,2.0,,0.1,False,2027,False,appearances,Netherlands
Jaden Slory,Feyenoord,eredivisie,RW,21,66,fc26,2.0,,0.7,False,2029,False,appearances,Netherlands
Neraysho Kasanwirjo,Feyenoord,eredivisie,CB,24,69,fc26,2.0,1.8,0.5,False,2027,False,appearances,Netherlands
Shiloh 't Zand,Feyenoord,eredivisie,AM,23,67,fc26,2.0,,0.2,False,2028,False,appearances,Suriname
Philip Brittijn,Fortuna Sittard,eredivisie,CM,22,66,fc26,2.0,,0.3,False,2028,False,appearances,Netherlands
Joris Kramer,Go Ahead Eagles,eredivisie,CB,29,72,fc26,2.0,1.8,0.2,False,2028,False,appearances,Netherlands
Dean James,Go Ahead Eagles,eredivisie,LB,26,70,fc26,2.0,2.0,0.1,False,2028,False,appearances,Indonesia
Mathis Suray,Go Ahead Eagles,eredivisie,LW,24,68,fc26,2.0,,0.1,False,2027,False,appearances,Belgium
Eus Waayers,Go Ahead Eagles,eredivisie,RB,20,65,salary-fit,2.0,,0.1,False,2029,False,appearances,Netherlands
Etienne Vaessen,Groningen,eredivisie,GK,30,70,fc26,2.0,2.5,0.3,False,2029,False,appearances,Suriname
Thom van Bergen,Groningen,eredivisie,ST,22,67,fc26,2.0,2.0,0.2,False,2028,False,appearances,Netherlands
Jorg Schreuders,Groningen,eredivisie,LW,21,66,fc26,2.0,1.5,0.1,False,2027,False,appearances,Netherlands
Dylan Vente,Heerenveen,eredivisie,ST,27,69,fc26,2.0,3.0,0.5,False,2029,False,appearances,Suriname
Levi Smans,Heerenveen,eredivisie,AM,23,67,fc26,2.0,,0.2,False,2028,False,appearances,Netherlands
Nolhan Courtens,Heerenveen,eredivisie,AM,19,64,salary-fit,2.0,,0.1,False,2027,False,appearances,Democratic Republic of the Congo
Başar Önal,Lille,ligue-1,LW,22,67,fc26,2.0,1.5,0.3,False,2028,False,appearances,Turkey
Deveron Fonville,NEC Nijmegen,eredivisie,CB,23,67,salary-fit,2.0,,0.3,False,2029,False,appearances,Curacao
Noé Lebreton,NEC Nijmegen,eredivisie,AM,22,66,salary-fit,2.0,,0.3,False,2029,False,appearances,France
Ivan Perišić,PSV,eredivisie,LW,37,81,fc26,2.0,1.3,1.0,False,2027,False,citizenship-window-invisible,Croatia
Joël Drommel,Twente,eredivisie,GK,29,72,fc26,2.0,2.0,0.5,False,2027,False,appearances,Netherlands
Ayoni Santos,Sparta Rotterdam,eredivisie,AM,20,65,salary-fit,2.0,,0.1,False,2029,False,appearances,Cape Verde
Lushendry Martes,Sparta Rotterdam,eredivisie,RB,18,64,salary-fit,2.0,,0.1,False,2030,False,citizenship-window-invisible,Netherlands
Giannino Vianello,Sparta Rotterdam,eredivisie,LB,19,64,salary-fit,2.0,,0.1,False,2029,False,appearances,Netherlands
Rojendro Oudsten,Telstar,eredivisie,CM,18,64,salary-fit,2.0,,0.1,False,2028,False,appearances,Suriname
Yamano Olfers,Telstar,eredivisie,CB,19,64,salary-fit,2.0,,0.1,False,2027,False,citizenship-window-invisible,Suriname
Abdelraffie Benzzine,Telstar,eredivisie,CB,20,65,salary-fit,2.0,,0.1,False,2027,False,citizenship-window-invisible,Netherlands
Marko Pjaca,Twente,eredivisie,LW,31,73,value-fit,2.0,1.7,1.2,False,2027,False,appearances,Croatia
Naci Ünüvar,Twente,eredivisie,LW,23,68,fc26,2.0,1.5,0.5,False,2028,False,appearances,Turkey
Taylor Booth,Twente,eredivisie,RW,25,70,fc26,2.0,1.5,0.4,False,2028,False,appearances,United States
Lars Unnerstall,Twente,eredivisie,GK,35,78,fc26,2.0,1.5,0.4,False,2027,False,citizenship-window-invisible,Germany
Younes Taha,Twente,eredivisie,RW,23,67,fc26,2.0,2.3,0.2,False,2027,False,appearances,Morocco
Guilherme Peixoto,Twente,eredivisie,RB,20,65,salary-fit,2.0,,0.1,False,2028,False,appearances,Portugal
Victor Jensen,Utrecht,eredivisie,AM,26,68,fc26,2.0,2.5,0.4,False,2027,False,appearances,Denmark
Matisse Didden,Utrecht,eredivisie,CB,24,68,fc26,2.0,2.0,0.2,False,2028,False,appearances,Belgium
Emeka Adiele,Utrecht,eredivisie,LB,18,64,salary-fit,2.0,,0.1,False,2030,True,citizenship-plus-appearances,England
Jaygo van Ommeren,Utrecht,eredivisie,CM,18,64,salary-fit,2.0,,0.1,False,2028,False,citizenship-window-invisible,Netherlands
Jari Schuurman,Willem II,eredivisie,AM,29,71,position-median,2.0,,0.5,False,2027,False,citizenship-no-tm,Netherlands
Denis Suárez,Alaves,la-liga,AM,32,74,fc26,2.0,1.5,1.9,False,2027,False,appearances,Spain
Aitor Mañas,Alaves,la-liga,ST,23,67,salary-fit,2.0,,0.4,False,2030,False,appearances,Spain
Nico Serrano,Athletic Club,la-liga,LW,23,70,fc26,2.0,1.4,0.3,False,2028,False,appearances,Spain
Rodrigo Mendoza,Atletico Madrid,la-liga,CM,21,66,fc26,2.0,,1.7,False,2031,False,appearances,Spain
Horațiu Moldovan,Atletico Madrid,la-liga,GK,28,71,fc26,2.0,2.0,1.5,False,2027,False,appearances,Romania
Matías Vecino,Celta Vigo,la-liga,CM,34,77,fc26,2.0,1.5,2.9,False,2027,False,citizenship-window-invisible,Uruguay
Sergio Carreira,Celta Vigo,la-liga,RB,25,75,fc26,2.0,1.5,1.4,False,2029,False,appearances,Spain
Iván Villar,Celta Vigo,la-liga,GK,28,73,fc26,2.0,1.2,1.0,False,2027,False,appearances,Spain
Carles Pérez,Celta Vigo,la-liga,RW,28,71,value-fit,2.0,1.8,0.8,False,2027,False,appearances,Spain
Arnau Comas,Deportivo,la-liga,CB,26,70,fc26,2.0,1.5,0.5,False,2028,False,citizenship-window-invisible,Spain
Giacomo Quagliata,Deportivo,la-liga,LB,26,69,fc26,2.0,,0.5,False,2028,False,citizenship-no-tm,Italy
Charlie Patiño,Deportivo,la-liga,CM,22,66,salary-fit,2.0,,0.3,False,2028,False,citizenship-no-tm,England
Tete Morente,Elche,la-liga,LW,29,72,fc26,2.0,1.8,1.2,False,2028,False,appearances,Spain
Alejandro Iturbe,Elche,la-liga,GK,22,66,fc26,2.0,2.0,0.6,False,2029,False,citizenship-window-invisible,Spain
Leandro Cabrera,Espanyol,la-liga,CB,35,75,fc26,2.0,2.5,1.0,False,2027,False,citizenship-window-invisible,Uruguay
Djené,Getafe,la-liga,CB,34,77,fc26,2.0,1.6,3.1,False,2027,False,citizenship-window-invisible,Togo
Javi Muñoz,Getafe,la-liga,CM,31,76,fc26,2.0,1.5,1.7,False,2028,False,appearances,Spain
Jiri Letacek,Getafe,la-liga,GK,27,69,fc26,2.0,2.0,0.6,False,2028,False,appearances,Czech Republic
Jon Ander Olasagasti,Levante,la-liga,CM,25,74,fc26,2.0,1.2,1.2,False,2028,False,appearances,Spain
Oriol Rey,Levante,la-liga,CM,28,73,fc26,2.0,1.2,1.2,False,2027,False,appearances,Spain
Adrián de la Fuente,Levante,la-liga,CB,27,70,salary-fit,2.0,,0.7,False,2027,False,citizenship-no-tm,Spain
Alfonso Herrero,Malaga,la-liga,GK,32,74,fc26,2.0,,0.6,False,2028,False,citizenship-no-tm,Spain
Julen Lobete,Malaga,la-liga,LW,25,68,salary-fit,2.0,,0.4,False,2027,False,citizenship-no-tm,Spain
Carlos Puga,Malaga,la-liga,RB,25,68,fc26,2.0,,0.1,False,2029,False,citizenship-no-tm,Spain
Kike Barja,Osasuna,la-liga,RW,29,74,fc26,2.0,1.5,1.2,False,2028,False,appearances,Spain
Iker Benito,Osasuna,la-liga,RW,23,69,fc26,2.0,1.5,0.3,False,2027,False,appearances,Spain
Giorgi Guliashvili,Racing Santander,la-liga,ST,24,68,salary-fit,2.0,,0.5,False,2029,False,citizenship-no-tm,Georgia
Sergio Martínez,Racing Santander,la-liga,CM,19,64,salary-fit,2.0,,0.1,False,2029,False,citizenship-no-tm,Spain
Iván Balliu,Rayo Vallecano,la-liga,RB,34,76,fc26,2.0,1.2,0.9,False,2027,False,citizenship-window-invisible,Albania
Samu Becerra,Rayo Vallecano,la-liga,CM,20,65,salary-fit,2.0,,0.2,False,2027,False,appearances,Spain
Jon Karrikaburu,Real Sociedad,la-liga,ST,23,67,fc26,2.0,2.5,0.8,False,2027,False,appearances,Spain
Mikel Goti,Real Sociedad,la-liga,AM,24,68,value-fit,2.0,1.5,0.2,False,2028,False,appearances,Spain
Tanguy Nianzou,Sevilla,la-liga,CB,24,72,fc26,2.0,1.4,4.2,False,2027,False,appearances,France
Sergi Canós,Valencia,la-liga,LW,29,71,fc26,2.0,2.5,1.5,False,2027,True,appearances,Spain
Carlos Romero,Villarreal,la-liga,LB,24,75,fc26,2.0,1.5,2.5,False,2031,False,appearances,Spain
Jim Allevinah,Angers,ligue-1,RW,31,72,fc26,2.0,2.0,1.6,False,2027,False,appearances,Gabon
Amine Sbaï,Angers,ligue-1,LW,25,68,fc26,2.0,,0.7,False,2027,False,appearances,Morocco
Marius Louër,Angers,ligue-1,RB,19,64,salary-fit,2.0,,0.1,False,2028,False,appearances,France
Lassine Sinayoko,Paris FC,ligue-1,ST,26,74,fc26,2.0,1.2,1.2,False,2027,False,appearances,Mali
Lasso Coulibaly,Auxerre,ligue-1,RW,23,68,fc26,2.0,1.5,0.6,False,2028,False,appearances,Cote d'Ivoire
Ryan Rodin,Auxerre,ligue-1,ST,20,65,salary-fit,2.0,,0.2,False,2028,False,appearances,France
Louis Mezerette,Auxerre,ligue-1,GK,19,64,salary-fit,2.0,,0.1,False,2028,False,citizenship-window-invisible,France
Alvin Petit Dol,Auxerre,ligue-1,CB,19,64,salary-fit,2.0,,0.1,False,2027,False,citizenship-window-invisible,France
Tidiane Devernois,Auxerre,ligue-1,CM,18,64,salary-fit,2.0,,0.1,False,2030,False,appearances,France
Elikya Legros,Auxerre,ligue-1,CB,18,64,salary-fit,2.0,,0.1,False,2027,False,citizenship-window-invisible,France
Kenny Lala,Brest,ligue-1,RB,34,76,fc26,2.0,1.8,1.8,False,2027,False,citizenship-window-invisible,France
Andrija Bulatovic,Lens,ligue-1,CM,19,64,fc26,2.0,,0.4,False,2030,False,appearances,Montenegro
Alpha Diallo,Lens,ligue-1,AM,20,65,salary-fit,2.0,,0.2,False,2027,False,citizenship-window-invisible,France
Gaëtan Perrin,Lille,ligue-1,RW,30,73,value-fit,2.0,2.0,2.4,False,2028,False,appearances,France
Aïssa Mandi,Levante,la-liga,CB,34,75,fc26,2.0,1.8,2.0,False,2027,False,citizenship-window-invisible,Algeria
Nathaniel Adjei,Lorient,ligue-1,CB,23,67,fc26,2.0,2.5,0.9,False,2028,False,appearances,Ghana
Noah Cadiou,Lorient,ligue-1,CM,27,70,fc26,2.0,,0.9,False,2029,False,appearances,Guadeloupe
Arsène Kouassi,Lorient,ligue-1,LB,22,66,fc26,2.0,,0.6,False,2029,False,appearances,Burkina Faso
Alec Georgen,Lorient,ligue-1,RB,27,70,fc26,2.0,,0.8,False,2029,False,citizenship-no-tm,France
Rémy Descamps,Lyon,ligue-1,GK,30,73,fc26,2.0,2.0,1.6,False,2029,False,appearances,France
Khalis Merah,Lyon,ligue-1,CM,19,64,fc26,2.0,,0.9,False,2029,False,appearances,France
Paul Akouokou,Lyon,ligue-1,CM,28,71,fc26,2.0,1.5,0.8,False,2027,False,appearances,Cote d'Ivoire
Edan Diop,Monaco,ligue-1,CM,21,66,fc26,2.0,2.0,0.6,False,2028,False,appearances,France
Paris Brunner,Monaco,ligue-1,ST,20,66,fc26,2.0,1.5,0.5,False,2028,False,appearances,Germany
Lucas Michal,Monaco,ligue-1,LW,21,64,fc26,2.0,2.5,0.3,False,2029,False,appearances,France
Yoram Zague,PSG,ligue-1,RB,20,65,fc26,2.0,2.5,0.4,False,2028,False,appearances,France
Willem Geubbels,Lecce,serie-a,ST,24,72,fc26,2.0,1.5,1.4,False,2030,False,appearances,France
Tuomas Ollila,Paris FC,ligue-1,LB,26,69,fc26,2.0,,0.6,False,2027,False,appearances,Finland
Adama Camara,Paris FC,ligue-1,CM,29,71,fc26,2.0,,0.5,False,2027,False,appearances,France
Mahamadou Nagida,Rennes,ligue-1,LB,21,66,fc26,2.0,1.5,0.4,False,2029,False,appearances,Cameroon
Nordan Mukiele,Rennes,ligue-1,RW,20,65,salary-fit,2.0,,0.2,False,2028,False,appearances,France
Gessime Yassine,Strasbourg,ligue-1,RW,20,65,fc26,2.0,,0.6,False,2030,False,appearances,Morocco
Niklas Schmidt,Toulouse,ligue-1,CM,28,72,fc26,2.0,1.5,1.3,False,2027,False,appearances,Germany
Abu Francis,Toulouse,ligue-1,CM,25,68,fc26,2.0,2.0,0.8,False,2029,False,appearances,Ghana
Alexis Vossah,Toulouse,ligue-1,CM,18,64,salary-fit,2.0,,0.1,False,2028,False,citizenship-window-invisible,France
Martin Adeline,Hamburg,bundesliga,AM,22,65,fc26,2.0,3.0,0.5,False,2027,False,appearances,France
Roman Murcy,Troyes,ligue-1,CM,20,65,salary-fit,2.0,,0.1,False,2029,False,citizenship-no-tm,France
Elijah Odede,Troyes,ligue-1,LW,19,64,salary-fit,2.0,,0.1,False,2030,False,citizenship-no-tm,Nigeria
Lewis Dobbin,Aston Villa,premier-league,LW,23,67,fc26,2.0,2.5,1.5,False,2028,True,citizenship-plus-appearances,England
Gustavo Nunes,Brentford,premier-league,LW,20,65,fc26,2.0,,1.5,False,2030,False,appearances,Brazil
Kaye Furo,Brentford,premier-league,ST,19,63,fc26,2.0,2.5,1.2,False,2031,False,appearances,Belgium
Ji-soo Kim,Brentford,premier-league,CB,21,66,salary-fit,2.0,,0.3,False,2027,False,citizenship-no-tm,South Korea
Mike Penders,Chelsea,premier-league,GK,20,73,fc26,2.0,1.0,1.9,False,2032,False,appearances,Belgium
Joel Latibeaudiere,Coventry,premier-league,CB,26,69,fc26,2.0,,0.5,False,2027,False,citizenship-no-tm,Jamaica
Miguel Ángel Brau,Coventry,premier-league,LB,24,68,salary-fit,2.0,,0.5,False,2029,False,citizenship-no-tm,Spain
Norman Bassette,Coventry,premier-league,ST,21,66,fc26,2.0,,0.3,False,2028,False,citizenship-no-tm,Belgium
David Ozoh,Crystal Palace,premier-league,CM,21,68,fc26,2.0,1.0,0.3,False,2027,True,citizenship-plus-appearances,England
Harrison Armstrong,Everton,premier-league,CM,19,67,fc26,2.0,1.2,0.1,False,2028,True,citizenship-plus-appearances,England
Darko Gyabi,Hull City,premier-league,CM,22,66,fc26,2.0,,0.6,False,2028,False,citizenship-no-tm,England
Darnell Furlong,Ipswich Town,premier-league,RB,30,72,fc26,2.0,,1.7,False,2028,False,citizenship-no-tm,England
Emil Krafth,Newcastle,premier-league,RB,31,73,fc26,2.0,1.5,3.4,False,2027,False,appearances,Sweden
Abdoullah Ba,Sunderland,premier-league,RW,22,66,fc26,2.0,,0.6,False,2027,False,citizenship-window-invisible,France
André Clóvis,Academico Viseu,primeira-liga,ST,28,71,position-median,2.0,,0.4,False,2028,False,citizenship-no-tm,Brazil
Rúben Pereira,Academico Viseu,primeira-liga,CB,28,71,position-median,2.0,,0.4,False,2027,False,citizenship-no-tm,Portugal
Mateo Flores,Arouca,primeira-liga,CM,22,66,fc26,2.0,,0.2,False,2029,False,appearances,Spain
Pau Víctor,Braga,primeira-liga,ST,24,69,fc26,2.0,1.5,0.6,False,2030,False,appearances,Spain
João Marques,Braga,primeira-liga,LW,24,71,fc26,2.0,1.5,0.5,False,2029,False,appearances,Portugal
Mario Dorgeles,Braga,primeira-liga,RW,21,67,fc26,2.0,1.2,0.4,False,2030,False,appearances,Cote d'Ivoire
Jonatás Noro,Braga,primeira-liga,CB,20,65,salary-fit,2.0,,0.1,False,2027,False,appearances,Portugal
Adrian Bajrami,Braga,primeira-liga,CB,24,67,fc26,2.0,3.0,0.2,False,2031,False,appearances,Switzerland
Bartlomiej Wdowik,Braga,primeira-liga,LB,25,69,fc26,2.0,1.5,0.3,False,2028,False,appearances,Poland
Jérémy Livolant,Casa Pia,primeira-liga,RW,28,70,fc26,2.0,2.0,0.7,False,2027,False,appearances,France
Lawrence Ofori,Casa Pia,primeira-liga,CM,28,71,fc26,2.0,2.0,0.4,False,2027,False,appearances,Ghana
Felix Bacher,Lyon,ligue-1,CB,25,69,fc26,2.0,2.0,0.3,False,2028,False,appearances,Austria
Eddy Doué,Estrela Amadora,primeira-liga,CM,20,65,salary-fit,2.0,,0.1,False,2028,False,appearances,Cote d'Ivoire
Ibrahima Ba,Sporting Lisbon,primeira-liga,CB,21,66,salary-fit,21.3,,0.3,False,2030,False,appearances,Senegal
Umar Abubakar,Famalicao,primeira-liga,ST,20,65,salary-fit,2.0,,0.1,False,2030,False,appearances,Nigeria
Joelson Fernandes,Gil Vicente,primeira-liga,LW,23,68,value-fit,2.0,1.8,0.4,False,2029,False,appearances,Portugal
Héctor Hernández,Gil Vicente,primeira-liga,ST,30,73,value-fit,2.0,2.0,0.4,False,2027,False,appearances,Spain
Diogo Prioste,Gil Vicente,primeira-liga,CM,22,66,fc26,2.0,2.0,0.4,False,2027,False,appearances,Portugal
Agustín Moreira,Gil Vicente,primeira-liga,RW,25,69,fc26,2.0,,0.3,False,2029,False,appearances,Uruguay
Weverson,Gil Vicente,primeira-liga,LB,26,70,value-fit,2.0,1.5,0.3,False,2028,False,appearances,Brazil
Facundo Cáseres,Gil Vicente,primeira-liga,CM,25,69,fc26,2.0,2.0,0.2,False,2028,False,appearances,Argentina
Gil Martins,Gil Vicente,primeira-liga,AM,20,65,salary-fit,2.0,,0.2,False,2028,False,appearances,Portugal
Santi García,Gil Vicente,primeira-liga,AM,24,69,fc26,2.0,1.5,0.1,False,2028,False,appearances,Spain
Gonçalo Maia,Gil Vicente,primeira-liga,CM,20,65,salary-fit,2.0,,0.1,False,2027,False,appearances,Portugal
Gonçalo Tabuaço,Marítimo,primeira-liga,GK,25,69,position-median,2.0,,0.3,False,2027,False,citizenship-no-tm,Portugal
Leandro Santos,Moreirense,primeira-liga,RB,20,67,fc26,2.0,1.0,0.3,False,2030,False,appearances,Portugal
Mateja Stjepanović,Moreirense,primeira-liga,CM,22,66,salary-fit,2.0,,0.3,False,2029,False,appearances,Serbia
Kevyn Monteiro,Moreirense,primeira-liga,CB,20,65,salary-fit,2.0,,0.1,False,2030,False,appearances,Brazil
Landerson,Moreirense,primeira-liga,LW,19,64,salary-fit,2.0,,0.1,False,2030,False,appearances,Brazil
Miguel Silva,Moreirense,primeira-liga,CM,18,64,salary-fit,2.0,,0.1,False,2027,False,appearances,Portugal
Matheus Dias,Nacional,primeira-liga,CM,24,68,fc26,2.0,1.5,0.4,False,2030,False,appearances,Brazil
Watts,Nacional,primeira-liga,RW,20,65,salary-fit,2.0,,0.1,False,2028,False,appearances,Portugal
Deivison,Nacional,primeira-liga,CM,20,65,salary-fit,2.0,,0.1,False,2030,False,appearances,Brazil
Deniz Gül,Porto,primeira-liga,ST,22,66,fc26,2.0,,0.3,False,2029,False,appearances,Turkey
Ole Pohlmann,Rio Ave,primeira-liga,AM,25,71,fc26,2.0,1.5,0.4,False,2027,False,appearances,Germany
Jalen Blesa,Rio Ave,primeira-liga,ST,25,68,salary-fit,2.0,,0.4,False,2030,False,appearances,Spain
Diogo Bezerra,Rio Ave,primeira-liga,RW,23,67,salary-fit,2.0,,0.3,False,2030,False,appearances,Brazil
Ryan Guilherme,Rio Ave,primeira-liga,CM,23,67,salary-fit,2.0,,0.3,False,2030,False,appearances,Brazil
Rafael Lobato,Rio Ave,primeira-liga,RW,20,65,salary-fit,2.0,,0.1,False,2029,False,appearances,Brazil
Francisco Petrasso,Rio Ave,primeira-liga,CB,24,68,value-fit,2.0,1.5,0.1,False,2028,False,appearances,Argentina
Gonçalo Paciência,Santa Clara,primeira-liga,ST,31,73,value-fit,2.0,1.5,0.3,False,2028,False,appearances,Portugal
Issa Doumbia,Sporting Lisbon,primeira-liga,CM,22,66,fc26,20.5,,0.2,False,2031,False,appearances,Italy
Alioune Ndoye,Vitoria SC,primeira-liga,ST,24,68,salary-fit,2.0,,0.4,False,2029,False,appearances,Senegal
Samu,Vitoria SC,primeira-liga,AM,30,73,fc26,2.0,1.5,0.4,False,2027,False,appearances,Portugal
Beni,Vitoria SC,primeira-liga,CM,24,68,fc26,2.0,2.0,0.3,False,2029,False,appearances,Angola
Juan Castillo,Vitoria SC,primeira-liga,GK,23,67,salary-fit,2.0,,0.3,False,2029,False,appearances,Colombia
Matija Mitrović,Vitoria SC,primeira-liga,CM,21,66,salary-fit,2.0,,0.3,False,2029,False,appearances,Serbia
Colin Coosemans,Anderlecht,pro-league,GK,33,77,fc26,2.0,1.5,1.1,False,2028,False,citizenship-window-invisible,Belgium
Ilay Camara,Anderlecht,pro-league,RB,23,69,fc26,2.0,1.5,0.3,False,2030,False,appearances,Senegal
Marco Kana,Anderlecht,pro-league,CB,23,65,fc26,2.0,3.0,0.1,False,2028,False,appearances,Belgium
Viktor Boone,Beveren,pro-league,CB,28,71,position-median,2.0,,0.4,False,2027,False,citizenship-no-tm,Belgium
Kurt Abrahams,Beveren,pro-league,RW,29,71,position-median,2.0,,0.4,False,2027,False,citizenship-no-tm,South Africa
Guillaume De Schryver,Beveren,pro-league,AM,29,71,position-median,2.0,,0.4,False,2027,False,citizenship-no-tm,Belgium
Gary Magnée,Cercle Brugges,pro-league,RB,26,70,fc26,2.0,1.5,0.3,False,2028,False,appearances,Belgium
Kevin Van Den Kerkhof,Charleroi,pro-league,RB,30,70,fc26,2.0,3.0,0.3,False,2028,False,appearances,Algeria
Lynnt Audoor,Club Brugges,pro-league,CM,22,66,fc26,2.0,1.8,0.2,False,2029,False,appearances,Belgium
Noah Adedeji-Sternberg,Genk,pro-league,LW,21,67,fc26,2.0,1.2,0.2,False,2028,False,appearances,Belgium
Ken Nkuba,Genk,pro-league,RB,24,66,fc26,2.0,2.5,0.2,False,2028,False,appearances,Belgium
Jeppe Erenbjerg,Genk,pro-league,AM,26,69,fc26,2.0,,0.3,False,2029,False,appearances,Denmark
Atsuki Ito,Gent,pro-league,CM,27,70,fc26,2.0,,0.3,False,2028,False,appearances,Japan
Tiago Araújo,Gent,pro-league,LB,25,69,fc26,2.0,1.5,0.3,False,2028,False,appearances,Portugal
Jellert Van Landschoot,Kortrijk,pro-league,LW,28,71,position-median,2.0,,0.4,False,2028,False,citizenship-no-tm,Belgium
Tiago Pereira Cardoso,La Louviere,pro-league,GK,20,67,fc26,2.0,1.5,0.2,False,2027,False,appearances,Luxembourg
Alexis Beka Beka,La Louviere,pro-league,CM,25,69,fc26,2.0,1.5,0.3,False,2027,False,appearances,France
Óscar Gil,Leuven,pro-league,RB,28,69,fc26,2.0,2.5,0.3,False,2027,False,appearances,Spain
Siebe Schrijvers,Leuven,pro-league,CM,29,74,fc26,2.0,1.5,0.7,False,2027,False,appearances,Belgium
Chukwubuikem Ikwuemesi,Leuven,pro-league,ST,24,68,fc26,2.0,1.5,0.3,False,2027,False,appearances,Nigeria
Rik Vercauteren,Lommel,pro-league,GK,25,69,position-median,2.0,,0.3,False,2027,False,citizenship-no-tm,Belgium
Dries Wouters,Lommel,pro-league,CB,29,71,position-median,2.0,,0.4,False,2027,False,citizenship-no-tm,Belgium
Gora Diouf,Mechelen,pro-league,CB,22,66,fc26,2.0,,0.2,False,2028,False,appearances,Senegal
Bilal Bafdili,Mechelen,pro-league,AM,21,67,fc26,2.0,1.8,0.2,False,2027,False,appearances,Belgium
Loïc Mbe Soh,Sint-Truidense,pro-league,CB,25,69,value-fit,2.0,1.5,0.3,False,2027,False,appearances,France
Bosko Sutalo,Standard Liege,pro-league,CB,26,69,fc26,2.0,2.5,0.3,False,2029,False,appearances,Croatia
Nayel Mehssatou,Standard Liege,pro-league,CM,24,67,fc26,2.0,2.0,0.2,False,2028,False,appearances,Chile
Afonso Patrão,Westerlo,pro-league,ST,19,66,fc26,2.0,1.7,0.2,False,2030,False,appearances,Portugal
Bill Lathouwers,Westerlo,pro-league,GK,26,69,position-median,2.0,,0.3,False,2030,False,citizenship-no-tm,Belgium
Marley Aké,Zulte Waregem,pro-league,LW,25,69,value-fit,2.0,1.6,0.3,False,2028,False,appearances,France
Kevin Zeroli,AC Milan,serie-a,CM,21,65,fc26,2.0,2.0,0.4,False,2028,False,appearances,Italy
Marco Sportiello,Atalanta,serie-a,GK,34,76,fc26,2.0,1.5,1.9,False,2028,False,citizenship-window-invisible,Italy
Oussama El Azzouzi,Bologna,serie-a,CM,25,68,fc26,2.0,1.8,0.6,False,2027,False,appearances,Morocco
Mateusz Wieteska,Cagliari,serie-a,CB,29,72,fc26,2.0,1.5,0.6,False,2027,False,appearances,Poland
Agustín Albarracín,Cagliari,serie-a,LW,20,65,fc26,2.0,,0.3,False,2030,False,appearances,Uruguay
Riyad Idrissi,Cagliari,serie-a,LB,21,66,salary-fit,2.0,,0.3,False,2030,False,appearances,Italy
Matthias Braunöder,Como,serie-a,CM,24,69,fc26,2.0,1.2,0.5,False,2027,False,appearances,Austria
Tommaso Fumagalli,Como,serie-a,ST,26,69,fc26,2.0,,0.2,False,2027,False,citizenship-no-tm,Italy
Fabio Rispoli,Como,serie-a,CM,19,64,salary-fit,2.0,,0.1,False,2027,False,citizenship-no-tm,Italy
Andréa Le Borgne,Como,serie-a,CM,19,64,salary-fit,2.0,,0.1,False,2028,False,appearances,France
Filippo Grosso,Frosinone,serie-a,CM,19,64,salary-fit,2.0,,0.1,False,2027,False,citizenship-no-tm,Italy
Alessandro Marcandalli,Genoa,serie-a,CB,23,66,fc26,2.0,2.5,0.7,False,2029,False,appearances,Italy
Lorenzo Venturino,Genoa,serie-a,RW,20,65,salary-fit,2.0,,0.2,False,2029,False,appearances,Italy
Ernestas Lysionok,Genoa,serie-a,GK,19,64,salary-fit,2.0,,0.1,False,2028,False,citizenship-window-invisible,Lithuania
Ebenezer Akinsanmiro,Inter Milan,serie-a,CM,21,67,fc26,2.0,1.8,0.7,False,2029,False,appearances,Nigeria
Jonas Rouhi,Juventus,serie-a,LB,22,66,fc26,2.0,2.0,0.4,False,2028,False,appearances,Sweden
Patric,Lazio,serie-a,CB,33,75,fc26,2.0,1.5,2.2,False,2027,False,citizenship-window-invisible,Spain
Kialonda Gaspar,Lecce,serie-a,CB,28,74,fc26,2.0,1.5,0.6,False,2027,False,appearances,Angola
Demba Thiam,Monza,serie-a,GK,28,71,salary-fit,2.0,,0.9,False,2028,False,citizenship-no-tm,Senegal
Omari Forson,Monza,serie-a,RW,21,65,fc26,2.0,2.0,0.6,False,2028,True,citizenship-plus-appearances,England
Pasquale Mazzocchi,Napoli,serie-a,RB,30,72,fc26,2.0,1.7,1.9,False,2027,False,appearances,Italy
Giuseppe Ambrosino,Napoli,serie-a,ST,22,67,fc26,2.0,1.8,0.9,False,2030,False,appearances,Italy
Luigi Cherubini,Roma,serie-a,LW,22,66,fc26,2.0,,0.4,False,2027,False,citizenship-no-tm,Italy
Tarik Muharemović,Leeds,premier-league,CB,23,70,fc26,40.0,1.2,0.7,False,2031,False,appearances,Bosnia-Herzegovina
Cas Odenthal,Sassuolo,serie-a,CB,25,69,fc26,2.0,1.5,0.5,False,2027,False,appearances,Netherlands
Luca Moro,Sassuolo,serie-a,ST,25,68,fc26,2.0,2.8,0.2,False,2027,False,appearances,Italy
Cristiano Biraghi,Torino,serie-a,LB,33,78,fc26,2.0,1.4,3.1,False,2027,False,citizenship-window-invisible,Italy
Sandro Kulenović,Torino,serie-a,ST,26,69,fc26,2.0,,1.9,False,2029,False,appearances,Croatia
Emirhan İlkhan,Torino,serie-a,CM,22,63,fc26,2.0,3.0,0.4,False,2027,False,appearances,Turkey
Hassane Kamara,Udinese,serie-a,LB,32,72,fc26,2.0,3.0,1.1,False,2027,False,appearances,Cote d'Ivoire
Enzo Ebosse,Udinese,serie-a,CB,27,69,fc26,2.0,2.5,1.0,False,2027,False,appearances,Cameroon
Vakoun Issouf Bayo,Udinese,serie-a,ST,29,69,fc26,2.0,3.0,0.9,False,2028,False,appearances,Cote d'Ivoire
Rui Modesto,Udinese,serie-a,RW,26,69,fc26,2.0,1.8,0.7,False,2029,False,appearances,Angola
Oier Zarraga,Udinese,serie-a,CM,27,71,fc26,2.0,1.8,0.5,False,2027,False,appearances,Spain
John Yeboah,Venezia,serie-a,ST,26,70,fc26,2.0,1.5,1.1,False,2028,False,appearances,Ecuador
Cheick Condé,Beveren,pro-league,CM,25,69,fc26,2.0,1.6,1.1,False,2027,False,appearances,Guinea
Bartol Franjic,Venezia,serie-a,LB,26,70,fc26,2.0,1.4,0.9,False,2027,False,appearances,Croatia
Antoine Hainaut,Venezia,serie-a,RB,24,68,fc26,2.0,1.7,0.7,False,2028,False,appearances,France
Lion Lauberbach,Venezia,serie-a,ST,28,71,fc26,2.0,1.7,0.7,False,2029,False,appearances,Germany
Richie Sagrado,Venezia,serie-a,RB,22,66,fc26,2.0,2.0,0.6,False,2028,False,appearances,Belgium
Joël Schingtienne,Venezia,serie-a,CB,23,67,fc26,2.0,2.0,0.6,False,2029,False,appearances,Belgium
Antonio Casas,Venezia,serie-a,ST,26,69,salary-fit,2.0,,0.5,False,2028,False,citizenship-no-tm,Spain
Marko Farji,Venezia,serie-a,LW,22,66,fc26,2.0,,0.3,False,2030,False,appearances,Iraq
Toma Bašić,Venezia,serie-a,CM,29,71,fc26,2.0,2.5,0.9,False,2029,False,appearances,Croatia
Jeffrey Gouweleeuw,Augsburg,bundesliga,CB,34,77,fc26,1.5,1.0,2.3,False,2027,False,citizenship-window-invisible,Netherlands
Mads Pedersen,Augsburg,bundesliga,LB,29,72,fc26,1.5,1.0,1.1,False,2027,False,appearances,Denmark
Anton Kade,Augsburg,bundesliga,AM,22,70,fc26,1.5,0.9,0.8,False,2029,False,appearances,Germany
Janis Blaswich,Bayer Leverkusen,bundesliga,GK,35,73,fc26,1.5,2.0,1.2,False,2027,False,citizenship-window-invisible,Germany
Noah Mbamba,Bayer Leverkusen,bundesliga,CM,21,65,fc26,1.5,1.5,0.5,False,2028,False,appearances,Belgium
Alejo Sarco,Bayer Leverkusen,bundesliga,ST,20,64,fc26,1.5,2.0,0.4,False,2029,False,appearances,Argentina
Filippo Mane,Borussia Dortmund,bundesliga,CB,21,62,fc26,1.5,2.5,0.4,False,2028,False,appearances,Italy
Love Arrhov,Eintracht Frankfurt,bundesliga,AM,18,62,fc26,1.5,,0.4,False,2028,False,citizenship-window-invisible,Sweden
Tom Zimmerschied,Elversberg,bundesliga,LW,27,69,fc26,1.5,,0.7,False,2029,False,citizenship-no-tm,Germany
Carlo Sickinger,Elversberg,bundesliga,CM,28,69,fc26,1.5,,0.4,False,2027,False,citizenship-no-tm,Germany
Felix Keidel,Elversberg,bundesliga,RB,23,66,fc26,1.5,,0.3,False,2028,False,citizenship-no-tm,Germany
Berkay Yılmaz,Freiburg,bundesliga,LB,21,65,salary-fit,1.5,,0.1,False,2027,False,citizenship-no-tm,Turkey
Bakery Jatta,Hamburg,bundesliga,RW,28,69,fc26,1.5,1.3,1.1,False,2029,False,appearances,The Gambia
Daniel Heuer Fernandes,Hamburg,bundesliga,GK,33,74,fc26,1.5,1.2,1.1,False,2028,False,citizenship-window-invisible,Portugal
Fisnik Asllani,Hoffenheim,bundesliga,ST,23,73,fc26,1.5,0.8,1.9,False,2029,False,appearances,Kosovo
Deniz Zeitler,Hoffenheim,bundesliga,LW,19,63,fc26,1.5,,0.3,False,2027,False,citizenship-window-invisible,Germany
Luka Lochoshvili,Koln,bundesliga,CB,28,69,fc26,1.5,1.5,0.7,False,2029,False,appearances,Georgia
Viggo Gebel,Leipzig,bundesliga,AM,18,63,fc26,1.5,,0.2,False,2028,False,appearances,Germany
Marco Richter,Mainz,bundesliga,AM,28,69,fc26,1.5,1.5,0.8,False,2027,False,appearances,Germany
Mika Baur,Paderborn,bundesliga,CM,21,64,fc26,1.5,,0.2,False,2027,False,citizenship-no-tm,Germany
Laurin Curda,Paderborn,bundesliga,RW,24,66,fc26,1.5,,0.2,False,2027,False,citizenship-no-tm,Germany
Niklas Mohr,Paderborn,bundesliga,LW,21,65,salary-fit,1.5,,0.1,False,2028,False,citizenship-no-tm,Germany
Jano ter Horst,Paderborn,bundesliga,RW,24,67,fc26,1.5,,0.6,False,2027,False,citizenship-no-tm,Germany
Timo Becker,Schalke 04,bundesliga,CB,29,71,fc26,1.5,1.5,0.8,False,2030,False,appearances,Germany
Max Grüger,Schalke 04,bundesliga,CM,21,65,fc26,1.5,,0.1,False,2028,False,citizenship-no-tm,Germany
Nikolas Nartey,Stuttgart,bundesliga,CM,26,68,fc26,1.5,2.0,0.9,False,2028,False,appearances,Denmark
Jizz Hornkamp,AZ Alkmaar,eredivisie,ST,28,68,fc26,1.5,1.5,0.8,False,2030,False,appearances,Netherlands
Elijah Dijkstra,AZ Alkmaar,eredivisie,RB,19,64,fc26,1.5,1.2,0.4,False,2029,False,appearances,Netherlands
Mexx Meerdink,AZ Alkmaar,eredivisie,ST,22,73,fc26,1.5,0.9,0.4,False,2030,False,appearances,Netherlands
Mees de Wit,AZ Alkmaar,eredivisie,LB,28,68,fc26,1.5,2.5,0.3,False,2029,False,appearances,Netherlands
Rome-Jayden Owusu-Oduro,AZ Alkmaar,eredivisie,GK,22,71,fc26,1.5,0.9,0.3,False,2030,False,appearances,Netherlands
Maxim Dekker,AZ Alkmaar,eredivisie,CB,22,67,fc26,1.5,0.8,0.3,False,2029,False,appearances,Netherlands
Rayane Bounida,Ajax,eredivisie,AM,20,63,fc26,1.5,1.5,0.8,False,2028,False,appearances,Morocco
Aaron Bouwman,Ajax,eredivisie,CB,18,64,fc26,1.5,1.0,0.4,False,2030,False,appearances,Netherlands
Joeri Heerkens,Ajax,eredivisie,GK,20,64,fc26,1.5,,0.4,False,2030,False,citizenship-window-invisible,Netherlands
Kasey Bos,Excelsior,eredivisie,LB,22,65,fc26,1.5,,0.4,False,2027,False,citizenship-window-invisible,Australia
Aymen Sliti,Feyenoord,eredivisie,LW,20,64,fc26,1.5,,0.3,False,2029,False,appearances,Netherlands
Jasper Dahlhaus,Fortuna Sittard,eredivisie,LB,24,66,fc26,1.5,1.3,0.4,False,2028,False,appearances,Netherlands
Alfons Sampsted,Go Ahead Eagles,eredivisie,RB,28,70,fc26,1.5,1.5,0.3,False,2028,False,appearances,Iceland
Melle Meulensteen,Go Ahead Eagles,eredivisie,CM,27,72,fc26,1.5,0.9,0.3,False,2029,False,appearances,Netherlands
Evert Linthorst,Go Ahead Eagles,eredivisie,CM,26,69,fc26,1.5,1.5,0.2,False,2028,False,appearances,Netherlands
Tika de Jonge,Groningen,eredivisie,CM,23,66,fc26,1.5,1.3,0.2,False,2028,False,appearances,Netherlands
Robin Kelder,Groningen,eredivisie,CB,21,65,salary-fit,1.5,,0.1,False,2027,False,citizenship-window-invisible,Netherlands
Vasilios Zagaritis,Heerenveen,eredivisie,LB,25,66,fc26,1.5,2.0,0.5,False,2028,False,appearances,Greece
Luca Oyen,Heerenveen,eredivisie,LW,23,67,fc26,1.5,0.9,0.4,False,2029,False,appearances,Belgium
Luuk Brouwers,Heerenveen,eredivisie,AM,28,67,fc26,1.5,2.0,0.1,False,2027,False,appearances,Netherlands
Koki Ogawa,NEC Nijmegen,eredivisie,ST,28,68,fc26,1.5,2.5,0.3,False,2027,False,appearances,Japan
Younes Namli,PEC Zwolle,eredivisie,RW,32,71,fc26,1.5,1.6,0.5,False,2028,False,appearances,Denmark
Mitchell van Bergen,Sparta Rotterdam,eredivisie,RW,26,69,fc26,1.5,1.0,0.5,False,2029,False,appearances,Netherlands
Julian Baas,Sparta Rotterdam,eredivisie,CM,24,67,fc26,1.5,1.3,0.2,False,2027,False,appearances,Netherlands
Shunsuke Mito,Sparta Rotterdam,eredivisie,LW,23,68,fc26,1.5,0.8,0.2,False,2028,False,appearances,Japan
Milan Zonneveld,Sparta Rotterdam,eredivisie,ST,22,65,salary-fit,1.5,,0.1,False,2029,False,appearances,Netherlands
Casper Terho,Sparta Rotterdam,eredivisie,RW,23,66,fc26,1.5,1.5,0.2,False,2030,False,appearances,Finland
Jelani Seedorf,Telstar,eredivisie,ST,21,65,salary-fit,1.5,,0.1,False,2028,False,appearances,Netherlands
Sayfallah Ltaief,Twente,eredivisie,LW,26,69,fc26,1.5,1.3,0.4,False,2027,False,appearances,Tunisia
Stav Lemkin,Twente,eredivisie,CB,23,68,fc26,1.5,1.0,0.3,False,2028,False,appearances,Israel
Noah Ohio,Utrecht,eredivisie,ST,23,67,fc26,1.5,1.0,0.8,False,2027,False,appearances,Netherlands
Artem Stepanov,Utrecht,eredivisie,ST,18,63,fc26,1.5,1.5,0.5,False,2027,False,appearances,Ukraine
David Min,Utrecht,eredivisie,ST,27,67,fc26,1.5,2.0,0.4,False,2028,False,appearances,Netherlands
Davy van den Berg,Utrecht,eredivisie,CM,26,67,fc26,1.5,1.5,0.3,False,2028,False,appearances,Netherlands
Miliano Jonathans,Utrecht,eredivisie,RW,22,66,fc26,1.5,0.9,0.3,False,2028,False,appearances,Indonesia
Per van Loon,Willem II,eredivisie,LB,21,65,salary-fit,1.5,,0.1,False,2027,False,appearances,Netherlands
Abde Rebbach,Alaves,la-liga,LW,27,69,fc26,1.5,1.5,0.7,False,2028,False,appearances,Algeria
Carlos Benavidez,Alaves,la-liga,CM,28,70,salary-fit,1.5,,0.7,False,2028,False,citizenship-no-tm,Uruguay
Hugo Novoa,Alaves,la-liga,RB,23,69,fc26,1.5,1.0,0.3,False,2029,False,appearances,Spain
Ángel Pérez,Alaves,la-liga,RW,24,67,salary-fit,1.5,,0.3,False,2030,False,appearances,Spain
Ville Koski,Alaves,la-liga,CB,24,67,salary-fit,1.5,,0.3,False,2031,False,appearances,Finland
Gustavo Albarracín,Alaves,la-liga,CM,20,64,fc26,1.5,,0.3,False,2029,False,appearances,Argentina
Mikel Jauregizar,Athletic Club,la-liga,CM,22,78,fc26,1.5,0.8,2.1,False,2031,False,appearances,Spain
Jones El-Abdellaoui,Celta Vigo,la-liga,RW,20,64,fc26,1.5,,0.5,False,2029,False,appearances,Morocco
Carlos Dotor,Celta Vigo,la-liga,CM,25,67,salary-fit,1.5,,0.3,False,2028,False,citizenship-no-tm,Spain
Manu Fernández,Celta Vigo,la-liga,CB,25,67,salary-fit,1.5,,0.2,False,2028,False,appearances,Spain
Miguel Román,Celta Vigo,la-liga,CM,23,66,salary-fit,1.5,,0.2,False,2028,False,appearances,Spain
Aleix Febas,Celta Vigo,la-liga,CM,30,72,fc26,1.5,1.5,0.9,False,2029,False,appearances,Spain
Riki Rodríguez,Deportivo,la-liga,CM,28,70,salary-fit,1.5,,0.6,False,2029,False,citizenship-no-tm,Spain
Miguel Loureiro,Deportivo,la-liga,RB,29,70,salary-fit,1.5,,0.5,False,2028,False,citizenship-no-tm,Spain
Zakaria Eddahchouri,Deportivo,la-liga,ST,26,68,fc26,1.5,,0.2,False,2028,False,citizenship-no-tm,Netherlands
David Mella,Deportivo,la-liga,RW,21,65,salary-fit,1.5,,0.1,False,2029,False,citizenship-no-tm,Spain
John Donald,Elche,la-liga,CB,25,69,fc26,1.5,1.0,0.5,False,2028,False,appearances,Spain
Buba Sangaré,Elche,la-liga,RB,18,63,fc26,1.5,1.0,0.2,False,2031,False,appearances,Spain
Marko Dmitrovic,Espanyol,la-liga,GK,34,79,fc26,1.5,0.9,1.2,False,2028,False,citizenship-window-invisible,Serbia
Kike García,Espanyol,la-liga,ST,36,76,fc26,1.5,1.0,1.2,False,2027,False,citizenship-window-invisible,Spain
Miguel Rubio,Espanyol,la-liga,CB,28,69,fc26,1.5,1.5,1.0,False,2028,False,appearances,Spain
José Salinas,Espanyol,la-liga,LB,25,72,fc26,1.5,1.0,0.8,False,2028,False,appearances,Spain
Rafel Bauzà,Espanyol,la-liga,CM,21,64,fc26,1.5,,0.2,False,2028,False,appearances,Spain
Juanmi,Getafe,la-liga,LW,33,74,fc26,1.5,1.2,2.5,False,2027,False,citizenship-window-invisible,Spain
Juan Berrocal,Getafe,la-liga,CB,27,70,value-fit,1.5,1.5,1.5,False,2027,False,appearances,Spain
Kiko Femenía,Getafe,la-liga,RB,35,75,fc26,1.5,1.4,1.2,False,2027,False,citizenship-window-invisible,Spain
David Larrubia,Malaga,la-liga,RW,24,67,salary-fit,1.5,,0.3,False,2028,False,citizenship-no-tm,Spain
Dani Sánchez,Malaga,la-liga,LB,26,68,fc26,1.5,,0.2,False,2027,False,citizenship-no-tm,Spain
Rafa Rodríguez,Malaga,la-liga,AM,22,65,salary-fit,1.5,,0.1,False,2028,False,citizenship-no-tm,Spain
Rafita Garrido,Malaga,la-liga,RB,21,65,salary-fit,1.5,,0.1,False,2029,False,citizenship-no-tm,Spain
Haitam Abaida,Malaga,la-liga,RW,24,66,salary-fit,1.5,,0.1,False,2027,False,citizenship-no-tm,Morocco
Álvaro Mantilla,Racing Santander,la-liga,RB,26,68,salary-fit,1.5,,0.3,False,2028,False,citizenship-no-tm,Spain
Suleiman Camara,Racing Santander,la-liga,RW,24,66,fc26,1.5,,0.1,False,2028,False,citizenship-no-tm,The Gambia
Facundo González,Racing Santander,la-liga,CB,23,66,fc26,1.5,,0.3,False,2029,False,citizenship-no-tm,Uruguay
Randy Nteka,Rayo Vallecano,la-liga,AM,28,70,fc26,1.5,1.2,1.2,False,2028,False,appearances,Angola
Nobel Mendy,Hull City,premier-league,CB,21,66,fc26,23.4,1.0,0.6,False,2030,False,appearances,Senegal
Marc Bartra,Real Betis,la-liga,CB,35,79,fc26,1.5,1.0,2.5,False,2027,False,citizenship-window-invisible,Spain
Gonzalo García,Fulham,premier-league,ST,22,69,fc26,40.0,1.0,1.7,False,2030,False,appearances,Spain
Manu Bueno,Sevilla,la-liga,CM,21,65,fc26,1.5,1.5,0.3,False,2027,False,appearances,Spain
Dimitri Foulquier,Valencia,la-liga,RB,33,74,fc26,1.5,1.2,1.7,False,2027,False,citizenship-window-invisible,Guadeloupe
Alberto Marí,Valencia,la-liga,ST,24,66,fc26,1.5,1.5,0.4,False,2027,False,appearances,Spain
Alex Freeman,Villarreal,la-liga,RB,21,65,fc26,1.5,,0.7,False,2032,False,appearances,United States
Jordan Lefort,Angers,ligue-1,CB,32,73,fc26,1.5,0.9,2.2,False,2029,False,citizenship-window-invisible,Mauritania
Ousmane Camara,Angers,ligue-1,CB,23,67,fc26,1.5,1.5,0.5,False,2029,False,appearances,Mali
Francisco Sierralta,Auxerre,ligue-1,CB,29,70,fc26,1.5,1.2,1.4,False,2029,False,appearances,Chile
Lamine Sy,Auxerre,ligue-1,RB,23,66,fc26,1.5,,0.4,False,2029,False,appearances,France
Hamidou Makalou,Brest,ligue-1,CM,19,63,fc26,1.5,,0.2,False,2029,False,appearances,Mali
Mbwana Samatta,Le Havre,ligue-1,ST,33,72,fc26,1.5,1.8,0.9,False,2027,False,citizenship-window-invisible,Tanzania
Ayumu Seko,Le Havre,ligue-1,CB,26,68,fc26,1.5,,0.7,False,2028,False,appearances,Japan
Yanis Zouaoui,Le Havre,ligue-1,LB,28,69,fc26,1.5,1.8,0.6,False,2027,False,appearances,France
Adil Bourabaa,Le Mans,ligue-1,CM,21,65,salary-fit,1.5,,0.1,False,2029,False,citizenship-no-tm,Algeria
Florian Sotoca,Lens,ligue-1,ST,35,75,fc26,1.5,1.5,0.9,False,2027,False,citizenship-window-invisible,France
Nidal Celik,Lens,ligue-1,CB,19,64,fc26,1.5,1.0,0.6,False,2029,False,appearances,Bosnia-Herzegovina
Pablo Pagis,Paris FC,ligue-1,LW,23,68,fc26,15.0,1.0,0.7,False,2027,False,appearances,France
Kojo Peprah Oppong,Nice,ligue-1,CB,22,65,fc26,1.5,,0.6,False,2029,False,appearances,Ghana
Vincent Marchetti,Paris FC,ligue-1,CM,28,69,fc26,1.5,2.0,0.9,False,2027,False,appearances,France
Gonçalo Oliveira,Rennes,ligue-1,CB,19,63,fc26,1.5,2.0,0.3,False,2031,False,citizenship-window-invisible,Portugal
Pape Diong,Strasbourg,ligue-1,CM,20,65,fc26,1.5,1.0,0.3,False,2029,False,appearances,Senegal
Ismaël Boura,Troyes,ligue-1,LB,25,68,fc26,1.5,1.0,0.6,False,2027,False,appearances,Comoros
Antoine Mille,Troyes,ligue-1,CM,28,69,fc26,1.5,,0.5,False,2028,False,citizenship-no-tm,France
Amadou Diakité,Troyes,ligue-1,RW,21,65,salary-fit,1.5,,0.1,False,2027,False,citizenship-no-tm,France
Daniel Jebbison,Bournemouth,premier-league,ST,22,65,fc26,1.5,,1.2,False,2028,False,citizenship-no-tm,Canada
Brandon Thomas-Asante,Coventry,premier-league,ST,27,69,fc26,1.5,,0.9,False,2028,False,citizenship-no-tm,Ghana
Jay Dasilva,Coventry,premier-league,LB,28,69,fc26,1.5,,0.9,False,2027,False,citizenship-no-tm,Wales
Raphael Borges Rodrigues,Coventry,premier-league,LW,22,65,salary-fit,1.5,,0.1,False,2028,False,citizenship-no-tm,Australia
Luke Harris,Fulham,premier-league,AM,21,65,fc26,1.5,1.0,0.9,False,2027,True,citizenship-plus-appearances,Wales
Semi Ajayi,Hull City,premier-league,CB,32,70,fc26,1.5,2.5,1.1,False,2027,False,citizenship-window-invisible,Nigeria
Kieran Dowell,Hull City,premier-league,AM,28,70,fc26,1.5,1.5,0.9,False,2027,True,citizenship-plus-appearances,England
Wes Burns,Ipswich Town,premier-league,RW,31,72,fc26,1.5,1.2,1.4,False,2027,True,citizenship-plus-appearances,Wales
Kasey McAteer,Ipswich Town,premier-league,RW,24,71,fc26,1.5,0.9,1.2,False,2029,False,appearances,Ireland
Alex Palmer,Ipswich Town,premier-league,GK,29,73,fc26,1.5,0.9,0.7,False,2028,True,citizenship-plus-appearances,England
Ali Al-Hamadi,Ipswich Town,premier-league,ST,24,66,fc26,1.5,2.0,0.6,False,2028,False,appearances,Iraq
Mateo Joseph,Leeds,premier-league,ST,22,70,fc26,1.5,0.9,0.9,False,2028,False,appearances,Spain
Luke O'Nien,Sunderland,premier-league,CB,31,72,fc26,1.5,,1.2,False,2027,True,citizenship-plus-appearances,England
Alan Browne,Sunderland,premier-league,CM,31,72,fc26,1.5,,0.9,False,2027,False,citizenship-no-tm,Ireland
Leo Fuhr Hjelde,Sunderland,premier-league,CB,22,66,fc26,1.5,1.5,0.6,False,2028,False,appearances,Norway
Nazarii Rusyn,Sunderland,premier-league,ST,27,69,salary-fit,1.5,,0.6,False,2027,False,citizenship-no-tm,Ukraine
Jenson Seelt,Sunderland,premier-league,CB,23,66,fc26,1.5,2.0,0.5,False,2028,False,appearances,Netherlands
Dane Scarlett,Tottenham,premier-league,ST,22,65,fc26,1.5,2.0,0.9,False,2027,True,appearances,England
Pedro Barcelos,Academico Viseu,primeira-liga,CB,30,71,position-median,1.5,,0.4,False,2027,False,citizenship-no-tm,Brazil
André Ceitil,Academico Viseu,primeira-liga,CM,31,72,position-median,1.5,,0.5,False,2027,False,appearances,Portugal
Sergi Gómez,Alverca,primeira-liga,CB,34,72,fc26,1.5,2.0,0.1,False,2027,False,citizenship-window-invisible,Spain
Figueiredo,Alverca,primeira-liga,LW,24,66,salary-fit,1.5,,0.1,False,2028,False,appearances,Brazil
Stéphane Diarra,Alverca,primeira-liga,RW,27,68,fc26,1.5,2.0,0.1,False,2028,False,appearances,Cote d'Ivoire
Julián Martínez,Alverca,primeira-liga,CB,22,65,salary-fit,1.5,,0.1,False,2029,False,appearances,Honduras
Felipe Lima,Alverca,primeira-liga,ST,20,64,salary-fit,1.5,,0.0,False,2028,False,appearances,Brazil
Davy Gui,Alverca,primeira-liga,CM,20,64,salary-fit,1.5,,0.0,False,2028,False,appearances,Cote d'Ivoire
Cédric Nuozzi,Alverca,primeira-liga,LW,20,64,salary-fit,1.5,,0.0,False,2028,False,appearances,Belgium
Nico Mantl,Arouca,primeira-liga,GK,26,72,fc26,1.5,1.0,0.7,False,2028,False,appearances,Germany
José Fontán,Arouca,primeira-liga,CB,26,70,fc26,1.5,1.0,0.6,False,2027,False,appearances,Spain
Amadou Dante,Arouca,primeira-liga,LB,25,68,fc26,1.5,1.5,0.3,False,2028,False,appearances,Mali
Brian Mansilla,Arouca,primeira-liga,LW,24,68,fc26,1.5,1.0,0.3,False,2028,False,appearances,Uruguay
Alfonso Trezza,Arouca,primeira-liga,RW,27,71,fc26,1.5,1.0,0.3,False,2027,False,appearances,Uruguay
Dylan Nandín,Arouca,primeira-liga,ST,24,69,fc26,1.5,1.0,0.2,False,2028,False,appearances,Uruguay
Tiago Esgaio,Arouca,primeira-liga,RB,30,73,fc26,1.5,0.9,0.1,False,2027,False,appearances,Portugal
João Veloso,Benfica,primeira-liga,CM,21,64,fc26,1.5,1.5,0.3,False,2028,False,appearances,Portugal
Paulo Oliveira,Braga,primeira-liga,CB,34,74,fc26,1.5,1.5,0.4,False,2027,False,citizenship-window-invisible,Portugal
Sandro Vidigal,Braga,primeira-liga,RW,18,62,value-fit,1.5,1.5,0.3,False,2030,False,appearances,Portugal
Yanis da Rocha,Braga,primeira-liga,CM,22,65,salary-fit,1.5,,0.1,False,2030,False,appearances,Portugal
Kaique Rocha,Casa Pia,primeira-liga,CB,25,69,fc26,1.5,1.0,0.4,False,2028,False,appearances,Brazil
Sebastián Pérez,Casa Pia,primeira-liga,CM,33,71,fc26,1.5,2.0,0.3,False,2027,False,citizenship-window-invisible,Colombia
João Goulart,Casa Pia,primeira-liga,CB,26,70,fc26,1.5,1.0,0.2,False,2027,False,appearances,Portugal
Xeka,Estoril,primeira-liga,CM,31,72,fc26,1.5,1.0,0.6,False,2028,False,appearances,Portugal
Bernardo Schappo,Estrela Amadora,primeira-liga,CB,27,69,fc26,1.5,,0.4,False,2028,False,appearances,Brazil
Robinho,Estrela Amadora,primeira-liga,CM,23,66,salary-fit,1.5,,0.2,False,2028,False,appearances,Brazil
Atanas Chernev,Estrela Amadora,primeira-liga,CB,24,66,salary-fit,1.5,,0.1,False,2028,False,appearances,Bulgaria
Mathew Gbomadu,Estrela Amadora,primeira-liga,ST,21,65,salary-fit,1.5,,0.1,False,2027,False,appearances,Nigeria
Alisson Souza,Estrela Amadora,primeira-liga,LW,21,65,salary-fit,1.5,,0.1,False,2028,False,appearances,Brazil
Gil Dias,Famalicao,primeira-liga,RW,29,70,fc26,1.5,1.5,0.7,False,2027,False,appearances,Portugal
Pedro Bondo,Famalicao,primeira-liga,LB,21,65,salary-fit,1.5,,0.1,False,2029,False,appearances,Angola
Lucão,Gil Vicente,primeira-liga,GK,25,67,salary-fit,1.5,,0.3,False,2028,False,appearances,Brazil
Murilo de Souza,Gil Vicente,primeira-liga,RW,31,71,fc26,1.5,1.2,0.3,False,2028,False,appearances,Brazil
Marvin Elimbi,Gil Vicente,primeira-liga,CB,23,64,fc26,1.5,2.5,0.1,False,2028,False,appearances,France
Mohamed Bamba,Gil Vicente,primeira-liga,CM,21,65,salary-fit,1.5,,0.1,False,2027,False,appearances,Cote d'Ivoire
Carlos Daniel,Marítimo,primeira-liga,AM,31,71,position-median,1.5,,0.4,False,2027,False,citizenship-no-tm,Portugal
Igor Julião,Marítimo,primeira-liga,RB,31,72,position-median,1.5,,0.5,False,2027,False,citizenship-no-tm,Brazil
Maxime Dominguez,Marítimo,primeira-liga,AM,30,71,fc26,1.5,1.2,0.4,False,2027,False,appearances,Switzerland
Raphael Guzzo,Marítimo,primeira-liga,CM,31,72,position-median,1.5,,0.5,False,2027,False,citizenship-no-tm,Portugal
Kiko,Moreirense,primeira-liga,LB,24,67,salary-fit,1.5,,0.3,False,2029,False,appearances,Portugal
Álvaro Martínez,Moreirense,primeira-liga,LB,24,66,salary-fit,1.5,,0.1,False,2028,False,appearances,Spain
Jesús Ramírez,Nacional,primeira-liga,ST,28,69,fc26,1.5,2.0,0.5,False,2027,False,appearances,Venezuela
Liziero,Nacional,primeira-liga,CM,28,70,fc26,1.5,,0.4,False,2028,False,appearances,Brazil
Daniel Jr,Nacional,primeira-liga,AM,24,67,value-fit,1.5,1.2,0.2,False,2030,False,appearances,Brazil
Ulisses,Nacional,primeira-liga,CB,26,69,fc26,1.5,1.0,0.2,False,2028,False,appearances,Brazil
Kevyn,Nacional,primeira-liga,GK,21,65,salary-fit,1.5,,0.1,False,2030,False,citizenship-window-invisible,Brazil
Oskar Pietuszewski,Porto,primeira-liga,LW,18,63,fc26,1.5,,0.8,False,2031,False,citizenship-window-invisible,Poland
Nelson Abbey,Rio Ave,primeira-liga,CB,22,66,fc26,1.5,1.0,0.4,False,2028,True,citizenship-plus-appearances,England
Dario Špikić,Rio Ave,primeira-liga,RW,27,69,fc26,1.5,1.0,0.4,False,2028,False,appearances,Croatia
Pedro Ferreira,Santa Clara,primeira-liga,CM,28,69,fc26,1.5,2.0,0.2,False,2028,False,appearances,Portugal
Vitinho,Santa Clara,primeira-liga,RW,23,66,salary-fit,1.5,,0.2,False,2027,False,citizenship-window-invisible,Brazil
Fernando,Santa Clara,primeira-liga,RW,21,65,salary-fit,1.5,,0.1,False,2029,False,appearances,Brazil
Andrey,Santa Clara,primeira-liga,AM,24,66,salary-fit,1.5,,0.1,False,2027,False,appearances,Brazil
Cristian,Santa Clara,primeira-liga,GK,24,66,salary-fit,1.5,,0.1,False,2027,False,citizenship-window-invisible,Brazil
João Virgínia,Sporting Lisbon,primeira-liga,GK,26,71,fc26,1.5,1.0,1.0,False,2028,False,appearances,Portugal
Rafael Nel,Sporting Lisbon,primeira-liga,ST,21,65,value-fit,1.5,1.5,0.2,False,2029,False,appearances,Portugal
Silas Andersen,Sporting Lisbon,primeira-liga,CM,22,70,fc26,1.5,1.0,0.4,False,2031,False,appearances,Denmark
João Mendes,Vitoria SC,primeira-liga,LB,26,72,fc26,1.5,1.0,0.3,False,2028,False,appearances,Portugal
Miguel Nogueira,Vitoria SC,primeira-liga,RW,21,65,salary-fit,1.5,,0.2,False,2029,False,appearances,Portugal
Oumar Camara,Vitoria SC,primeira-liga,LW,19,63,fc26,1.5,,0.1,False,2029,False,appearances,France
Ludwig Augustinsson,Anderlecht,pro-league,LB,32,72,fc26,1.5,2.0,0.5,False,2027,False,appearances,Sweden
Ali Maamar,Anderlecht,pro-league,RB,21,60,fc26,1.5,2.0,0.1,False,2028,False,appearances,Morocco
Cedric Hatenboer,Anderlecht,pro-league,CM,21,64,fc26,1.5,,0.1,False,2029,False,appearances,Netherlands
Tristan Degreef,Anderlecht,pro-league,RW,21,64,fc26,1.5,2.0,0.1,False,2028,False,appearances,Belgium
Léo Pétrot,Anderlecht,pro-league,CB,29,70,fc26,1.5,1.5,0.3,False,2028,False,appearances,France
Ibrahim Diakité,Cercle Brugges,pro-league,RB,22,66,fc26,1.5,1.2,0.2,False,2028,False,appearances,Guinea
Maxime Delanghe,Cercle Brugges,pro-league,GK,25,65,fc26,1.5,2.0,0.1,False,2028,False,appearances,Belgium
Lawrence Agyekum,Cercle Brugges,pro-league,CM,22,62,fc26,1.5,2.0,0.1,False,2029,False,appearances,Ghana
Aurélien Scheidler,Charleroi,pro-league,ST,28,68,fc26,1.5,1.8,0.2,False,2028,False,appearances,France
Vince Osuji,Club Brugges,pro-league,CB,20,65,fc26,1.5,1.0,0.2,False,2029,False,appearances,Nigeria
Shandre Campbell,Kortrijk,pro-league,LW,20,65,fc26,1.5,1.0,0.2,False,2027,False,appearances,South Africa
Alejandro Granados,Club Brugges,pro-league,CM,20,64,fc26,1.5,,0.1,False,2027,False,citizenship-window-invisible,Spain
Cisse Sandra,Westerlo,pro-league,AM,22,65,fc26,1.5,1.5,0.2,False,2027,False,appearances,Belgium
Hugo Gambor,Gent,pro-league,CB,23,68,fc26,1.5,0.8,0.3,False,2027,False,appearances,Central African Republic
Mohammed El Âdfaoui,Gent,pro-league,CM,18,58,fc26,1.5,2.0,0.1,False,2028,False,citizenship-window-invisible,Belgium
Brecht Dejaegere,Kortrijk,pro-league,CM,35,74,value-fit,1.5,1.2,0.6,False,2027,False,citizenship-window-invisible,Belgium
Patrik Gunnarsson,Kortrijk,pro-league,GK,25,68,value-fit,1.5,1.0,0.2,False,2028,False,appearances,Iceland
Marko Ilic,Kortrijk,pro-league,GK,28,70,value-fit,1.5,1.2,0.3,False,2029,False,appearances,Serbia
Thierry Ambrose,Kortrijk,pro-league,ST,29,71,value-fit,1.5,1.0,0.4,False,2027,False,appearances,Guadeloupe
Lennard Hens,Kortrijk,pro-league,AM,30,71,position-median,1.5,,0.4,False,2028,False,appearances,Belgium
Mohamed Guindo,La Louviere,pro-league,ST,22,65,fc26,1.5,,0.2,False,2027,False,appearances,Mali
Djibril Lamego,La Louviere,pro-league,CB,23,66,fc26,1.5,,0.2,False,2027,False,appearances,France
Thibaud Verlinden,Leuven,pro-league,LW,26,70,fc26,1.5,1.2,0.3,False,2028,False,appearances,Belgium
Juho Talvitie,Lommel,pro-league,RW,21,66,fc26,1.5,0.8,0.2,False,2028,False,appearances,Finland
Nicolas Rommens,Lommel,pro-league,CM,31,72,position-median,1.5,,0.5,False,2028,False,citizenship-no-tm,Belgium
Ortwin De Wolf,Mechelen,pro-league,GK,29,75,fc26,1.5,1.0,0.8,False,2027,False,appearances,Belgium
José Marsà,Mechelen,pro-league,CB,24,67,fc26,1.5,1.5,0.2,False,2027,False,appearances,Spain
Benito Raman,Mechelen,pro-league,ST,31,73,fc26,1.5,1.3,0.6,False,2027,False,appearances,Belgium
Thérence Koudou,Mechelen,pro-league,RB,21,68,fc26,1.5,0.8,0.3,False,2029,False,appearances,France
Kobe Corbanie,Mechelen,pro-league,RB,21,67,fc26,1.5,1.0,0.2,False,2029,False,appearances,Belgium
Glenn Bijl,Royal Antwerp,pro-league,RB,30,69,fc26,1.5,2.0,0.3,False,2027,False,appearances,Netherlands
Anthony Valencia,Royal Antwerp,pro-league,RW,22,67,fc26,1.5,1.0,0.2,False,2027,False,appearances,Ecuador
Ilias Sebaoui,Sint-Truidense,pro-league,LW,24,66,fc26,1.5,2.0,0.2,False,2028,False,appearances,Morocco
Robert-Jan Vanwesemael,Sint-Truidense,pro-league,RB,24,66,fc26,1.5,1.5,0.2,False,2030,False,appearances,Belgium
Joedrick Pupe,Sint-Truidense,pro-league,CB,29,71,value-fit,1.5,1.0,0.4,False,2029,False,appearances,Belgium
Thomas Henry,Standard Liege,pro-league,ST,31,71,fc26,1.5,2.0,0.4,False,2027,False,appearances,France
Marco Ilaimaharitra,Standard Liege,pro-league,CM,30,71,fc26,1.5,1.5,0.4,False,2027,False,appearances,Madagascar
Matthieu Epolo,Standard Liege,pro-league,GK,21,73,fc26,1.5,0.8,0.6,False,2029,False,appearances,Democratic Republic of the Congo
Andreas Jungdal,Westerlo,pro-league,GK,24,64,fc26,1.5,2.5,0.1,False,2028,False,appearances,Denmark
Dylan Ourega,Westerlo,pro-league,LB,21,65,fc26,1.5,,0.2,False,2030,False,appearances,France
Zachary Athekame,AC Milan,serie-a,RB,21,65,fc26,1.5,,1.9,False,2030,False,appearances,Switzerland
Pietro Terracciano,AC Milan,serie-a,GK,36,78,fc26,1.5,1.0,1.5,False,2027,False,citizenship-window-invisible,Italy
Giovanni Bonfanti,Atalanta,serie-a,CB,23,67,fc26,1.5,1.0,0.5,False,2028,False,appearances,Italy
Eivind Helland,Bologna,serie-a,CB,21,65,fc26,1.5,,0.7,False,2030,False,appearances,Norway
Juan Rodríguez,Cagliari,serie-a,CB,21,65,fc26,1.5,,0.6,False,2030,False,appearances,Uruguay
Kingstone Mutandwa,Cagliari,serie-a,ST,23,63,fc26,1.5,2.0,0.3,False,2028,False,appearances,Zambia
Luca Mazzitelli,Como,serie-a,CM,30,71,fc26,1.5,1.4,2.6,False,2027,False,appearances,Italy
Edoardo Goldaniga,Como,serie-a,CB,32,72,fc26,1.5,1.2,0.9,False,2028,False,citizenship-window-invisible,Italy
Lorenzo Amatucci,Deportivo,la-liga,CM,22,65,fc26,1.5,,0.4,False,2028,False,citizenship-no-tm,Italy
Niccolò Corrado,Frosinone,serie-a,LB,26,68,fc26,1.5,,0.7,False,2028,False,citizenship-no-tm,Italy
Ilario Monterisi,Frosinone,serie-a,CB,24,67,fc26,1.5,,0.3,False,2027,False,citizenship-no-tm,Italy
Jacopo Gelli,Frosinone,serie-a,CB,25,67,salary-fit,1.5,,0.3,False,2028,False,citizenship-no-tm,Italy
Abdoulie Ndow,Frosinone,serie-a,AM,21,65,salary-fit,1.5,,0.1,False,2027,False,citizenship-no-tm,The Gambia
Eldin Lolic,Frosinone,serie-a,GK,22,65,salary-fit,1.5,,0.1,False,2027,False,citizenship-no-tm,Bosnia-Herzegovina
Junior Messias,Genoa,serie-a,RW,35,72,fc26,1.5,2.5,0.9,False,2027,False,citizenship-window-invisible,Brazil
Sebastian Otoa,Genoa,serie-a,CB,22,63,fc26,1.5,2.5,0.3,False,2028,False,appearances,Denmark
Seydou Fini,Genoa,serie-a,RW,20,65,fc26,1.5,1.0,0.2,False,2028,False,appearances,Italy
Hugo Cuenca,Genoa,serie-a,AM,21,65,salary-fit,1.5,,0.1,False,2028,False,appearances,Paraguay
Yanis Massolin,Inter Milan,serie-a,AM,23,66,salary-fit,1.5,,0.2,False,2030,False,citizenship-no-tm,France
Aleksandar Stanković,Inter Milan,serie-a,CM,20,66,fc26,23.0,1.0,0.4,False,2031,False,appearances,Serbia
Alessandro Milani,Lazio,serie-a,LB,21,65,salary-fit,1.5,,0.1,False,2027,False,citizenship-no-tm,Venezuela
Mohamed Fares,Lazio,serie-a,LB,30,72,value-fit,1.5,1.3,1.1,False,2027,False,appearances,Algeria
Gaby Jean,Lecce,serie-a,CB,26,68,fc26,1.5,2.0,0.7,False,2027,False,appearances,France
Konan N’Dri,Lecce,serie-a,RW,25,67,fc26,1.5,1.5,0.6,False,2027,False,appearances,Niger
Matías Pérez,Lecce,serie-a,CB,21,65,salary-fit,1.5,,0.2,False,2028,False,appearances,Chile
Patrick Ciurria,Monza,serie-a,RW,31,72,fc26,1.5,1.0,1.6,False,2028,False,appearances,Italy
Nicolas Galazzi,Monza,serie-a,AM,25,67,fc26,1.5,,0.7,False,2028,False,citizenship-no-tm,Italy
Filippo Delli Carri,Monza,serie-a,CB,27,69,fc26,1.5,,0.5,False,2028,False,citizenship-no-tm,Italy
Alisson Santos,Napoli,serie-a,LW,23,66,fc26,16.5,,1.9,False,2030,False,appearances,Brazil
Luis Hasa,Napoli,serie-a,CM,22,65,fc26,1.5,2.0,0.6,False,2029,False,appearances,Albania
Nosa Edward Obaretin,Napoli,serie-a,CB,23,66,fc26,1.5,,0.2,False,2027,False,citizenship-no-tm,Italy
Mateo Pellegrino,Parma,serie-a,ST,24,67,fc26,1.5,,0.9,False,2030,False,appearances,Argentina
Mariano Troilo,Parma,serie-a,CB,23,66,fc26,1.5,,0.8,False,2030,False,appearances,Argentina
Lautaro Valenti,Parma,serie-a,CB,27,68,fc26,1.5,1.5,0.8,False,2027,False,appearances,Argentina
Anthony Partipilo,Parma,serie-a,RW,31,71,fc26,1.5,,0.3,False,2027,False,appearances,Italy
Jan Ziolkowski,Roma,serie-a,CB,21,65,fc26,1.5,,1.3,False,2030,False,appearances,Poland
Edoardo Iannoni,Sassuolo,serie-a,CM,25,67,fc26,1.5,,0.8,False,2028,False,appearances,Italy
Darryl Bakola,Sassuolo,serie-a,AM,18,62,fc26,1.5,,0.7,False,2030,False,appearances,France
Luca D'Andrea,Sassuolo,serie-a,RW,21,64,fc26,1.5,,0.4,False,2027,False,citizenship-no-tm,Italy
Riccardo Ciervo,Sassuolo,serie-a,LW,24,66,fc26,1.5,,0.3,False,2027,False,citizenship-no-tm,Italy
Flavio Russo,Sassuolo,serie-a,ST,21,64,fc26,1.5,,0.2,False,2027,False,citizenship-no-tm,Italy
Tino Anjorin,Torino,serie-a,AM,24,68,fc26,1.5,1.0,0.6,False,2028,True,citizenship-plus-appearances,England
Jakub Piotrowski,Udinese,serie-a,CM,28,69,fc26,1.5,2.0,1.1,False,2029,False,appearances,Poland
Leonardo Buta,Udinese,serie-a,LB,24,67,fc26,1.5,1.5,0.4,False,2027,False,appearances,Portugal
James Abankwah,Udinese,serie-a,CB,22,66,fc26,1.5,1.5,0.2,False,2029,False,appearances,Ireland
Junior Ligue,Venezia,serie-a,LB,21,64,fc26,1.5,,0.5,False,2028,False,citizenship-window-invisible,Switzerland
Ahmed Sidibé,Venezia,serie-a,CB,24,67,salary-fit,1.5,,0.3,False,2028,False,citizenship-no-tm,France
Alvin Okoro,Venezia,serie-a,ST,21,65,salary-fit,1.5,,0.1,False,2028,False,citizenship-no-tm,Italy
Thórir Jóhann Helgason,Venezia,serie-a,CM,25,69,fc26,1.5,1.0,0.7,False,2029,False,appearances,Iceland
Emil Bohinen,Venezia,serie-a,CM,27,69,fc26,1.5,1.3,0.7,False,2028,False,appearances,Norway
Ibrahim Maza,Bayer Leverkusen,bundesliga,AM,20,71,fc26,1.0,0.6,1.3,False,2030,False,appearances,Algeria
Alexander Meyer,Borussia Dortmund,bundesliga,GK,35,75,fc26,1.0,0.8,1.3,False,2027,False,citizenship-window-invisible,Germany
Joane Gadou,Borussia Dortmund,bundesliga,CB,19,66,fc26,19.5,0.5,0.5,False,2031,False,appearances,France
Ayoube Amaimouni-Echghouyab,Eintracht Frankfurt,bundesliga,RW,21,63,fc26,1.0,,0.4,False,2031,False,appearances,Morocco
David Mokwa,Elversberg,bundesliga,ST,22,64,fc26,1.0,1.0,0.6,False,2029,False,appearances,France
Noah Darvich,Elversberg,bundesliga,RW,19,62,fc26,1.0,,0.5,False,2027,False,citizenship-window-invisible,Germany
Florian Le Joncour,Elversberg,bundesliga,CB,31,69,fc26,1.0,,0.4,False,2027,False,citizenship-no-tm,France
Derry Scherhant,Freiburg,bundesliga,LW,23,69,fc26,1.0,0.7,0.9,False,2027,False,appearances,Germany
Anthony Jung,Freiburg,bundesliga,CB,34,72,fc26,1.0,0.7,0.9,False,2027,False,citizenship-window-invisible,Germany
Otto Stange,Hamburg,bundesliga,ST,19,62,fc26,1.0,,0.6,False,2028,False,appearances,Germany
Luca Philipp,Hoffenheim,bundesliga,GK,25,68,fc26,1.0,0.75,0.6,False,2027,False,appearances,Germany
Luis Engelns,Hoffenheim,bundesliga,CM,19,62,fc26,1.0,,0.4,False,2027,False,appearances,Germany
Joël Schmied,Koln,bundesliga,CB,27,68,fc26,1.0,,1.0,False,2029,False,appearances,Switzerland
Ron-Robert Zieler,Koln,bundesliga,GK,37,75,fc26,1.0,0.7,0.7,False,2027,False,citizenship-window-invisible,Germany
Joyeux Masanka Bungi,Leipzig,bundesliga,LW,19,61,fc26,1.0,,0.2,False,2027,False,citizenship-window-invisible,Belgium
Robert Ramsak,Leipzig,bundesliga,ST,19,62,fc26,1.0,,0.3,False,2027,False,citizenship-window-invisible,Germany
Silvan Widmer,Mainz,bundesliga,RB,33,72,fc26,1.0,0.8,2.1,False,2027,False,citizenship-window-invisible,Switzerland
Stefan Bell,Mainz,bundesliga,CB,34,74,fc26,1.0,0.6,1.7,False,2027,False,citizenship-window-invisible,Germany
Jan Olschowsky,Monchengladbach,bundesliga,GK,24,68,fc26,1.0,0.6,0.4,False,2027,False,appearances,Germany
Isac Lidberg,Monchengladbach,bundesliga,ST,27,73,fc26,1.0,0.7,1.5,False,2030,False,appearances,Sweden
Steffen Tigges,Paderborn,bundesliga,ST,27,67,fc26,1.0,,0.7,False,2027,False,citizenship-no-tm,Germany
Marcel Hoffmeier,Paderborn,bundesliga,CB,26,67,fc26,1.0,,0.5,False,2028,False,citizenship-no-tm,Germany
Nick Bätzner,Paderborn,bundesliga,LW,26,67,fc26,1.0,,0.4,False,2027,False,citizenship-no-tm,Germany
Bennit Bröger,Paderborn,bundesliga,RW,20,64,fc26,1.0,0.5,0.1,False,2028,False,appearances,Germany
Jonah Sticker,Paderborn,bundesliga,LW,22,63,fc26,1.0,,0.1,False,2027,False,citizenship-no-tm,Germany
Tom Baack,Paderborn,bundesliga,CM,27,68,fc26,1.0,,0.6,False,2027,False,citizenship-no-tm,Germany
Nikola Katic,Schalke 04,bundesliga,CB,29,69,fc26,1.0,1.2,1.1,False,2028,False,appearances,Bosnia-Herzegovina
Ron Schallenberg,Schalke 04,bundesliga,CM,27,68,fc26,1.0,,1.1,False,2027,False,citizenship-no-tm,Germany
Hasan Kuruçay,Schalke 04,bundesliga,CB,28,70,fc26,1.0,0.8,0.8,False,2027,False,appearances,Turkey
Adrian Gantenbein,Schalke 04,bundesliga,RB,25,65,fc26,1.0,,0.7,False,2028,False,citizenship-no-tm,Switzerland
Finn Porath,Schalke 04,bundesliga,RW,29,72,fc26,1.0,0.6,0.7,False,2027,False,appearances,Germany
Satoshi Tanaka,Schalke 04,bundesliga,CM,23,65,value-fit,1.0,0.65,0.4,False,2030,False,appearances,Japan
Fabian Bredlow,Stuttgart,bundesliga,GK,31,71,fc26,1.0,0.8,1.1,False,2027,False,appearances,Germany
Jovan Milosevic,Stuttgart,bundesliga,ST,20,63,value-fit,1.0,0.7,0.5,False,2029,False,appearances,Serbia
Marius Funk,Stuttgart,bundesliga,GK,30,69,position-median,1.0,,0.7,False,2028,False,citizenship-no-tm,Germany
Andrik Markgraf,Union Berlin,bundesliga,LB,20,63,fc26,1.0,,0.2,False,2027,False,citizenship-window-invisible,Germany
Ayoub Oufkir,AZ Alkmaar,eredivisie,RW,20,63,fc26,1.0,1.2,0.3,False,2030,False,appearances,Netherlands
Sean Steur,Newcastle,premier-league,CM,18,62,fc26,23.5,0.7,0.4,False,2028,False,citizenship-window-invisible,Netherlands
Don-Angelo Konadu,Ajax,eredivisie,ST,20,63,fc26,1.0,0.8,0.4,False,2028,False,appearances,Netherlands
Lucas Jetten,Cambuur Leeuwarden,eredivisie,LB,19,62,fc26,1.0,0.7,0.1,False,2029,False,citizenship-window-invisible,Netherlands
Jamal Amofa,Cambuur Leeuwarden,eredivisie,CB,27,68,value-fit,1.0,0.6,0.3,False,2027,False,appearances,Netherlands
Ilyes Hamache,Cambuur Leeuwarden,eredivisie,LW,23,65,fc26,1.0,,0.2,False,2029,False,citizenship-no-tm,France
Mathijs Tielemans,Excelsior,eredivisie,CM,24,68,fc26,1.0,0.8,0.3,False,2028,False,appearances,Netherlands
Rick Meissen,Excelsior,eredivisie,CB,24,65,fc26,1.0,0.7,0.3,False,2027,False,appearances,Netherlands
Irakli Yegoian,Excelsior,eredivisie,AM,22,63,fc26,1.0,,0.1,False,2028,False,appearances,Georgia
Stijn van Gassel,Excelsior,eredivisie,GK,29,68,fc26,1.0,0.8,0.1,False,2027,False,appearances,Netherlands
Casper Widell,Excelsior,eredivisie,CB,23,68,fc26,1.0,0.7,0.1,False,2027,False,appearances,Sweden
Stan Henderikx,Excelsior,eredivisie,CB,22,64,fc26,1.0,,0.1,False,2028,False,appearances,Netherlands
Gjivai Zechiël,Feyenoord,eredivisie,CM,22,68,fc26,1.0,0.6,0.4,False,2028,False,appearances,Netherlands
Stéphano Carrillo,Feyenoord,eredivisie,ST,20,63,value-fit,1.0,0.75,0.1,False,2029,False,appearances,Mexico
Samuel Bastien,Fortuna Sittard,eredivisie,CM,29,67,fc26,1.0,1.1,0.6,False,2027,False,appearances,Democratic Republic of the Congo
Mattijs Branderhorst,Fortuna Sittard,eredivisie,GK,32,71,fc26,1.0,0.85,0.4,False,2029,False,citizenship-window-invisible,Netherlands
Syb van Ottele,Fortuna Sittard,eredivisie,CB,24,67,fc26,1.0,0.8,0.3,False,2027,False,appearances,Netherlands
Yassin Oukili,Fortuna Sittard,eredivisie,CM,25,67,fc26,1.0,0.8,0.3,False,2028,False,appearances,Morocco
Lequincio Zeefuik,Fortuna Sittard,eredivisie,ST,21,64,fc26,1.0,0.85,0.2,False,2027,False,appearances,Netherlands
Stefán Ingi Sigurdarson,Go Ahead Eagles,eredivisie,ST,25,66,fc26,1.0,,0.3,False,2030,False,appearances,Iceland
Victor Edvardsen,Go Ahead Eagles,eredivisie,ST,30,72,fc26,1.0,0.8,0.3,False,2028,False,appearances,Sweden
Richonell Margaret,Go Ahead Eagles,eredivisie,ST,25,67,fc26,1.0,0.7,0.2,False,2029,False,appearances,Suriname
Kjetil Haug,Go Ahead Eagles,eredivisie,GK,28,70,fc26,1.0,0.5,0.4,False,2029,False,appearances,Norway
Calvin Twigt,Go Ahead Eagles,eredivisie,CM,23,66,fc26,1.0,0.75,0.2,False,2028,False,appearances,Netherlands
Marco Rente,Groningen,eredivisie,RB,29,68,fc26,1.0,1.0,0.2,False,2027,False,appearances,Germany
Tyrique Mercera,Groningen,eredivisie,RB,22,64,fc26,1.0,,0.1,False,2029,False,appearances,Curacao
Brynjólfur Willumsson,Groningen,eredivisie,ST,25,65,fc26,1.0,1.3,0.1,False,2027,False,appearances,Iceland
David van der Werff,Groningen,eredivisie,RW,21,62,fc26,1.0,0.9,0.1,False,2029,False,appearances,Netherlands
Wouter Prins,Groningen,eredivisie,LB,22,64,fc26,1.0,0.6,0.1,False,2028,False,appearances,Netherlands
Sam Kersten,Heerenveen,eredivisie,CB,28,66,fc26,1.0,1.5,0.3,False,2027,False,appearances,Netherlands
Hristiyan Petrov,Heerenveen,eredivisie,CB,24,66,fc26,1.0,0.5,0.1,False,2029,False,appearances,Bulgaria
Bernt Klaverboer,Heerenveen,eredivisie,GK,20,64,fc26,1.0,1.0,0.1,False,2027,False,appearances,Netherlands
Thomas Ouwejan,NEC Nijmegen,eredivisie,CB,29,69,fc26,1.0,0.9,0.8,False,2027,False,appearances,Netherlands
Vito van Crooij,NEC Nijmegen,eredivisie,AM,30,69,fc26,1.0,1.0,0.5,False,2027,False,appearances,Netherlands
Darko Nejasmic,NEC Nijmegen,eredivisie,CM,27,68,salary-fit,1.0,,0.3,False,2027,False,appearances,Croatia
Bryan Linssen,NEC Nijmegen,eredivisie,ST,35,69,fc26,1.0,1.3,0.2,False,2028,False,citizenship-window-invisible,Netherlands
Brayann Pereira,NEC Nijmegen,eredivisie,CB,23,67,fc26,1.0,0.7,0.1,False,2027,False,appearances,France
Kaj Sierhuis,NEC Nijmegen,eredivisie,ST,28,69,fc26,1.0,0.8,0.4,False,2029,False,appearances,Netherlands
Tobias Storm,NEC Nijmegen,eredivisie,CB,22,65,value-fit,1.0,0.9,0.2,False,2030,False,appearances,Denmark
Koen Kostons,PEC Zwolle,eredivisie,ST,26,67,fc26,1.0,,0.5,False,2029,False,appearances,Netherlands
Simon Graves,PEC Zwolle,eredivisie,CB,27,68,fc26,1.0,0.8,0.5,False,2028,False,appearances,Denmark
Sherel Floranus,PEC Zwolle,eredivisie,LB,27,66,fc26,1.0,0.8,0.3,False,2027,False,appearances,Curacao
Dylan Mbayo,PEC Zwolle,eredivisie,RW,24,68,fc26,1.0,0.5,0.3,False,2027,False,appearances,Belgium
Olivier Aertssen,PEC Zwolle,eredivisie,RB,21,65,fc26,1.0,0.75,0.2,False,2027,False,appearances,Netherlands
Thijs Oosting,PEC Zwolle,eredivisie,AM,26,66,fc26,1.0,0.7,0.2,False,2029,False,appearances,Netherlands
Tijs Velthuis,PEC Zwolle,eredivisie,CB,24,65,fc26,1.0,0.8,0.2,False,2029,False,appearances,Netherlands
Bas Kuipers,Sparta Rotterdam,eredivisie,LB,31,70,fc26,1.0,0.8,0.4,False,2028,False,appearances,Netherlands
Nick Verschuren,Sparta Rotterdam,eredivisie,CB,21,64,value-fit,1.0,0.7,0.2,False,2030,False,appearances,Netherlands
Gerald Alders,Telstar,eredivisie,RB,21,64,value-fit,1.0,0.7,0.1,False,2027,False,appearances,Netherlands
Soufiane Hetli,Telstar,eredivisie,ST,25,66,salary-fit,1.0,,0.1,False,2027,False,appearances,Netherlands
Tyrese Noslin,Telstar,eredivisie,RW,23,65,salary-fit,1.0,,0.1,False,2027,False,appearances,Curacao
Nigel Ogidi Nwankwo,Telstar,eredivisie,LW,27,67,salary-fit,1.0,,0.1,False,2027,False,appearances,Netherlands
Tyrone Owusu,Telstar,eredivisie,CM,27,67,salary-fit,1.0,,0.1,False,2027,False,appearances,Netherlands
Arno Verschueren,Twente,eredivisie,AM,29,70,fc26,1.0,1.0,0.4,False,2028,False,appearances,Belgium
Daouda Weidmann,Twente,eredivisie,CM,23,66,value-fit,1.0,1.0,0.2,False,2030,False,appearances,France
Aske Adelgaard,Twente,eredivisie,LB,22,65,fc26,1.0,0.7,0.2,False,2030,False,appearances,Denmark
Gijs Besselink,Twente,eredivisie,CM,22,64,value-fit,1.0,0.6,0.2,False,2028,False,appearances,Netherlands
Niklas Vesterlund,Utrecht,eredivisie,RB,27,67,fc26,1.0,0.8,0.3,False,2027,False,appearances,Denmark
Thomas Didillon,Willem II,eredivisie,GK,30,71,value-fit,1.0,0.8,0.3,False,2028,False,appearances,France
Amine Lachkar,Willem II,eredivisie,CM,23,65,value-fit,1.0,0.6,0.1,False,2027,False,appearances,Netherlands
Alessandro Ciranni,Willem II,eredivisie,RB,30,70,value-fit,1.0,0.65,0.4,False,2027,False,appearances,Belgium
Justin Hoogma,Willem II,eredivisie,CB,28,69,value-fit,1.0,0.5,0.4,False,2027,False,appearances,Netherlands
Mariano Díaz,Alaves,la-liga,ST,32,70,fc26,1.0,1.5,1.6,False,2027,False,citizenship-window-invisible,Dominican Republic
Nikola Maras,Alaves,la-liga,CB,30,69,fc26,1.0,1.2,0.4,False,2027,False,appearances,Serbia
Jesús Owono,Alaves,la-liga,GK,25,67,fc26,1.0,1.0,0.2,False,2029,False,appearances,Equatorial Guinea
Áron Yaakobishvili,Barcelona,la-liga,GK,20,63,fc26,1.0,,0.2,False,2028,False,citizenship-window-invisible,Hungary
Diego Villares,Deportivo,la-liga,CM,30,69,salary-fit,1.0,,0.3,False,2028,False,citizenship-no-tm,Spain
Pedro Bigas,Elche,la-liga,CB,36,74,value-fit,1.0,1.0,0.9,False,2027,False,citizenship-window-invisible,Spain
Josan,Elche,la-liga,RW,36,72,fc26,1.0,1.0,0.4,False,2027,False,citizenship-window-invisible,Spain
Ali Houary,Elche,la-liga,ST,20,62,fc26,1.0,,0.3,False,2028,False,appearances,Morocco
Pere Milla,Espanyol,la-liga,LW,33,71,fc26,1.0,1.2,1.2,False,2027,False,citizenship-window-invisible,Spain
Jofre Carreras,Espanyol,la-liga,RW,25,74,fc26,1.0,0.6,1.0,False,2029,False,appearances,Spain
Rubén Sánchez,Espanyol,la-liga,RB,25,69,fc26,1.0,0.7,0.7,False,2027,False,appearances,Spain
Marcos Fernández,Espanyol,la-liga,ST,23,66,value-fit,1.0,0.8,0.3,False,2028,False,citizenship-window-invisible,Spain
Iván Romero,Levante,la-liga,ST,25,70,fc26,1.0,0.8,1.2,False,2028,False,appearances,Spain
Pablo Campos,Levante,la-liga,GK,24,69,fc26,1.0,0.8,0.8,False,2027,False,appearances,Spain
Tay Abed,Levante,la-liga,RW,21,64,value-fit,1.0,0.75,0.4,False,2029,False,appearances,Israel
Dani Lorenzo,Malaga,la-liga,AM,23,64,fc26,1.0,,0.3,False,2029,False,citizenship-no-tm,Spain
Eneko Jauregi,Malaga,la-liga,ST,29,68,salary-fit,1.0,,0.3,False,2027,False,citizenship-no-tm,Spain
Joaquín Muñoz,Malaga,la-liga,LW,27,68,salary-fit,1.0,,0.3,False,2027,False,citizenship-no-tm,Spain
Álex Pastor,Malaga,la-liga,CB,26,67,fc26,1.0,,0.2,False,2028,False,citizenship-no-tm,Spain
Adrián Niño,Malaga,la-liga,ST,22,64,value-fit,1.0,0.5,0.2,False,2029,False,appearances,Spain
Ángel Recio,Malaga,la-liga,CB,23,65,salary-fit,1.0,,0.1,False,2029,False,citizenship-no-tm,Spain
Aitor Fernández,Osasuna,la-liga,GK,35,77,fc26,1.0,0.6,0.8,False,2027,False,citizenship-window-invisible,Spain
Manu Hernando,Racing Santander,la-liga,CB,27,68,fc26,1.0,,0.5,False,2028,False,citizenship-no-tm,Spain
Íñigo Sainz-Maza,Racing Santander,la-liga,CM,28,67,fc26,1.0,,0.4,False,2028,False,citizenship-no-tm,Spain
Simon Eriksson,Racing Santander,la-liga,GK,20,62,fc26,1.0,,0.2,False,2030,False,citizenship-window-invisible,Sweden
Yeray Cabanzón,Racing Santander,la-liga,RW,23,65,salary-fit,1.0,,0.1,False,2027,False,citizenship-no-tm,Spain
Maguette Gueye,Racing Santander,la-liga,CM,23,64,fc26,1.0,,0.1,False,2029,False,citizenship-no-tm,Senegal
Pelayo Fernández,Rayo Vallecano,la-liga,CB,23,65,fc26,1.0,,0.2,False,2028,False,appearances,Spain
Raúl de Tomás,Rayo Vallecano,la-liga,ST,31,71,value-fit,1.0,0.5,0.8,False,2027,False,appearances,Spain
Iker Losada,Real Betis,la-liga,ST,24,72,fc26,1.0,0.5,1.0,False,2029,False,appearances,Spain
Fran González,Real Madrid,la-liga,GK,21,63,fc26,1.0,,0.4,False,2028,False,appearances,Spain
Álvaro Odriozola,Real Sociedad,la-liga,RB,30,74,fc26,1.0,0.8,2.7,False,2029,False,appearances,Spain
Unai Marrero,Real Sociedad,la-liga,GK,24,69,fc26,1.0,0.6,0.5,False,2030,False,appearances,Spain
Iker Córdoba,Valencia,la-liga,CB,20,64,fc26,1.0,0.5,0.3,False,2028,False,appearances,Spain
Diego Conde,Villarreal,la-liga,GK,27,77,fc26,1.0,0.5,1.9,False,2029,False,appearances,Spain
Carlens Arcus,Angers,ligue-1,RB,30,71,fc26,1.0,0.7,1.8,False,2027,False,appearances,Haiti
Louis Mouton,Angers,ligue-1,AM,24,70,fc26,1.0,0.5,0.7,False,2028,False,appearances,France
Lilian Raolisoa,Angers,ligue-1,RB,26,70,fc26,1.0,0.6,0.6,False,2028,False,appearances,France
Jacques Ekomié,Angers,ligue-1,LB,22,68,fc26,1.0,0.6,0.5,False,2027,False,appearances,Gabon
Assane Dioussé,Auxerre,ligue-1,CM,28,69,fc26,1.0,0.9,0.6,False,2027,False,appearances,Senegal
Bryan Okoh,Auxerre,ligue-1,CB,23,64,fc26,1.0,,0.5,False,2029,False,appearances,Switzerland
Fredrik Oppegård,Auxerre,ligue-1,LB,23,67,fc26,1.0,0.6,0.3,False,2028,False,appearances,Norway
Justin Bourgault,Brest,ligue-1,LB,20,65,fc26,1.0,0.6,0.3,False,2029,False,appearances,France
Mory Diaw,Le Havre,ligue-1,GK,33,70,fc26,1.0,1.8,0.9,False,2027,False,citizenship-window-invisible,Senegal
Godson Kyeremeh,Le Havre,ligue-1,RW,26,66,fc26,1.0,1.0,0.6,False,2027,False,appearances,France
Fodé Doucouré,Le Havre,ligue-1,RB,25,68,fc26,1.0,0.5,0.5,False,2027,False,appearances,Mali
Felix Mambimbi,Le Havre,ligue-1,LW,25,66,fc26,1.0,1.2,0.5,False,2027,False,appearances,Switzerland
Lucas Buades,Le Mans,ligue-1,RB,28,68,salary-fit,1.0,,0.2,False,2028,False,citizenship-no-tm,France
Mamadou Sangaré,Brentford,premier-league,CM,24,72,fc26,48.0,0.6,2.0,False,2030,False,appearances,Mali
Bingourou Kamara,Lorient,ligue-1,GK,29,70,fc26,1.0,0.8,0.7,False,2027,False,appearances,Senegal
Dembo Sylla,Lorient,ligue-1,RB,23,64,fc26,1.0,1.0,0.4,False,2028,False,appearances,Guinea
Ruben Kluivert,Lyon,ligue-1,CB,25,67,fc26,1.0,0.5,1.1,False,2030,False,appearances,Netherlands
Noham Kamara,Lyon,ligue-1,CB,19,62,fc26,1.0,1.0,0.4,False,2030,False,appearances,France
Lassine Diarra,Lyon,ligue-1,GK,23,64,fc26,1.0,,0.3,False,2027,False,citizenship-window-invisible,Mali
Renato Marin,PSG,ligue-1,GK,19,62,fc26,1.0,0.5,0.5,False,2030,False,appearances,Italy
Naoufel El Hannach,PSG,ligue-1,RB,19,61,fc26,1.0,1.2,0.2,False,2027,False,citizenship-window-invisible,Morocco
Alimami Gory,Paris FC,ligue-1,LW,29,69,fc26,1.0,0.8,0.9,False,2027,False,appearances,France
Samir Chergui,Paris FC,ligue-1,CB,27,67,fc26,1.0,,0.7,False,2027,False,appearances,Algeria
Mamadou Mbow,Paris FC,ligue-1,CB,26,72,fc26,1.0,0.6,0.6,False,2028,False,appearances,Senegal
Lohann Doucet,Paris FC,ligue-1,CM,23,68,fc26,1.0,0.7,0.3,False,2027,False,appearances,Burkina Faso
Ayanda Sishuba,Rennes,ligue-1,AM,21,64,fc26,1.0,1.0,0.5,False,2029,False,appearances,Belgium
Rayan Bamba,Rennes,ligue-1,RB,22,63,fc26,1.0,,0.2,False,2027,False,citizenship-no-tm,France
Nicolas Lemaître,Rennes,ligue-1,GK,29,69,fc26,1.0,,0.6,False,2028,False,citizenship-no-tm,France
Rayane Messi,Strasbourg,ligue-1,LW,19,62,fc26,1.0,1.0,0.2,False,2030,False,citizenship-window-invisible,France
Jacen Russell-Rowe,Toulouse,ligue-1,ST,23,64,fc26,1.0,,0.6,False,2029,False,appearances,Canada
Rafik Messali,Toulouse,ligue-1,RB,23,64,fc26,1.0,0.8,0.5,False,2028,False,appearances,Algeria
Mathys Niflore,Toulouse,ligue-1,GK,19,63,fc26,1.0,1.0,0.3,False,2029,False,citizenship-window-invisible,France
Renaud Ripart,Troyes,ligue-1,ST,33,72,salary-fit,1.0,,0.7,False,2027,False,citizenship-no-tm,France
Merwan Ifnaoui,Troyes,ligue-1,RW,27,67,fc26,1.0,,0.5,False,2027,False,citizenship-no-tm,France
Yvann Titi,Troyes,ligue-1,RB,20,63,fc26,1.0,,0.2,False,2027,False,citizenship-no-tm,France
Oliwier Zych,Aston Villa,premier-league,GK,22,63,fc26,1.0,1.0,0.3,False,2027,False,citizenship-window-invisible,Poland
Modou Kéba Cissé,Aston Villa,premier-league,CB,20,63,fc26,1.0,,0.4,False,2027,False,citizenship-window-invisible,Senegal
Adam Smith,Bournemouth,premier-league,RB,35,73,fc26,1.0,0.5,2.4,False,2027,True,citizenship-window-invisible,England
Ben Winterburn,Bournemouth,premier-league,CM,21,65,fc26,1.0,0.45,0.2,False,2027,True,citizenship-plus-appearances,England
Jayden Meghoma,Brentford,premier-league,LB,20,64,fc26,1.0,0.75,0.9,False,2028,True,citizenship-plus-appearances,England
Jason Steele,Brighton,premier-league,GK,35,73,fc26,1.0,0.75,1.2,False,2027,True,citizenship-window-invisible,England
Nathaniel Clyne,Crystal Palace,premier-league,RB,35,70,fc26,1.0,1.5,3.0,False,2027,True,citizenship-window-invisible,England
Caleb Kporha,Crystal Palace,premier-league,RB,19,62,fc26,1.0,1.0,0.8,False,2029,True,citizenship-plus-appearances,England
Tom Cairney,Fulham,premier-league,CM,35,74,fc26,1.0,0.75,2.1,False,2027,False,citizenship-window-invisible,Scotland
Lewie Coyle,Hull City,premier-league,RB,30,70,fc26,1.0,,0.9,False,2029,False,citizenship-no-tm,England
David Akintola,Hull City,premier-league,RW,30,69,fc26,1.0,1.2,0.9,False,2027,False,appearances,Nigeria
Akin Famewo,Hull City,premier-league,CB,27,68,fc26,1.0,,0.8,False,2027,False,citizenship-no-tm,England
Matty Jacob,Hull City,premier-league,LB,25,65,fc26,1.0,,0.2,False,2027,False,citizenship-no-tm,England
Christian Walton,Ipswich Town,premier-league,GK,30,69,fc26,1.0,0.9,1.7,False,2028,True,citizenship-plus-appearances,England
Karl Darlow,Manchester United,premier-league,GK,35,72,fc26,1.0,1.0,1.8,False,2027,True,citizenship-window-invisible,Wales
Sam Byram,Leeds,premier-league,LB,32,72,fc26,1.0,1.0,1.5,False,2027,True,citizenship-window-invisible,England
Charlie Crew,Leeds,premier-league,CM,20,62,fc26,1.0,,0.1,False,2028,True,citizenship-plus-appearances,Wales
Rhys Williams,Free agent,free-agent,CB,25,61,fc26,1.0,1.8,0.6,False,2026,True,citizenship-plus-appearances,England
Max Alleyne,Manchester City,premier-league,CB,20,64,fc26,1.0,0.8,0.5,False,2030,True,citizenship-plus-appearances,England
Willy Boly,Nottingham Forest,premier-league,CB,35,73,fc26,1.0,0.8,2.4,False,2027,False,citizenship-window-invisible,Cote d'Ivoire
Eric da Silva Moreira,Nottingham Forest,premier-league,RB,20,61,fc26,1.0,1.0,0.5,False,2028,False,appearances,Germany
Eliezer Mayenda,Rennes,ligue-1,ST,21,71,fc26,22.0,0.7,1.8,False,2030,False,appearances,Spain
Robin Roefs,Sunderland,premier-league,GK,23,74,fc26,1.0,0.6,1.8,False,2030,False,appearances,Netherlands
Luís Silva,Academico Viseu,primeira-liga,CM,33,72,position-median,1.0,,0.5,False,2027,False,citizenship-no-tm,Portugal
Diogo Spencer,Alverca,primeira-liga,RB,22,64,fc26,1.0,0.75,0.1,False,2027,False,appearances,Portugal
Vasco Moreira,Alverca,primeira-liga,CM,25,66,salary-fit,1.0,,0.1,False,2028,False,appearances,Portugal
Isaac James,Alverca,primeira-liga,LB,21,63,fc26,1.0,,0.1,False,2027,False,appearances,Nigeria
Matheus Mendes,Alverca,primeira-liga,GK,27,67,salary-fit,1.0,,0.1,False,2028,False,appearances,Brazil
Pablo Gozálbez,Arouca,primeira-liga,AM,25,67,fc26,1.0,0.5,0.4,False,2029,False,appearances,Spain
Naïs Djouahra,Arouca,primeira-liga,LW,26,68,fc26,1.0,0.9,0.4,False,2027,False,appearances,France
Boris Popović,Arouca,primeira-liga,CB,26,67,fc26,1.0,1.2,0.3,False,2028,False,appearances,Serbia
Espen van Ee,Arouca,primeira-liga,CM,23,65,fc26,1.0,1.0,0.3,False,2029,False,appearances,Netherlands
Pedro Santos,Arouca,primeira-liga,CM,25,68,fc26,1.0,0.8,0.2,False,2028,False,appearances,Portugal
Arnau Solà,Arouca,primeira-liga,LB,23,66,fc26,1.0,0.5,0.2,False,2028,False,appearances,Spain
João Moutinho,Braga,primeira-liga,CM,39,77,fc26,1.0,0.5,0.8,False,2027,False,citizenship-window-invisible,Portugal
Sergio Barcia,Braga,primeira-liga,CB,25,67,fc26,1.0,0.5,0.2,False,2030,False,appearances,Spain
Abdu Conté,Casa Pia,primeira-liga,LB,28,64,fc26,1.0,1.5,0.5,False,2028,False,appearances,Portugal
David Sousa,Casa Pia,primeira-liga,CB,25,66,fc26,1.0,0.5,0.4,False,2028,False,appearances,Brazil
Kelian Nsona,Casa Pia,primeira-liga,LW,24,66,fc26,1.0,0.8,0.3,False,2027,False,appearances,France
Iyad Mohamed,Casa Pia,primeira-liga,CM,25,65,fc26,1.0,,0.2,False,2027,False,appearances,Comoros
Kevin Prieto,Casa Pia,primeira-liga,RW,23,65,salary-fit,1.0,,0.1,False,2029,False,appearances,Uruguay
Pedro Rosas,Casa Pia,primeira-liga,LB,25,66,salary-fit,1.0,,0.1,False,2027,False,appearances,Portugal
Ivan Mandić,Casa Pia,primeira-liga,GK,23,65,salary-fit,1.0,,0.1,False,2029,False,citizenship-window-invisible,Croatia
Jandro Orellana,Estoril,primeira-liga,CM,25,67,fc26,1.0,1.0,0.6,False,2027,False,appearances,Spain
André Lacximicant,Estoril,primeira-liga,LW,25,68,fc26,1.0,0.8,0.4,False,2028,False,appearances,Portugal
Diogo Pinto,Estrela Amadora,primeira-liga,GK,22,68,fc26,1.0,0.5,0.2,False,2028,False,appearances,Portugal
Abraham Marcus,Estrela Amadora,primeira-liga,RW,26,65,fc26,1.0,1.2,0.2,False,2028,False,appearances,Nigeria
Eduardo Dos Santos Haesler,Estrela Amadora,primeira-liga,GK,27,67,salary-fit,1.0,,0.2,False,2028,False,citizenship-no-tm,Germany
Leandro Antonetti,Estrela Amadora,primeira-liga,ST,23,65,salary-fit,1.0,,0.1,False,2028,False,appearances,Puerto Rico
Ni,Estrela Amadora,primeira-liga,CB,23,65,salary-fit,1.0,,0.1,False,2028,False,citizenship-window-invisible,Portugal
Rochinha,Famalicao,primeira-liga,LW,31,71,fc26,1.0,0.6,0.9,False,2027,False,appearances,Portugal
Tom van de Looi,Famalicao,primeira-liga,CM,27,69,fc26,1.0,0.75,0.5,False,2027,False,appearances,Netherlands
Pedro Santos,Famalicao,primeira-liga,RW,23,65,fc26,1.0,0.6,0.3,False,2028,False,appearances,Portugal
Marcos Peña,Famalicao,primeira-liga,CM,21,64,value-fit,1.0,1.0,0.1,False,2029,False,appearances,Spain
Paulo Moreira,Famalicao,primeira-liga,CM,26,68,value-fit,1.0,0.8,0.3,False,2029,False,appearances,Portugal
Sergio Bermejo,Gil Vicente,primeira-liga,RW,28,68,fc26,1.0,0.8,0.5,False,2027,False,appearances,Spain
Antonio Espigares,Gil Vicente,primeira-liga,CB,21,66,fc26,1.0,0.5,0.2,False,2029,False,appearances,Spain
Zé Carlos,Gil Vicente,primeira-liga,CM,24,66,fc26,1.0,0.8,0.1,False,2028,False,appearances,Portugal
Carlos Eduardo,Gil Vicente,primeira-liga,ST,23,65,value-fit,1.0,0.7,0.1,False,2028,False,appearances,Brazil
Ricardo Esgaio,Gil Vicente,primeira-liga,RB,33,73,fc26,1.0,0.8,0.6,False,2028,False,citizenship-window-invisible,Portugal
Rafael Fernandes,Marítimo,primeira-liga,CB,24,63,fc26,1.0,1.5,0.6,False,2027,False,appearances,Portugal
Alexandre Guedes,Marítimo,primeira-liga,ST,32,71,position-median,1.0,,0.4,False,2027,False,citizenship-no-tm,Portugal
Martín Tejón,Marítimo,primeira-liga,LW,22,65,value-fit,1.0,1.0,0.2,False,2027,False,appearances,Spain
Kiko Bondoso,Moreirense,primeira-liga,LW,30,71,fc26,1.0,0.8,0.4,False,2027,False,appearances,Portugal
Maracás,Moreirense,primeira-liga,CB,32,72,fc26,1.0,0.8,0.3,False,2027,False,appearances,Brazil
Yan Maranhão,Moreirense,primeira-liga,ST,23,65,value-fit,1.0,0.6,0.1,False,2029,False,appearances,Brazil
Miguel Baeza,Nacional,primeira-liga,AM,26,67,fc26,1.0,0.7,0.5,False,2027,False,appearances,Spain
Paulinho Bóia,Nacional,primeira-liga,LW,28,69,value-fit,1.0,0.7,0.5,False,2027,False,appearances,Brazil
Filipe Soares,Nacional,primeira-liga,AM,27,67,fc26,1.0,0.7,0.4,False,2027,False,appearances,Portugal
Lenny Vallier,Nacional,primeira-liga,LB,27,67,fc26,1.0,0.6,0.3,False,2028,False,appearances,France
Léo Santos,Nacional,primeira-liga,CB,27,68,salary-fit,1.0,,0.3,False,2027,False,appearances,Brazil
Pablo Ruan,Nacional,primeira-liga,RW,23,65,salary-fit,1.0,,0.1,False,2030,False,appearances,Brazil
José Gomes,Nacional,primeira-liga,LB,29,68,fc26,1.0,1.0,0.1,False,2027,False,appearances,Portugal
João Costa,Porto,primeira-liga,GK,30,69,fc26,1.0,0.8,0.6,False,2030,False,appearances,Portugal
Cláudio Ramos,Porto,primeira-liga,GK,34,73,fc26,1.0,1.0,0.6,False,2027,False,citizenship-window-invisible,Portugal
Jakub Brabec,Rio Ave,primeira-liga,CB,33,72,value-fit,1.0,0.6,0.6,False,2027,False,citizenship-window-invisible,Czech Republic
Tamás Nikitscher,Rio Ave,primeira-liga,CM,26,67,value-fit,1.0,0.5,0.4,False,2029,False,appearances,Hungary
Georgios Liavas,Rio Ave,primeira-liga,CM,25,69,fc26,1.0,0.6,0.3,False,2029,False,appearances,Greece
Tobías Medina,Rio Ave,primeira-liga,LW,22,64,fc26,1.0,0.8,0.1,False,2028,False,appearances,Argentina
João Costa,Santa Clara,primeira-liga,ST,26,67,fc26,1.0,,0.3,False,2028,False,appearances,Portugal
Lucas Soares,Santa Clara,primeira-liga,RB,28,69,fc26,1.0,0.6,0.3,False,2027,False,appearances,Brazil
Welinton Torrão,Santa Clara,primeira-liga,RW,27,67,salary-fit,1.0,,0.2,False,2028,False,appearances,Brazil
Diogo Calila,Santa Clara,primeira-liga,RB,27,69,fc26,1.0,0.5,0.1,False,2027,False,appearances,Mozambique
Bruno Almeida,Santa Clara,primeira-liga,RW,29,69,value-fit,1.0,0.5,0.3,False,2027,False,appearances,Portugal
Dani Borges,Santa Clara,primeira-liga,CM,23,65,value-fit,1.0,0.5,0.2,False,2030,False,appearances,Brazil
Henrique Pereira,Santa Clara,primeira-liga,LW,24,66,value-fit,1.0,0.6,0.2,False,2028,False,appearances,Portugal
Rildo,Santa Clara,primeira-liga,AM,26,68,value-fit,1.0,0.75,0.3,False,2027,False,appearances,Brazil
Giorgi Kochorashvili,Sporting Lisbon,primeira-liga,CM,27,74,fc26,1.0,0.6,1.0,False,2030,False,appearances,Georgia
Rodrigo Abascal,Vitoria SC,primeira-liga,CB,32,71,fc26,1.0,0.6,0.5,False,2027,False,appearances,Uruguay
Óscar Rivas,Vitoria SC,primeira-liga,CB,26,67,fc26,1.0,,0.2,False,2028,False,appearances,Spain
Thiago Balieiro,Vitoria SC,primeira-liga,CB,23,65,salary-fit,1.0,,0.1,False,2029,False,appearances,Brazil
Vando Félix,Vitoria SC,primeira-liga,LW,23,66,fc26,1.0,0.7,0.2,False,2029,False,appearances,Guinea-Bissau
Majeed Ashimeru,Anderlecht,pro-league,CM,28,69,fc26,1.0,0.7,0.3,False,2027,False,appearances,Ghana
Lennart Mertens,Beveren,pro-league,ST,33,71,position-median,1.0,,0.4,False,2027,False,citizenship-no-tm,Belgium
Charles Herrmann,Cercle Brugges,pro-league,RW,20,62,fc26,1.0,1.0,0.1,False,2029,False,appearances,Germany
Heriberto Jurado,Cercle Brugges,pro-league,LW,21,65,fc26,1.0,0.8,0.2,False,2028,False,appearances,Mexico
Emmanuel Kakou,Cercle Brugges,pro-league,CB,21,62,fc26,1.0,1.5,0.1,False,2027,False,appearances,Cote d'Ivoire
Valy Konaté,Cercle Brugges,pro-league,LB,19,62,fc26,1.0,,0.1,False,2027,False,appearances,Cote d'Ivoire
Jakob Napoleon Romsaas,Charleroi,pro-league,AM,22,63,fc26,1.0,,0.1,False,2027,False,appearances,Norway
Antoine Bernier,Charleroi,pro-league,RW,28,70,fc26,1.0,0.7,0.3,False,2028,False,appearances,Belgium
Mardochée Nzita,Charleroi,pro-league,LB,26,65,fc26,1.0,1.5,0.1,False,2028,False,appearances,Belgium
Anthony Descotte,Charleroi,pro-league,ST,22,64,fc26,1.0,0.55,0.1,False,2027,False,appearances,Belgium
Massamba Sow,Charleroi,pro-league,CB,22,64,fc26,1.0,0.5,0.1,False,2027,False,appearances,France
Severin Nioule,Charleroi,pro-league,LW,21,63,fc26,1.0,,0.1,False,2029,False,citizenship-window-invisible,Cote d'Ivoire
Joaquin Seys,Club Brugges,pro-league,LB,21,72,fc26,1.0,0.6,0.5,False,2029,False,appearances,Belgium
Nordin Jackers,Club Brugges,pro-league,GK,28,68,fc26,1.0,0.9,0.2,False,2029,False,appearances,Belgium
Hendrik Van Crombrugge,Genk,pro-league,GK,33,69,fc26,1.0,1.5,0.3,False,2027,False,citizenship-window-invisible,Belgium
Ayumu Yokoyama,Genk,pro-league,LW,23,65,fc26,1.0,,0.1,False,2029,False,appearances,Japan
Ibrahima Sory Bangoura,Genk,pro-league,CM,22,70,fc26,1.0,0.5,0.4,False,2028,False,appearances,Guinea
Josué Kongolo,Genk,pro-league,CB,20,62,fc26,1.0,1.0,0.1,False,2028,False,appearances,Belgium
Pieter Gerkens,Gent,pro-league,AM,31,69,fc26,1.0,0.8,0.3,False,2027,False,appearances,Belgium
Hyllarion Goore,Gent,pro-league,ST,20,62,fc26,1.0,,0.1,False,2029,False,appearances,Cote d'Ivoire
Aimé Omgba,Gent,pro-league,AM,23,66,fc26,1.0,1.0,0.2,False,2029,False,appearances,Netherlands
Boris Lambert,Kortrijk,pro-league,CM,26,68,value-fit,1.0,0.7,0.2,False,2029,False,appearances,Belgium
Gilles Ruyssen,Kortrijk,pro-league,CB,32,71,value-fit,1.0,0.6,0.4,False,2028,False,appearances,Belgium
Bryan Soumaré,La Louviere,pro-league,AM,27,69,value-fit,1.0,0.9,0.3,False,2027,False,appearances,France
Marcos Peano,La Louviere,pro-league,GK,27,67,fc26,1.0,,0.2,False,2028,False,appearances,Argentina
Yllan Okou,La Louviere,pro-league,CB,23,65,fc26,1.0,1.2,0.1,False,2028,False,appearances,France
Ismaila Coulibaly,La Louviere,pro-league,CM,25,67,fc26,1.0,1.0,0.2,False,2028,False,appearances,Mali
Shaquil Delos,La Louviere,pro-league,RB,27,68,fc26,1.0,,0.2,False,2028,False,citizenship-no-tm,France
Birger Verstraete,Leuven,pro-league,CM,32,71,fc26,1.0,1.3,0.4,False,2027,False,appearances,Belgium
William Balikwisha,Leuven,pro-league,AM,27,68,fc26,1.0,0.6,0.2,False,2028,False,appearances,Democratic Republic of the Congo
Noë Dussenne,Leuven,pro-league,CB,34,73,fc26,1.0,0.8,0.5,False,2028,False,citizenship-window-invisible,Belgium
Sory Kaba,Leuven,pro-league,ST,30,67,fc26,1.0,1.5,0.2,False,2027,False,appearances,Guinea
Kyan Vaesen,Leuven,pro-league,ST,25,66,fc26,1.0,0.7,0.2,False,2029,False,appearances,Belgium
Bryang Kayo,Leuven,pro-league,CM,23,64,fc26,1.0,,0.1,False,2028,False,appearances,United States
Takahiro Akimoto,Leuven,pro-league,LB,28,69,fc26,1.0,0.9,0.3,False,2027,False,appearances,Japan
Dermane Karim,Lommel,pro-league,AM,22,65,value-fit,1.0,0.9,0.2,False,2028,False,appearances,Togo
Tom Reyners,Lommel,pro-league,RW,26,68,value-fit,1.0,0.9,0.2,False,2028,False,appearances,Belgium
Joey Pelupessy,Lommel,pro-league,CM,33,72,position-median,1.0,,0.5,False,2027,False,citizenship-no-tm,Indonesia
Tommy St Jago,Mechelen,pro-league,CB,26,66,fc26,1.0,1.2,0.2,False,2028,False,appearances,Curacao
Nacho Miras,Mechelen,pro-league,GK,28,63,fc26,1.0,1.2,0.1,False,2029,False,appearances,Spain
Bill Antonio,Mechelen,pro-league,RW,23,62,fc26,1.0,1.2,0.1,False,2027,False,appearances,Zimbabwe
Keano Vanrafelghem,Mechelen,pro-league,ST,22,63,fc26,1.0,,0.1,False,2029,False,appearances,Belgium
Lovro Golic,Mechelen,pro-league,CB,20,62,fc26,1.0,,0.1,False,2029,False,citizenship-window-invisible,Slovenia
Semm Renders,Royal Antwerp,pro-league,RB,18,62,fc26,1.0,1.2,0.1,False,2027,False,appearances,Belgium
Mukhammadali Urinboev,Royal Antwerp,pro-league,RW,21,63,fc26,1.0,,0.1,False,2029,False,appearances,Uzbekistan
Farouck Adekami,Royal Antwerp,pro-league,AM,19,58,fc26,1.0,1.8,0.1,False,2027,False,appearances,Cote d'Ivoire
Abdoulaye Sissako,Sint-Truidense,pro-league,CM,28,67,fc26,1.0,0.9,0.2,False,2028,False,appearances,France
Casper Nielsen,Standard Liege,pro-league,CM,32,70,fc26,1.0,1.5,0.3,False,2028,False,appearances,Denmark
Mo El Hankouri,Standard Liege,pro-league,AM,29,71,fc26,1.0,0.8,0.4,False,2027,False,appearances,Morocco
Tobias Mohr,Standard Liege,pro-league,LW,30,69,fc26,1.0,0.9,0.3,False,2028,False,appearances,Germany
Thomas Van den Keybus,Westerlo,pro-league,CM,25,68,fc26,1.0,0.8,0.2,False,2027,False,appearances,Belgium
Reno Münz,Westerlo,pro-league,CB,20,63,fc26,1.0,,0.1,False,2030,False,citizenship-no-tm,Germany
Anosike Ementa,Zulte Waregem,pro-league,ST,24,64,fc26,1.0,1.5,0.1,False,2028,False,appearances,Denmark
Anton Tanghe,Zulte Waregem,pro-league,CB,27,67,fc26,1.0,0.8,0.2,False,2027,False,appearances,Belgium
Enrique Lofolomo,Zulte Waregem,pro-league,CM,26,66,fc26,1.0,,0.2,False,2027,False,appearances,Germany
Malick Mbaye,Zulte Waregem,pro-league,RW,22,65,fc26,1.0,0.5,0.2,False,2029,False,appearances,Senegal
Thomas Claes,Zulte Waregem,pro-league,CM,22,66,fc26,1.0,0.6,0.2,False,2028,False,appearances,Belgium
Davide Bartesaghi,AC Milan,serie-a,LB,20,62,fc26,1.0,1.0,1.1,False,2030,False,appearances,Italy
Christian Comotto,AC Milan,serie-a,CM,18,61,fc26,1.0,,0.2,False,2028,False,citizenship-no-tm,Italy
Jonathan Rowe,Bologna,serie-a,LW,23,75,fc26,1.0,0.5,2.8,False,2029,True,citizenship-plus-appearances,England
Boris Radunović,Cagliari,serie-a,GK,30,70,fc26,1.0,1.0,0.9,False,2029,False,appearances,Serbia
Alessandro Deiola,Cagliari,serie-a,CM,30,68,fc26,1.0,1.6,0.7,False,2029,False,appearances,Italy
Gennaro Borrelli,Cagliari,serie-a,ST,26,64,fc26,1.0,1.4,0.7,False,2029,False,appearances,Italy
Alen Sherri,Cagliari,serie-a,GK,28,68,fc26,1.0,1.0,0.2,False,2028,False,appearances,Albania
Marlon Mustapha,Como,serie-a,ST,25,65,fc26,1.0,1.0,0.2,False,2027,False,appearances,Austria
Ilias Koutsoupias,Frosinone,serie-a,CM,25,66,fc26,1.0,,0.6,False,2027,False,citizenship-no-tm,Greece
Anthony Oyono,Frosinone,serie-a,RB,25,66,fc26,1.0,,0.3,False,2027,False,citizenship-no-tm,Gabon
Giorgi Kvernadze,Frosinone,serie-a,LW,23,65,fc26,1.0,0.8,0.2,False,2028,False,appearances,Georgia
Giacomo Calò,Frosinone,serie-a,CM,29,69,fc26,1.0,,0.7,False,2029,False,citizenship-no-tm,Italy
Stefano Sabelli,Genoa,serie-a,RB,33,71,fc26,1.0,1.4,0.9,False,2028,False,citizenship-window-invisible,Italy
Franco Carboni,Parma,serie-a,LB,23,63,fc26,1.0,0.9,0.2,False,2027,False,appearances,Argentina
Filipe Bordon,Lazio,serie-a,CB,21,64,value-fit,1.0,0.8,0.2,False,2028,False,citizenship-window-invisible,Brazil
Gabriele Artistico,Lazio,serie-a,ST,23,65,fc26,1.0,,0.2,False,2028,False,citizenship-no-tm,Italy
Oumar Ngom,Lecce,serie-a,CM,22,64,fc26,1.0,,0.3,False,2029,False,appearances,Mauritania
Sadik Fofana,Lecce,serie-a,CM,23,65,fc26,1.0,0.5,0.3,False,2029,False,appearances,Togo
Paulo Azzi,Monza,serie-a,LW,31,71,fc26,1.0,0.75,1.3,False,2027,False,appearances,Brazil
Keita Baldé,Monza,serie-a,LW,31,70,fc26,1.0,0.9,0.9,False,2027,False,appearances,Senegal
Valentin Antov,Monza,serie-a,CB,25,68,fc26,1.0,0.8,0.8,False,2027,False,appearances,Bulgaria
Semuel Pizzignacco,Monza,serie-a,GK,24,67,fc26,1.0,0.75,0.2,False,2027,False,appearances,Italy
Lorenzo Lucchesi,Monza,serie-a,CB,23,65,fc26,1.0,,0.3,False,2030,False,citizenship-window-invisible,Italy
Lorenzo Sgarbi,Napoli,serie-a,ST,25,65,fc26,1.0,,0.2,False,2027,False,citizenship-no-tm,Italy
Botond Balogh,Parma,serie-a,CB,24,70,fc26,1.0,0.75,0.7,False,2027,False,appearances,Hungary
Rachid Kouda,Parma,serie-a,CM,23,64,fc26,1.0,,0.5,False,2028,False,citizenship-no-tm,Italy
Pierluigi Gollini,Roma,serie-a,GK,31,74,fc26,1.0,0.8,1.5,False,2027,False,appearances,Italy
Filippo Reale,Roma,serie-a,CB,20,63,fc26,1.0,,0.3,False,2027,False,citizenship-no-tm,Italy
Nicholas Pierini,Sassuolo,serie-a,RW,27,71,fc26,1.0,0.75,1.2,False,2027,False,appearances,Italy
Jay Idzes,Sassuolo,serie-a,CB,26,72,fc26,1.0,0.75,1.1,False,2029,False,appearances,Indonesia
Fabrizio Caligara,Sassuolo,serie-a,CM,26,67,fc26,1.0,,0.6,False,2027,False,citizenship-no-tm,Italy
Andrea Ghion,Sassuolo,serie-a,CM,26,69,fc26,1.0,0.55,0.5,False,2029,False,appearances,Italy
Yeferson Paz,Sassuolo,serie-a,RB,24,68,fc26,1.0,0.5,0.5,False,2027,False,citizenship-window-invisible,Colombia
Filippo Missori,Sassuolo,serie-a,RB,22,63,fc26,1.0,1.5,0.3,False,2028,False,appearances,Italy
Aaron Ciammaglichella,Torino,serie-a,CM,21,62,fc26,1.0,1.0,0.2,False,2027,False,appearances,Italy
Christian Kabasele,Udinese,serie-a,CB,35,72,fc26,1.0,0.8,1.7,False,2027,False,citizenship-window-invisible,Belgium
Luca Kjerrumgaard,Udinese,serie-a,ST,23,65,fc26,1.0,,0.5,False,2030,False,citizenship-no-tm,Denmark
David Pejičić,Udinese,serie-a,AM,19,62,value-fit,1.0,1.0,0.2,False,2028,False,appearances,Slovenia
Michael Svoboda,Brighton,premier-league,CB,27,68,fc26,1.0,0.9,0.8,False,2029,False,appearances,Austria
Giorgio Altare,Venezia,serie-a,CB,27,69,fc26,1.0,0.8,0.4,False,2027,False,appearances,Italy
Nunzio Lella,Venezia,serie-a,CM,25,66,fc26,1.0,0.65,0.4,False,2028,False,appearances,Italy
Oliver Sorg,Augsburg,bundesliga,LB,18,58,fc26,0.5,,0.4,False,2027,False,citizenship-window-invisible,Austria
Mahmut Kücüksahin,Augsburg,bundesliga,CM,22,60,fc26,0.5,0.175,0.2,False,2027,False,appearances,Turkey
Felix Meiser,Augsburg,bundesliga,CB,19,60,value-fit,0.5,0.15,0.2,False,2027,False,citizenship-window-invisible,Germany
Thomas Kastanaras,Augsburg,bundesliga,ST,23,63,fc26,0.5,0.5,0.3,False,2027,False,appearances,Germany
Niklas Lomb,Bayer Leverkusen,bundesliga,GK,32,66,fc26,0.5,0.25,0.8,False,2027,False,citizenship-window-invisible,Germany
Sven Ulreich,Bayern Munich,bundesliga,GK,37,73,fc26,0.5,0.7,1.9,False,2027,False,citizenship-window-invisible,Germany
Tarek Buchmann,Bayern Munich,bundesliga,CB,21,60,fc26,0.5,0.3,0.5,False,2027,False,citizenship-window-invisible,Germany
Leon Klanac,Bayern Munich,bundesliga,GK,19,56,fc26,0.5,,0.4,False,2027,False,citizenship-window-invisible,Germany
David Santos Daiber,Bayern Munich,bundesliga,CM,19,59,fc26,0.5,1.0,0.2,False,2030,False,appearances,Portugal
Patrick Drewes,Borussia Dortmund,bundesliga,GK,33,71,fc26,0.5,0.4,0.6,False,2027,False,citizenship-window-invisible,Germany
Silas Ostrzinski,Borussia Dortmund,bundesliga,GK,22,63,fc26,0.5,0.2,0.4,False,2027,False,citizenship-window-invisible,Germany
Timothy Chandler,Eintracht Frankfurt,bundesliga,RB,36,64,fc26,0.5,0.35,0.9,False,2027,False,citizenship-window-invisible,United States
Younes Ebnoutalib,Eintracht Frankfurt,bundesliga,ST,22,62,fc26,0.5,,0.8,False,2031,False,appearances,Germany
Jens Grahl,Eintracht Frankfurt,bundesliga,GK,37,64,fc26,0.5,0.2,0.5,False,2027,False,citizenship-window-invisible,Germany
Simon Simoni,Eintracht Frankfurt,bundesliga,GK,21,62,fc26,0.5,,0.4,False,2027,False,citizenship-no-tm,Albania
Amil Siljevic,Eintracht Frankfurt,bundesliga,GK,19,58,fc26,0.5,,0.4,False,2029,False,citizenship-window-invisible,Bosnia-Herzegovina
Luca Pfeiffer,Elversberg,bundesliga,ST,29,67,fc26,0.5,,0.7,False,2028,False,citizenship-no-tm,Germany
Maximilian Rohr,Elversberg,bundesliga,CB,31,68,fc26,0.5,,0.6,False,2028,False,citizenship-no-tm,Germany
Amara Condé,Elversberg,bundesliga,CM,29,67,fc26,0.5,0.8,0.5,False,2028,False,appearances,Germany
Jason Ceka,Elversberg,bundesliga,RW,26,65,fc26,0.5,,0.5,False,2028,False,citizenship-no-tm,Germany
Jan Gyamerah,Elversberg,bundesliga,RB,31,68,fc26,0.5,,0.4,False,2027,False,citizenship-no-tm,Ghana
Luca Schnellbacher,Elversberg,bundesliga,ST,32,69,fc26,0.5,,0.4,False,2028,False,citizenship-no-tm,Germany
Nicholas Mickelson,Elversberg,bundesliga,LB,26,63,fc26,0.5,,0.3,False,2027,False,citizenship-no-tm,Thailand
Luis Seifert,Elversberg,bundesliga,CB,22,58,fc26,0.5,,0.2,False,2028,False,citizenship-no-tm,Germany
Tim Boss,Elversberg,bundesliga,GK,33,64,fc26,0.5,,0.1,False,2027,False,citizenship-no-tm,Germany
Frank Lehmann,Elversberg,bundesliga,GK,37,61,fc26,0.5,,0.1,False,2027,False,citizenship-no-tm,Germany
Jannik Huth,Freiburg,bundesliga,GK,32,69,fc26,0.5,0.4,0.6,False,2027,False,appearances,Germany
Bruno Ogbus,Freiburg,bundesliga,CB,20,59,fc26,0.5,1.0,0.3,False,2027,False,appearances,Switzerland
Keisuke Goto,Freiburg,bundesliga,ST,21,56,fc26,0.5,,0.2,False,2027,False,appearances,Japan
Rayan Philippe,Hamburg,bundesliga,RW,25,72,fc26,0.5,0.4,1.5,False,2029,False,appearances,France
Alexander Røssing-Lelesiit,Hamburg,bundesliga,LW,19,60,fc26,0.5,,0.5,False,2030,False,appearances,Norway
Fernando Dickes,Hamburg,bundesliga,GK,18,57,fc26,0.5,,0.2,False,2028,False,citizenship-window-invisible,Germany
Joel Agyekum,Hamburg,bundesliga,CB,21,58,fc26,0.5,,0.2,False,2027,False,citizenship-no-tm,Germany
Lúkas Petersson,Hoffenheim,bundesliga,GK,22,60,fc26,0.5,0.6,0.2,False,2027,False,citizenship-window-invisible,Iceland
Sean Dulic,Hoffenheim,bundesliga,CB,21,62,fc26,0.5,,0.2,False,2030,False,citizenship-no-tm,Germany
Hennes Behrens,Augsburg,bundesliga,LB,21,62,fc26,0.5,0.4,0.2,False,2027,False,appearances,Germany
Cajetan Lenz,Hoffenheim,bundesliga,CM,20,60,fc26,0.5,,0.2,False,2031,False,citizenship-no-tm,Germany
Alessandro Vogt,Hoffenheim,bundesliga,ST,21,58,fc26,0.5,,0.2,False,2031,False,citizenship-window-invisible,Switzerland
Rav van den Berg,Koln,bundesliga,CB,21,70,fc26,0.5,0.4,1.1,False,2030,False,appearances,Netherlands
Imad Rondic,Koln,bundesliga,ST,27,66,fc26,0.5,,0.6,False,2029,False,appearances,Bosnia-Herzegovina
Matthias Köbbing,Koln,bundesliga,GK,29,56,fc26,0.5,0.1,0.2,False,2027,False,citizenship-window-invisible,Germany
Malek El Mala,Koln,bundesliga,ST,21,59,fc26,0.5,,0.2,False,2030,False,citizenship-window-invisible,Germany
Elias Bakatukanda,Koln,bundesliga,CB,22,64,fc26,0.5,0.25,0.2,False,2028,False,citizenship-window-invisible,Democratic Republic of the Congo
Fayssal Harchaoui,Koln,bundesliga,CM,20,60,fc26,0.5,,0.2,False,2028,False,citizenship-window-invisible,Germany
Emin Kujovic,Koln,bundesliga,CM,21,58,fc26,0.5,,0.2,False,2028,False,citizenship-window-invisible,Bosnia-Herzegovina
Leopold Zingerle,Leipzig,bundesliga,GK,32,69,fc26,0.5,0.4,0.7,False,2028,False,appearances,Germany
Maxim Dal,Mainz,bundesliga,CB,20,58,fc26,0.5,0.15,0.2,False,2027,False,citizenship-window-invisible,Germany
Tobias Sippel,Monchengladbach,bundesliga,GK,38,66,fc26,0.5,0.3,0.5,False,2027,False,citizenship-window-invisible,Germany
Daniel Batz,Monchengladbach,bundesliga,GK,35,68,fc26,0.5,0.25,0.6,False,2029,False,citizenship-window-invisible,Germany
Sven Michel,Paderborn,bundesliga,RW,35,69,fc26,0.5,,0.8,False,2027,False,citizenship-no-tm,Germany
Sebastian Klaas,Paderborn,bundesliga,CM,28,66,fc26,0.5,,0.5,False,2027,False,citizenship-no-tm,Germany
Markus Schubert,Paderborn,bundesliga,GK,28,65,fc26,0.5,,0.3,False,2028,False,citizenship-no-tm,Germany
Kennedy Okpala,Paderborn,bundesliga,ST,21,62,fc26,0.5,,0.2,False,2027,False,citizenship-no-tm,Germany
Ruben Müller,Paderborn,bundesliga,RW,20,59,fc26,0.5,,0.2,False,2027,False,citizenship-no-tm,Germany
Stefano Marino,Paderborn,bundesliga,ST,22,60,fc26,0.5,,0.1,False,2027,False,citizenship-no-tm,Germany
Florian Pruhs,Paderborn,bundesliga,GK,20,53,fc26,0.5,,0.1,False,2027,False,citizenship-no-tm,Germany
Luka Duric,Paderborn,bundesliga,CM,23,61,fc26,0.5,0.3,0.2,False,2027,False,appearances,Bosnia-Herzegovina
Nyamekye Awortwie-Grant,Paderborn,bundesliga,CB,25,59,fc26,0.5,,0.2,False,2027,False,citizenship-no-tm,Germany
Timur Gayret,Paderborn,bundesliga,CM,27,65,fc26,0.5,,0.4,False,2029,False,citizenship-no-tm,Germany
Tristan Zobel,Paderborn,bundesliga,CB,22,60,fc26,0.5,,0.2,False,2028,False,citizenship-no-tm,Germany
Clemens Lippmann,Paderborn,bundesliga,RW,20,53,fc26,0.5,,0.3,False,2027,False,citizenship-no-tm,Germany
Loris Karius,Schalke 04,bundesliga,GK,33,70,fc26,0.5,,1.1,False,2028,False,citizenship-no-tm,Germany
Tomas Kalas,Schalke 04,bundesliga,CB,33,68,fc26,0.5,,0.9,False,2027,False,citizenship-no-tm,Czech Republic
Janik Bachmann,Schalke 04,bundesliga,CM,30,66,fc26,0.5,,0.8,False,2027,False,citizenship-no-tm,Germany
Christian Gomis,Schalke 04,bundesliga,ST,25,63,fc26,0.5,,0.7,False,2029,False,citizenship-window-invisible,Senegal
Bryan Lasme,Schalke 04,bundesliga,ST,27,66,fc26,0.5,,0.6,False,2027,False,citizenship-no-tm,France
Anton Donkor,Schalke 04,bundesliga,LB,28,66,fc26,0.5,,0.5,False,2027,False,citizenship-no-tm,Germany
Emil Højlund,Schalke 04,bundesliga,ST,21,61,fc26,0.5,,0.4,False,2028,False,citizenship-no-tm,Denmark
Mertcan Ayhan,Schalke 04,bundesliga,CB,19,60,fc26,0.5,,0.2,False,2028,False,citizenship-no-tm,Turkey
Vitalie Becker,Schalke 04,bundesliga,LB,21,61,fc26,0.5,,0.1,False,2027,False,citizenship-no-tm,Germany
Mauro Zalazar,Schalke 04,bundesliga,CM,21,60,fc26,0.5,,0.2,False,2028,False,citizenship-no-tm,Uruguay
Jeremy Arévalo,Stuttgart,bundesliga,ST,21,62,fc26,0.5,,0.8,False,2031,False,appearances,Ecuador
Stefan Drljaca,Stuttgart,bundesliga,GK,27,66,fc26,0.5,0.3,0.4,False,2027,False,citizenship-window-invisible,Germany
Mirza Catovic,Stuttgart,bundesliga,CM,19,60,fc26,0.5,,0.2,False,2028,False,citizenship-window-invisible,Germany
Christopher Trimmel,Union Berlin,bundesliga,RB,39,75,fc26,0.5,0.6,1.9,False,2027,False,citizenship-window-invisible,Austria
Carl Klaus,Union Berlin,bundesliga,GK,32,67,fc26,0.5,0.35,0.3,False,2027,False,appearances,Germany
Dmytro Bogdanov,Union Berlin,bundesliga,ST,19,58,fc26,0.5,,0.1,False,2029,False,appearances,Ukraine
Oluwaseun Ogbemudia,Union Berlin,bundesliga,CB,19,59,fc26,0.5,0.25,0.2,False,2029,False,citizenship-window-invisible,Germany
Markus Kolke,Werder Bremen,bundesliga,GK,35,67,fc26,0.5,0.3,0.4,False,2027,False,citizenship-window-invisible,Germany
Salim Musah,Werder Bremen,bundesliga,ST,20,61,fc26,0.5,,0.2,False,2027,False,appearances,Germany
Mick Schmetgens,Werder Bremen,bundesliga,CB,18,56,fc26,0.5,0.15,0.2,False,2029,False,appearances,Germany
Dariusz Stalmach,Werder Bremen,bundesliga,CM,20,61,fc26,0.5,,0.2,False,2027,False,citizenship-no-tm,Poland
Nigel Thomas,ADO Den Haag,eredivisie,LW,25,66,value-fit,0.5,0.3,0.2,False,2027,False,appearances,Curacao
Mylian Jiménez,ADO Den Haag,eredivisie,CM,23,64,value-fit,0.5,0.35,0.2,False,2028,False,appearances,Netherlands
Daryl van Mieghem,ADO Den Haag,eredivisie,RW,36,71,position-median,0.5,,0.5,False,2027,False,citizenship-no-tm,Netherlands
Cameron Peupion,ADO Den Haag,eredivisie,LW,23,64,value-fit,0.5,0.35,0.2,False,2027,False,appearances,Australia
Jeroen Zoet,AZ Alkmaar,eredivisie,GK,35,69,fc26,0.5,0.4,0.9,False,2027,False,citizenship-window-invisible,Netherlands
Lewis Schouten,AZ Alkmaar,eredivisie,CB,22,62,fc26,0.5,0.6,0.5,False,2028,False,appearances,Netherlands
Billy van Duijl,AZ Alkmaar,eredivisie,CB,20,62,fc26,0.5,0.1,0.3,False,2031,False,appearances,Netherlands
Kasper Boogaard,AZ Alkmaar,eredivisie,CM,20,62,value-fit,0.5,0.6,0.2,False,2029,False,appearances,Netherlands
Wassim Bouziane,AZ Alkmaar,eredivisie,LW,19,57,fc26,0.5,,0.2,False,2030,False,appearances,Netherlands
Hobie Verhulst,AZ Alkmaar,eredivisie,GK,33,65,fc26,0.5,0.4,0.1,False,2028,False,citizenship-window-invisible,Netherlands
Amourricho van Axel Dongen,Ajax,eredivisie,LW,21,65,fc26,0.5,0.4,0.8,False,2027,False,appearances,Netherlands
Paul Reverson,Ajax,eredivisie,GK,21,63,value-fit,0.5,0.35,0.1,False,2027,False,citizenship-window-invisible,Ghana
Jorn Berkhout,Cambuur Leeuwarden,eredivisie,CB,24,65,value-fit,0.5,0.25,0.2,False,2028,False,appearances,Netherlands
Jasper Meijster,Cambuur Leeuwarden,eredivisie,GK,21,61,value-fit,0.5,0.025,0.1,False,2027,False,citizenship-window-invisible,Netherlands
Adam Carlén,Excelsior,eredivisie,CM,26,65,fc26,0.5,,0.3,False,2027,False,appearances,Sweden
Noah Naujoks,Excelsior,eredivisie,AM,24,65,fc26,0.5,0.45,0.1,False,2027,False,appearances,Netherlands
Gyan de Regt,Excelsior,eredivisie,LW,22,65,fc26,0.5,0.4,0.1,False,2027,False,appearances,Netherlands
Simon Janssen,Excelsior,eredivisie,LB,25,66,value-fit,0.5,0.45,0.1,False,2027,False,appearances,Netherlands
Lennard Hartjes,Excelsior,eredivisie,CM,23,64,fc26,0.5,0.5,0.1,False,2027,False,appearances,Netherlands
Nesto Groen,Excelsior,eredivisie,ST,21,59,fc26,0.5,,0.1,False,2027,False,appearances,Netherlands
Nolan Martens,Excelsior,eredivisie,RB,21,60,fc26,0.5,,0.1,False,2027,False,appearances,Belgium
Liam Bossin,Feyenoord,eredivisie,GK,29,65,fc26,0.5,0.4,0.3,False,2027,False,citizenship-window-invisible,Ireland
Thijs Kraaijeveld,Feyenoord,eredivisie,CM,19,59,fc26,0.5,0.8,0.3,False,2028,False,appearances,Netherlands
Mannou Berger,Feyenoord,eredivisie,GK,21,59,fc26,0.5,,0.2,False,2027,False,citizenship-window-invisible,Netherlands
Tobias van den Elshout,Feyenoord,eredivisie,AM,19,60,fc26,0.5,,0.1,False,2029,False,appearances,Netherlands
Mohamed Ihattaren,Fortuna Sittard,eredivisie,AM,24,71,fc26,0.5,0.3,0.6,False,2027,False,appearances,Morocco
Iván Márquez,Fortuna Sittard,eredivisie,CB,32,69,fc26,0.5,0.55,0.6,False,2028,False,appearances,Spain
Ivo Pinto,Fortuna Sittard,eredivisie,RB,36,69,fc26,0.5,0.25,0.3,False,2027,False,citizenship-window-invisible,Portugal
Kristoffer Peterson,Fortuna Sittard,eredivisie,LW,31,69,fc26,0.5,0.6,0.3,False,2028,False,appearances,Sweden
Luuk Koopmans,Fortuna Sittard,eredivisie,GK,32,65,fc26,0.5,0.15,0.3,False,2027,False,citizenship-window-invisible,Netherlands
Justin Hubner,Fortuna Sittard,eredivisie,CB,22,64,fc26,0.5,0.35,0.1,False,2028,False,appearances,Indonesia
Ramazan Bayram,Fortuna Sittard,eredivisie,GK,21,61,value-fit,0.5,0.025,0.1,False,2027,False,citizenship-window-invisible,Belgium
Gerrit Nauber,Go Ahead Eagles,eredivisie,CB,34,70,fc26,0.5,0.35,0.2,False,2027,False,citizenship-window-invisible,Germany
Søren Tengstedt,Go Ahead Eagles,eredivisie,AM,26,65,fc26,0.5,0.7,0.2,False,2027,False,appearances,Denmark
Julius Dirksen,Go Ahead Eagles,eredivisie,CB,23,62,fc26,0.5,0.35,0.2,False,2029,False,appearances,Netherlands
Thibo Baeten,Go Ahead Eagles,eredivisie,ST,24,64,fc26,0.5,0.35,0.2,False,2029,False,appearances,Belgium
Oskar Sivertsen,Go Ahead Eagles,eredivisie,LW,22,63,fc26,0.5,0.7,0.2,False,2028,False,appearances,Norway
Giovanni van Zwam,Go Ahead Eagles,eredivisie,CB,22,63,value-fit,0.5,0.1,0.1,False,2027,False,appearances,Netherlands
Nando Verdoni,Go Ahead Eagles,eredivisie,GK,22,58,fc26,0.5,0.025,0.1,False,2029,False,citizenship-window-invisible,Netherlands
Pim Saathof,Go Ahead Eagles,eredivisie,CB,22,57,fc26,0.5,0.075,0.1,False,2027,False,appearances,Netherlands
Robbin Weijenberg,Go Ahead Eagles,eredivisie,CM,21,61,fc26,0.5,0.25,0.1,False,2027,False,appearances,Netherlands
Ofosu Boakye,Go Ahead Eagles,eredivisie,ST,18,57,fc26,0.5,0.075,0.1,False,2029,False,appearances,Ghana
Yassir Salah Rahmouni,Go Ahead Eagles,eredivisie,CM,20,57,fc26,0.5,,0.1,False,2029,False,appearances,Netherlands
Nick Marsman,Go Ahead Eagles,eredivisie,GK,35,72,value-fit,0.5,0.3,0.6,False,2027,False,citizenship-window-invisible,Netherlands
Oskar Zawada,Groningen,eredivisie,ST,30,68,fc26,0.5,0.65,0.4,False,2028,False,appearances,Poland
Lovro Stubljar,Groningen,eredivisie,GK,21,62,fc26,0.5,0.3,0.1,False,2029,False,citizenship-window-invisible,Slovenia
Elvis van der Laan,Groningen,eredivisie,CB,18,57,fc26,0.5,,0.1,False,2028,False,citizenship-window-invisible,Sweden
Sven Bouland,Groningen,eredivisie,CB,20,61,fc26,0.5,0.15,0.1,False,2027,False,appearances,Netherlands
Travis Hernes,Groningen,eredivisie,CM,20,61,value-fit,0.5,0.25,0.1,False,2030,False,appearances,Norway
Rijk Janse,Groningen,eredivisie,GK,24,59,fc26,0.5,0.025,0.1,False,2028,False,appearances,Netherlands
Pelle Clement,Groningen,eredivisie,CM,30,67,fc26,0.5,0.65,0.2,False,2028,False,appearances,Netherlands
Noam Emeran,Groningen,eredivisie,LW,23,61,fc26,0.5,0.2,0.1,False,2027,False,appearances,Rwanda
Joris van Overeem,Utrecht,eredivisie,CM,32,70,fc26,0.5,0.3,0.5,False,2027,False,appearances,Netherlands
Maxence Rivera,Heerenveen,eredivisie,LW,24,67,fc26,0.5,0.35,0.5,False,2028,False,appearances,France
Jacob Trenskow,Heerenveen,eredivisie,RW,25,69,fc26,0.5,0.25,0.4,False,2028,False,appearances,Denmark
Andries Noppert,Heerenveen,eredivisie,GK,32,68,fc26,0.5,0.5,0.4,False,2027,False,appearances,Netherlands
Maas Willemsen,Heerenveen,eredivisie,CB,23,62,fc26,0.5,,0.1,False,2029,False,appearances,Netherlands
Mats Egbring,Heerenveen,eredivisie,RB,19,60,value-fit,0.5,0.075,0.1,False,2028,False,appearances,Netherlands
Isaiah Ahmed,Heerenveen,eredivisie,CM,20,58,fc26,0.5,0.125,0.1,False,2027,False,appearances,Curacao
Eser Gürbüz,Heerenveen,eredivisie,RW,19,60,fc26,0.5,0.6,0.1,False,2029,False,appearances,Netherlands
Jermaine Rijssel,Heerenveen,eredivisie,RW,21,58,fc26,0.5,,0.1,False,2027,False,appearances,Suriname
Bram Nuytinck,NEC Nijmegen,eredivisie,CB,36,69,fc26,0.5,0.25,1.0,False,2027,False,citizenship-window-invisible,Netherlands
Tjaronn Chery,NEC Nijmegen,eredivisie,AM,38,74,fc26,0.5,0.4,0.6,False,2028,False,citizenship-window-invisible,Suriname
Isak Hansen-Aarøen,NEC Nijmegen,eredivisie,AM,21,62,fc26,0.5,0.8,0.4,False,2027,False,appearances,Norway
Sam de Laat,NEC Nijmegen,eredivisie,CM,20,59,fc26,0.5,,0.1,False,2027,False,appearances,Netherlands
Yousri Sbai,NEC Nijmegen,eredivisie,RB,21,60,fc26,0.5,0.1,0.1,False,2028,False,appearances,Netherlands
Ryan Thomas,PEC Zwolle,eredivisie,CM,31,66,fc26,0.5,0.9,0.5,False,2028,False,appearances,New Zealand
Odysseus Velanas,PEC Zwolle,eredivisie,AM,28,66,fc26,0.5,0.5,0.1,False,2027,False,appearances,Netherlands
Damian van der Haar,PEC Zwolle,eredivisie,CB,22,65,fc26,0.5,0.2,0.1,False,2028,False,appearances,Netherlands
Nick Fichtinger,PEC Zwolle,eredivisie,CM,22,65,fc26,0.5,0.35,0.1,False,2028,False,appearances,Netherlands
Duke Verduin,PEC Zwolle,eredivisie,GK,22,57,fc26,0.5,0.025,0.1,False,2028,False,appearances,Netherlands
Givaro Rahajaän,PEC Zwolle,eredivisie,CM,18,59,fc26,0.5,,0.1,False,2029,False,citizenship-window-invisible,Netherlands
Gabriël Reiziger,PEC Zwolle,eredivisie,AM,20,60,fc26,0.5,0.175,0.1,False,2028,False,appearances,Netherlands
Elias Sørensen,PEC Zwolle,eredivisie,LW,26,66,fc26,0.5,0.25,0.2,False,2029,False,appearances,Denmark
Nick Viergever,PEC Zwolle,eredivisie,CB,36,73,fc26,0.5,0.35,0.7,False,2027,False,citizenship-window-invisible,Netherlands
Tom de Graaff,PEC Zwolle,eredivisie,GK,21,61,fc26,0.5,0.6,0.1,False,2030,False,appearances,Netherlands
Tijn Smolenaars,PSV,eredivisie,GK,21,62,value-fit,0.5,0.1,0.1,False,2028,False,citizenship-window-invisible,Netherlands
Bruno Martins Indi,Sparta Rotterdam,eredivisie,CB,34,68,fc26,0.5,1.0,0.6,False,2027,False,citizenship-window-invisible,Netherlands
Teo Quintero,Sparta Rotterdam,eredivisie,CB,27,65,fc26,0.5,0.8,0.3,False,2027,False,appearances,Venezuela
Nökkvi Thórisson,Sparta Rotterdam,eredivisie,ST,26,65,fc26,0.5,,0.3,False,2028,False,appearances,Iceland
Jens Toornstra,Sparta Rotterdam,eredivisie,AM,37,69,fc26,0.5,0.3,0.3,False,2027,False,citizenship-window-invisible,Netherlands
Alwande Roaldsøy,Sparta Rotterdam,eredivisie,CM,22,62,fc26,0.5,,0.2,False,2030,False,appearances,Norway
Filip Bednarek,Sparta Rotterdam,eredivisie,GK,33,65,fc26,0.5,0.7,0.2,False,2027,False,citizenship-window-invisible,Poland
Joel Ideho,Sparta Rotterdam,eredivisie,LW,22,64,fc26,0.5,0.4,0.1,False,2028,False,appearances,Netherlands
Pascal Kuiper,Sparta Rotterdam,eredivisie,GK,22,59,fc26,0.5,0.075,0.1,False,2027,False,citizenship-window-invisible,Netherlands
Max de Ligt,Sparta Rotterdam,eredivisie,CB,21,57,fc26,0.5,0.075,0.1,False,2027,False,appearances,Netherlands
Boyd Reith,Sparta Rotterdam,eredivisie,RB,27,68,value-fit,0.5,0.35,0.3,False,2027,False,appearances,Netherlands
Youri Schoonderwaldt,Sparta Rotterdam,eredivisie,GK,26,67,value-fit,0.5,0.3,0.3,False,2027,False,appearances,Netherlands
Jeff Hardeveld,Telstar,eredivisie,LW,31,67,fc26,0.5,0.3,0.1,False,2028,False,appearances,Netherlands
Ronald Koeman Jr,Telstar,eredivisie,GK,31,68,salary-fit,0.5,,0.1,False,2028,False,appearances,Netherlands
Nils Rossen,Telstar,eredivisie,CM,21,63,fc26,0.5,0.075,0.1,False,2027,False,appearances,Netherlands
Daan Reiziger,Telstar,eredivisie,GK,25,63,fc26,0.5,0.15,0.1,False,2027,False,appearances,Netherlands
Patrick Brouwer,Telstar,eredivisie,AM,25,61,fc26,0.5,0.1,0.1,False,2028,False,appearances,Netherlands
Issam El Maach,Twente,eredivisie,GK,26,63,fc26,0.5,0.15,0.1,False,2027,False,appearances,Morocco
Yannick Gerritsen,Twente,eredivisie,GK,20,61,value-fit,0.5,0.05,0.1,False,2028,False,citizenship-window-invisible,Netherlands
Lucas Vennegoor of Hesselink,Twente,eredivisie,ST,20,61,fc26,0.5,0.3,0.1,False,2028,False,appearances,Netherlands
Remko Pasveer,Twente,eredivisie,GK,42,75,fc26,0.5,0.15,0.9,False,2027,False,citizenship-window-invisible,Netherlands
Juliën Mesbahi,Twente,eredivisie,CB,20,61,value-fit,0.5,0.2,0.1,False,2027,False,appearances,Morocco
Ángel Alarcón,Utrecht,eredivisie,LW,22,63,value-fit,0.5,0.3,0.4,False,2029,False,appearances,Spain
Michael Brouwer,Utrecht,eredivisie,GK,33,68,fc26,0.5,0.3,0.3,False,2028,False,citizenship-window-invisible,Netherlands
Rafik El Arguioui,Utrecht,eredivisie,AM,20,60,fc26,0.5,0.35,0.3,False,2029,False,appearances,Morocco
Emirhan Demircan,Utrecht,eredivisie,LW,21,62,fc26,0.5,,0.2,False,2028,False,appearances,Turkey
Kevin Gadellaa,Utrecht,eredivisie,GK,23,60,fc26,0.5,0.25,0.1,False,2027,False,citizenship-window-invisible,Netherlands
Guus Offerhaus,Utrecht,eredivisie,CB,25,64,fc26,0.5,,0.2,False,2029,False,appearances,Netherlands
Jens Mathijsen,Willem II,eredivisie,CB,18,59,value-fit,0.5,0.3,0.1,False,2027,False,appearances,Netherlands
Amine Et-Taïbi,Willem II,eredivisie,RB,23,65,value-fit,0.5,0.4,0.2,False,2028,False,appearances,Morocco
Wouter van der Steen,Willem II,eredivisie,GK,36,69,position-median,0.5,,0.3,False,2027,False,citizenship-no-tm,Netherlands
Finn Stam,Willem II,eredivisie,CB,23,65,value-fit,0.5,0.45,0.2,False,2029,False,appearances,Netherlands
Nathan Tjoe-A-On,Willem II,eredivisie,LB,24,65,value-fit,0.5,0.35,0.2,False,2027,False,appearances,Indonesia
Thomas Verheydt,Willem II,eredivisie,ST,34,71,position-median,0.5,,0.5,False,2027,False,citizenship-no-tm,Netherlands
Adrián Rodríguez,Alaves,la-liga,GK,25,64,fc26,0.5,0.2,0.2,False,2027,False,appearances,Argentina
Tomás Mendes,Alaves,la-liga,CM,21,60,fc26,0.5,0.2,0.1,False,2027,False,appearances,Guinea-Bissau
Hugo Rincón,Athletic Club,la-liga,RB,23,73,fc26,0.5,0.25,0.5,False,2028,False,appearances,Spain
Álex Padilla,Athletic Club,la-liga,GK,22,68,fc26,0.5,0.2,0.5,False,2029,False,appearances,Mexico
Unai Egiluz,Athletic Club,la-liga,CB,24,70,fc26,0.5,0.1,0.3,False,2028,False,appearances,Spain
Pablo Durán,Celta Vigo,la-liga,ST,25,74,fc26,0.5,0.25,1.0,False,2028,False,appearances,Spain
Javi Rueda,Celta Vigo,la-liga,RB,24,66,fc26,0.5,0.25,0.8,False,2029,False,appearances,Spain
Yoel Lago,Celta Vigo,la-liga,CB,22,72,fc26,0.5,0.2,0.3,False,2029,False,appearances,Spain
Mohamed Bouldini,Deportivo,la-liga,ST,30,66,fc26,0.5,,0.6,False,2028,False,citizenship-no-tm,Morocco
Álex Petxa,Deportivo,la-liga,RB,29,66,fc26,0.5,,0.6,False,2028,False,citizenship-no-tm,Spain
José Ángel Jurado,Deportivo,la-liga,CM,34,70,salary-fit,0.5,,0.3,False,2027,False,citizenship-no-tm,Spain
Germán Parreño,Deportivo,la-liga,GK,33,64,fc26,0.5,,0.3,False,2028,False,citizenship-no-tm,Spain
Ximo Navarro,Deportivo,la-liga,RB,36,71,fc26,0.5,,0.3,False,2027,False,citizenship-no-tm,Spain
Eric Puerto,Deportivo,la-liga,GK,23,63,fc26,0.5,,0.1,False,2027,False,citizenship-no-tm,Spain
Rubén López,Deportivo,la-liga,LW,21,62,fc26,0.5,,0.2,False,2028,False,citizenship-no-tm,Spain
Teun Gijselhart,Deportivo,la-liga,CM,21,63,value-fit,0.5,0.4,0.2,False,2030,False,appearances,Netherlands
Bambo Diaby,Elche,la-liga,CB,28,68,fc26,0.5,0.3,0.8,False,2027,False,appearances,Spain
Matías Dituro,Elche,la-liga,GK,39,75,fc26,0.5,0.3,0.6,False,2027,False,citizenship-window-invisible,Argentina
Yago Santiago,Elche,la-liga,LW,23,68,fc26,0.5,0.2,0.3,False,2027,False,appearances,Spain
Adam Boayar,Elche,la-liga,ST,20,61,fc26,0.5,,0.2,False,2027,False,appearances,Morocco
Matia Barzic,Elche,la-liga,CB,22,62,fc26,0.5,,0.2,False,2028,False,citizenship-no-tm,Croatia
Ángel Fortuño,Espanyol,la-liga,GK,24,65,value-fit,0.5,0.3,0.6,False,2030,False,appearances,Spain
Pablo Ramón,Espanyol,la-liga,CB,25,65,fc26,0.5,0.4,0.2,False,2028,False,citizenship-window-invisible,Spain
Pol Tristán,Espanyol,la-liga,GK,24,64,fc26,0.5,0.1,0.2,False,2027,False,citizenship-window-invisible,Spain
Mario Martín,Getafe,la-liga,CM,22,68,fc26,0.5,0.3,0.5,False,2030,False,appearances,Spain
Ismael Bekhoucha,Getafe,la-liga,RB,21,61,fc26,0.5,0.3,0.4,False,2028,False,appearances,Morocco
Karl Etta Eyong,Levante,la-liga,ST,22,66,fc26,0.5,0.3,1.0,False,2029,False,appearances,Cameroon
Víctor García,Levante,la-liga,RB,28,73,fc26,0.5,0.4,0.8,False,2027,False,appearances,Spain
Carlos Álvarez,Levante,la-liga,AM,22,75,fc26,0.5,0.4,0.5,False,2027,False,appearances,Spain
Juanpe,Malaga,la-liga,CM,30,65,fc26,0.5,,0.6,False,2028,False,citizenship-no-tm,Spain
Diego Murillo,Malaga,la-liga,CB,25,63,fc26,0.5,,0.3,False,2029,False,citizenship-no-tm,Spain
Einar Galilea,Malaga,la-liga,CB,32,66,fc26,0.5,,0.3,False,2027,False,citizenship-no-tm,Spain
Ramón Enríquez,Malaga,la-liga,CM,25,64,fc26,0.5,,0.3,False,2027,False,citizenship-no-tm,Spain
Carlos López,Malaga,la-liga,GK,21,61,fc26,0.5,,0.1,False,2029,False,citizenship-no-tm,Spain
Asier Osambela,Osasuna,la-liga,CM,21,61,fc26,0.5,1.0,0.4,False,2029,False,appearances,Spain
Iñigo Arguibide,Osasuna,la-liga,RB,21,59,fc26,0.5,0.5,0.2,False,2027,False,appearances,Spain
Jorge Salinas,Racing Santander,la-liga,LB,19,57,fc26,0.5,,0.2,False,2029,False,citizenship-no-tm,Spain
Etienne Eto'o,Rayo Vallecano,la-liga,ST,23,62,fc26,0.5,0.3,0.2,False,2027,False,appearances,Cameroon
Guilherme Fernandes,Real Betis,la-liga,GK,25,65,value-fit,0.5,0.15,0.3,False,2027,False,citizenship-window-invisible,Portugal
Carlos Fernández,Real Sociedad,la-liga,ST,30,68,fc26,0.5,,1.0,False,2027,False,citizenship-no-tm,Spain
Iñaki Rupérez,Real Sociedad,la-liga,RB,23,64,fc26,0.5,0.3,0.2,False,2029,False,appearances,Spain
Alfon González,Sevilla,la-liga,LW,27,76,fc26,0.5,0.25,0.8,False,2028,False,appearances,Spain
Oso,Sevilla,la-liga,LB,22,63,value-fit,0.5,0.2,0.3,False,2027,False,appearances,Spain
Andrés Castrín,Sevilla,la-liga,CB,23,60,fc26,0.5,,0.2,False,2027,False,appearances,Spain
Cristian Rivero,Valencia,la-liga,GK,28,65,fc26,0.5,0.2,0.6,False,2027,False,appearances,Spain
Dani Requena,Villarreal,la-liga,CM,22,64,fc26,0.5,0.4,0.1,False,2027,False,appearances,Spain
Yassin Belkhdim,Angers,ligue-1,CM,24,70,fc26,0.5,0.1,0.6,False,2028,False,appearances,Morocco
Melvin Zinga,Angers,ligue-1,GK,24,65,fc26,0.5,0.3,0.3,False,2027,False,appearances,France
Lanroy Machine,Angers,ligue-1,ST,20,61,fc26,0.5,0.7,0.2,False,2028,False,appearances,France
Oumar Pona,Angers,ligue-1,GK,20,57,fc26,0.5,,0.2,False,2027,False,appearances,Mali
Kévin Danois,Auxerre,ligue-1,CM,22,74,fc26,0.5,0.1,1.0,False,2029,False,appearances,France
Eros Maddy,Auxerre,ligue-1,RW,25,63,fc26,0.5,0.25,0.3,False,2027,False,appearances,Netherlands
Telli Siwe,Auxerre,ligue-1,CB,21,57,fc26,0.5,1.0,0.2,False,2029,False,appearances,France
Aristide Zossou,Auxerre,ligue-1,LW,21,61,fc26,0.5,,0.1,False,2029,False,appearances,Cote d'Ivoire
Luck Zogbé,Brest,ligue-1,RB,21,68,fc26,0.5,0.1,0.6,False,2029,False,appearances,Cote d'Ivoire
Pathé Mboup,Brest,ligue-1,LW,22,69,fc26,0.5,0.4,0.6,False,2030,False,appearances,Senegal
Grégoire Coudert,Brest,ligue-1,GK,27,66,fc26,0.5,0.4,0.4,False,2027,False,appearances,France
Noah Jauny,Brest,ligue-1,GK,21,58,fc26,0.5,,0.2,False,2027,False,citizenship-window-invisible,Ireland
Axel Camblan,Brest,ligue-1,RW,22,63,fc26,0.5,0.5,0.1,False,2027,False,appearances,France
Lionel Mpasi-Nzau,Le Havre,ligue-1,GK,31,67,fc26,0.5,0.7,0.6,False,2027,False,appearances,Democratic Republic of the Congo
Simon Ebonog,Le Havre,ligue-1,CM,21,64,fc26,0.5,0.1,0.6,False,2029,False,appearances,France
Daren Mosengo,Le Havre,ligue-1,CM,19,60,fc26,0.5,,0.2,False,2027,False,appearances,France
Paul Argney,Le Havre,ligue-1,GK,20,60,fc26,0.5,0.15,0.1,False,2027,False,appearances,France
Guy-Noël Zohouri,Le Havre,ligue-1,CM,19,59,fc26,0.5,,0.1,False,2027,False,citizenship-window-invisible,Cote d'Ivoire
Ismaïl Bouneb,Le Havre,ligue-1,AM,20,61,value-fit,0.5,0.1,0.2,False,2028,False,citizenship-window-invisible,France
Elysée Logbo,Le Havre,ligue-1,ST,22,65,fc26,0.5,0.3,0.3,False,2027,False,appearances,France
Antoine Rabillard,Le Mans,ligue-1,ST,30,65,fc26,0.5,,0.2,False,2027,False,citizenship-no-tm,France
Samuel Yohou,Le Mans,ligue-1,CB,34,65,fc26,0.5,,0.2,False,2028,False,citizenship-no-tm,France
Milan Robin,Le Mans,ligue-1,CM,26,65,fc26,0.5,,0.2,False,2027,False,citizenship-no-tm,France
Harold Voyer,Le Mans,ligue-1,CB,29,67,fc26,0.5,,0.2,False,2028,False,citizenship-no-tm,Martinique
Erwan Colas,Le Mans,ligue-1,LW,29,62,fc26,0.5,,0.2,False,2029,False,citizenship-no-tm,France
Nicolas Kocik,Le Mans,ligue-1,GK,27,65,fc26,0.5,,0.2,False,2027,False,citizenship-no-tm,France
Dame Gueye,Le Mans,ligue-1,ST,30,66,fc26,0.5,,0.2,False,2027,False,citizenship-no-tm,Senegal
Alexandre Lauray,Le Mans,ligue-1,CM,29,63,fc26,0.5,,0.2,False,2027,False,citizenship-no-tm,France
William Harhouz,Le Mans,ligue-1,ST,26,57,fc26,0.5,,0.2,False,2028,False,citizenship-no-tm,France
Jean Vercruysse,Le Mans,ligue-1,CM,26,63,fc26,0.5,,0.1,False,2027,False,citizenship-no-tm,France
Edwin Quarshie,Le Mans,ligue-1,CM,30,66,fc26,0.5,,0.1,False,2027,False,citizenship-no-tm,France
Théo Eyoum,Le Mans,ligue-1,CB,24,64,fc26,0.5,,0.1,False,2028,False,citizenship-no-tm,France
Ewan Hatfout,Le Mans,ligue-1,GK,26,60,fc26,0.5,,0.1,False,2029,False,citizenship-no-tm,France
Lucas Calodat,Le Mans,ligue-1,LB,24,63,fc26,0.5,,0.1,False,2028,False,citizenship-no-tm,France
Martin Rossignol,Le Mans,ligue-1,CM,22,62,fc26,0.5,,0.1,False,2027,False,citizenship-no-tm,France
Lucas Bretelle,Le Mans,ligue-1,CM,24,58,fc26,0.5,,0.1,False,2029,False,appearances,France
Augustin Delbecque,Le Mans,ligue-1,GK,24,57,fc26,0.5,,0.1,False,2027,False,citizenship-no-tm,France
Noa Boissé,Le Mans,ligue-1,CB,20,58,fc26,0.5,,0.1,False,2029,False,citizenship-no-tm,France
Kyllian Antonio,Lens,ligue-1,CB,18,64,fc26,0.5,0.25,0.1,False,2028,False,citizenship-window-invisible,France
Souleymane Sagnan,Lens,ligue-1,CB,21,63,value-fit,0.5,0.4,0.2,False,2028,False,citizenship-window-invisible,Mali
Lisandru Olmeta,Lille,ligue-1,GK,20,60,fc26,0.5,0.2,0.3,False,2028,False,citizenship-window-invisible,France
Ousmane Touré,Lille,ligue-1,CB,21,64,fc26,0.5,0.05,0.3,False,2028,False,appearances,France
Vincent Burlet,Lille,ligue-1,LW,20,62,value-fit,0.5,0.6,0.2,False,2027,False,appearances,Belgium
Soriba Diaoune,Lille,ligue-1,LW,18,59,value-fit,0.5,0.3,0.2,False,2028,False,appearances,France
Isaac Cossier,Lille,ligue-1,CB,19,60,value-fit,0.5,0.2,0.2,False,2027,False,citizenship-window-invisible,France
Benjamin Leroy,Lorient,ligue-1,GK,37,68,fc26,0.5,0.5,0.6,False,2027,False,citizenship-window-invisible,France
Bandiougou Fadiga,Lorient,ligue-1,AM,25,63,fc26,0.5,0.4,0.4,False,2028,False,appearances,France
Jérémy Hatchi,Lorient,ligue-1,LW,21,61,fc26,0.5,,0.2,False,2028,False,citizenship-no-tm,Guadeloupe
Alejandro Gomes Rodríguez,Lyon,ligue-1,ST,18,62,fc26,0.5,0.15,0.4,False,2028,True,citizenship-window-invisible,England
Justin Bengui,Lyon,ligue-1,GK,20,61,value-fit,0.5,0.3,0.2,False,2028,False,citizenship-window-invisible,France
Tochukwu Nnadi,Marseille,ligue-1,CM,23,58,fc26,0.5,,0.6,False,2030,False,appearances,Nigeria
Jelle Van Neck,Marseille,ligue-1,GK,22,62,value-fit,0.5,0.05,0.3,False,2027,False,citizenship-window-invisible,Belgium
Yann Lienard,Monaco,ligue-1,GK,23,65,fc26,0.5,0.1,0.2,False,2027,False,citizenship-window-invisible,France
Mathys Detourbet,Manchester City,premier-league,LW,19,58,fc26,25.0,,0.1,False,2027,False,citizenship-no-tm,France
Kevin Carlos,Nice,ligue-1,ST,25,72,fc26,0.5,0.4,1.4,False,2030,False,appearances,Spain
Djibril Coulibaly,Nice,ligue-1,CM,17,59,value-fit,0.5,0.5,0.2,False,2028,False,citizenship-window-invisible,France
Victor Orakpo,Nice,ligue-1,ST,20,60,fc26,0.5,,0.1,False,2028,False,appearances,Nigeria
Hamza Koutoune,Nice,ligue-1,RB,19,60,fc26,0.5,,0.2,False,2028,False,appearances,Morocco
Everton,Nice,ligue-1,CM,19,60,value-fit,0.5,0.2,0.2,False,2029,False,appearances,France
Teddy Boulhendi,Nice,ligue-1,GK,25,66,value-fit,0.5,0.2,0.4,False,2027,False,citizenship-window-invisible,Algeria
Issiaga Camara,Nice,ligue-1,CM,21,64,fc26,0.5,0.25,0.3,False,2027,False,appearances,Guinea
Rudy Matondo,Paris FC,ligue-1,CM,18,59,fc26,0.5,,0.8,False,2028,False,citizenship-window-invisible,France
Omar Sissoko,Paris FC,ligue-1,ST,19,60,fc26,0.5,,0.2,False,2027,False,citizenship-no-tm,France
Joaquín Panichelli,Strasbourg,ligue-1,ST,23,74,fc26,0.5,0.3,1.6,False,2030,False,appearances,Argentina
Lucas Høgsberg,Strasbourg,ligue-1,CB,20,69,fc26,0.5,0.2,1.1,False,2030,False,appearances,Denmark
Pape Demba Diop,Strasbourg,ligue-1,CM,22,69,fc26,0.5,0.3,0.6,False,2030,False,appearances,Senegal
Yoni Gomis,Strasbourg,ligue-1,CB,20,62,value-fit,0.5,0.35,0.2,False,2029,False,citizenship-window-invisible,France
Ylies Aradj,Toulouse,ligue-1,LB,21,62,fc26,0.5,0.3,0.1,False,2027,False,citizenship-window-invisible,France
Mathis Saka,Toulouse,ligue-1,AM,19,60,fc26,0.5,0.15,0.2,False,2029,False,appearances,France
Junior Diaz,Troyes,ligue-1,CB,22,69,fc26,0.5,0.4,0.6,False,2029,False,appearances,Cote d'Ivoire
Adrien Monfray,Troyes,ligue-1,CB,35,69,fc26,0.5,,0.6,False,2027,False,citizenship-no-tm,France
Alexandre Phliponeau,Troyes,ligue-1,CM,26,64,fc26,0.5,,0.3,False,2028,False,citizenship-no-tm,France
Lucas Maronnier,Troyes,ligue-1,RB,26,65,fc26,0.5,,0.3,False,2027,False,citizenship-no-tm,France
Paolo Gozzi,Troyes,ligue-1,CB,25,64,fc26,0.5,,0.3,False,2027,False,citizenship-no-tm,Italy
Mouhamed Diop,Troyes,ligue-1,CM,25,64,fc26,0.5,,0.3,False,2028,False,citizenship-no-tm,Senegal
Kandet Diawara,Troyes,ligue-1,LW,26,65,fc26,0.5,0.4,0.2,False,2027,False,appearances,Guinea
Sankhoun Diawara,AC Milan,serie-a,CB,20,59,fc26,0.5,,0.2,False,2027,False,citizenship-no-tm,France
Zacharie Boucher,Troyes,ligue-1,GK,34,65,fc26,0.5,,0.2,False,2027,False,citizenship-no-tm,France
Anis Ouzenadji,Troyes,ligue-1,LB,19,58,fc26,0.5,,0.1,False,2027,False,citizenship-no-tm,France
Tom Akpakoun,Troyes,ligue-1,CB,21,59,fc26,0.5,,0.1,False,2027,False,citizenship-no-tm,France
Hillel Konaté,Troyes,ligue-1,GK,31,62,fc26,0.5,,0.1,False,2027,False,citizenship-no-tm,Burkina Faso
Ibrahim Traoré,Troyes,ligue-1,ST,20,59,fc26,0.5,,0.1,False,2027,False,citizenship-no-tm,France
Amar Fatah,Troyes,ligue-1,LW,22,62,fc26,0.5,0.85,0.1,False,2027,False,appearances,Sweden
Fraser Forster,Bournemouth,premier-league,GK,38,74,value-fit,0.5,0.6,2.4,False,2027,True,citizenship-window-invisible,England
Will Dennis,Bournemouth,premier-league,GK,25,67,fc26,0.5,0.35,0.5,False,2028,True,citizenship-plus-appearances,England
Matai Akinmboni,Bournemouth,premier-league,CB,19,55,fc26,0.5,1.0,0.5,False,2027,False,citizenship-window-invisible,United States
Ellery Balcombe,Brentford,premier-league,GK,26,63,fc26,0.5,0.4,0.6,False,2027,True,citizenship-plus-appearances,England
Benjamin Arthur,Brentford,premier-league,CB,20,61,value-fit,0.5,0.25,0.5,False,2031,True,citizenship-plus-appearances,England
James Milner,Brighton,premier-league,CM,40,73,fc26,0.5,0.75,3.7,False,2027,True,citizenship-window-invisible,England
Tom McGill,Brighton,premier-league,GK,26,62,fc26,0.5,0.5,0.9,False,2027,False,appearances,Canada
Marco Palestra,Chelsea,premier-league,RB,21,61,fc26,57.0,1.0,9.1,False,2033,False,appearances,Italy
Teddy Sharman-Lowe,Chelsea,premier-league,GK,23,62,fc26,0.5,0.3,0.3,False,2028,True,citizenship-window-invisible,England
Jake Bidwell,Coventry,premier-league,LB,33,68,fc26,0.5,,0.6,False,2027,False,citizenship-no-tm,England
Jahnoah Markelo,Coventry,premier-league,RW,23,63,fc26,0.5,0.15,0.5,False,2030,False,appearances,Suriname
Jamie Allen,Coventry,premier-league,CM,31,68,fc26,0.5,,0.5,False,2027,False,citizenship-no-tm,England
Ben Wilson,Coventry,premier-league,GK,33,68,fc26,0.5,,0.3,False,2027,False,citizenship-no-tm,England
Kai Andrews,Coventry,premier-league,CM,19,60,fc26,0.5,,0.1,False,2027,True,citizenship-plus-appearances,Wales
Remi Matthews,Crystal Palace,premier-league,GK,32,63,fc26,0.5,0.3,0.8,False,2027,True,citizenship-plus-appearances,England
Séamus Coleman,Everton,premier-league,RB,37,70,fc26,0.5,0.3,3.4,False,2027,False,citizenship-window-invisible,Ireland
Tom King,Everton,premier-league,GK,31,64,fc26,0.5,0.15,0.9,False,2027,True,citizenship-plus-appearances,Wales
Matt Crooks,Hull City,premier-league,CM,32,69,fc26,0.5,,1.1,False,2027,False,citizenship-no-tm,England
Dillon Phillips,Hull City,premier-league,GK,31,66,fc26,0.5,,0.2,False,2027,False,citizenship-no-tm,England
Ashley Young,Ipswich Town,premier-league,RB,40,73,fc26,0.5,0.4,1.8,False,2027,True,citizenship-window-invisible,England
Sindre Walle Egeli,Ipswich Town,premier-league,RW,20,68,fc26,0.5,0.25,0.9,False,2030,False,appearances,Norway
David Button,Ipswich Town,premier-league,GK,37,62,fc26,0.5,,0.6,False,2027,False,citizenship-no-tm,England
Elkan Baggott,Ipswich Town,premier-league,CB,23,63,fc26,0.5,,0.3,False,2028,False,citizenship-no-tm,Indonesia
Alex Cairns,Leeds,premier-league,GK,33,63,fc26,0.5,,0.6,False,2027,True,citizenship-window-invisible,England
Harvey Davies,Liverpool,premier-league,GK,22,61,fc26,0.5,0.3,0.2,False,2027,True,citizenship-plus-appearances,England
Marcus Bettinelli,Manchester City,premier-league,GK,34,70,fc26,0.5,0.5,2.1,False,2027,True,citizenship-window-invisible,England
Tom Heaton,Manchester United,premier-league,GK,40,67,fc26,0.5,0.15,2.7,False,2027,True,citizenship-window-invisible,England
Tyler Fredricson,Manchester United,premier-league,CB,21,65,fc26,0.5,0.25,1.5,False,2028,True,citizenship-plus-appearances,England
Ethan Wheatley,Manchester United,premier-league,ST,20,61,fc26,0.5,0.15,0.5,False,2028,True,citizenship-plus-appearances,England
John Ruddy,Newcastle,premier-league,GK,39,68,fc26,0.5,0.1,0.9,False,2027,True,citizenship-window-invisible,England
Mark Gillespie,Newcastle,premier-league,GK,34,62,fc26,0.5,0.15,0.9,False,2027,True,citizenship-window-invisible,England
Joe White,Newcastle,premier-league,AM,23,63,fc26,0.5,0.25,0.2,False,2027,True,citizenship-plus-appearances,England
Zach Abbott,Nottingham Forest,premier-league,CB,20,60,fc26,0.5,0.3,0.8,False,2029,True,citizenship-plus-appearances,England
Simon Moore,Sunderland,premier-league,GK,36,66,fc26,0.5,0.3,0.9,False,2027,True,citizenship-window-invisible,England
Melker Ellborg,Sunderland,premier-league,GK,23,62,fc26,0.5,,0.6,False,2030,False,appearances,Sweden
Ahmed Abdullahi,Sunderland,premier-league,ST,22,58,fc26,0.5,1.0,0.5,False,2028,False,appearances,Nigeria
Harrison Jones,Sunderland,premier-league,AM,21,59,fc26,0.5,,0.3,False,2027,True,citizenship-plus-appearances,England
Luís Semedo,Sunderland,premier-league,ST,22,58,fc26,0.5,,0.3,False,2028,False,appearances,Portugal
Brandon Austin,Tottenham,premier-league,GK,27,67,fc26,0.5,0.5,0.9,False,2029,True,citizenship-plus-appearances,England
Dominik Steczyk,Academico Viseu,primeira-liga,ST,27,63,fc26,0.5,,0.1,False,2027,False,citizenship-no-tm,Poland
Tomás Silva,Academico Viseu,primeira-liga,CM,22,62,fc26,0.5,,0.1,False,2027,False,citizenship-no-tm,Portugal
Sabit Abdulai,Alverca,primeira-liga,CM,27,62,fc26,0.5,0.2,0.1,False,2028,False,appearances,Ghana
Nabil Touaizi,Alverca,primeira-liga,RW,25,64,fc26,0.5,0.2,0.1,False,2028,False,appearances,Morocco
Steven Baseya,Alverca,primeira-liga,CB,21,62,value-fit,0.5,0.05,0.1,False,2028,False,appearances,France
André Paulo,Alverca,primeira-liga,GK,29,63,fc26,0.5,0.1,0.1,False,2027,False,appearances,Portugal
Mateus,Alverca,primeira-liga,GK,24,64,value-fit,0.5,0.1,0.0,False,2028,False,citizenship-window-invisible,Brazil
Marco Essimi,Alverca,primeira-liga,RW,27,62,fc26,0.5,,0.1,False,2027,False,citizenship-no-tm,France
Noah Raveyre,Alverca,primeira-liga,GK,21,59,fc26,0.5,0.2,0.1,False,2027,False,citizenship-window-invisible,France
Barbero,Arouca,primeira-liga,ST,27,67,fc26,0.5,0.5,0.3,False,2027,False,appearances,Spain
Miguel Puche,Arouca,primeira-liga,LW,25,67,fc26,0.5,0.4,0.2,False,2028,False,appearances,Spain
Jakub Vinarčík,Arouca,primeira-liga,GK,20,60,fc26,0.5,0.3,0.1,False,2028,False,appearances,Slovakia
Diogo Monteiro,Arouca,primeira-liga,CB,21,62,fc26,0.5,0.5,0.1,False,2028,False,appearances,Portugal
Vladislav Morozov,Arouca,primeira-liga,ST,25,66,value-fit,0.5,0.3,0.2,False,2027,False,appearances,Belarus
Rafa Obrador,Benfica,primeira-liga,LB,22,69,fc26,0.5,0.3,0.4,False,2030,False,appearances,Spain
Tiago Sá,Braga,primeira-liga,GK,31,66,fc26,0.5,0.8,0.3,False,2027,False,appearances,Portugal
João Carvalho,Braga,primeira-liga,GK,22,61,fc26,0.5,,0.1,False,2028,False,appearances,Portugal
Cassiano,Casa Pia,primeira-liga,ST,37,72,fc26,0.5,0.15,0.5,False,2027,False,citizenship-window-invisible,Brazil
André Geraldes,Casa Pia,primeira-liga,RB,35,69,fc26,0.5,0.2,0.3,False,2027,False,citizenship-window-invisible,Portugal
Claudio Mendes,Casa Pia,primeira-liga,ST,25,64,fc26,0.5,,0.3,False,2027,False,appearances,Guinea-Bissau
Ricardo Batista,Casa Pia,primeira-liga,GK,39,71,fc26,0.5,0.1,0.1,False,2027,False,citizenship-window-invisible,Angola
Korede Osundina,Casa Pia,primeira-liga,RW,22,64,value-fit,0.5,0.35,0.1,False,2028,False,appearances,United States
Kaly,Casa Pia,primeira-liga,CB,22,63,value-fit,0.5,0.25,0.1,False,2027,False,appearances,Angola
Daniel Azevedo,Casa Pia,primeira-liga,GK,28,60,fc26,0.5,0.1,0.1,False,2027,False,appearances,Portugal
Max Svensson,Casa Pia,primeira-liga,ST,24,66,fc26,0.5,0.3,0.2,False,2027,False,appearances,Spain
Raúl Blanco,Casa Pia,primeira-liga,AM,24,65,value-fit,0.5,0.3,0.2,False,2027,False,appearances,Spain
Joel Robles,Estoril,primeira-liga,GK,36,73,fc26,0.5,0.4,1.0,False,2028,False,citizenship-window-invisible,Spain
Antef Tsoungui,Estoril,primeira-liga,CB,23,64,value-fit,0.5,0.25,0.4,False,2029,False,appearances,Belgium
Ferro,Estoril,primeira-liga,CB,29,68,fc26,0.5,0.6,0.4,False,2027,False,appearances,Portugal
Martin Turk,Estoril,primeira-liga,GK,22,64,fc26,0.5,0.4,0.3,False,2028,False,appearances,Slovenia
Gonçalo Costa,Estoril,primeira-liga,LB,26,67,fc26,0.5,0.4,0.3,False,2028,False,appearances,Portugal
Nodar Lominadze,Estoril,primeira-liga,CM,24,62,fc26,0.5,,0.2,False,2029,False,appearances,Georgia
Fabrício Garcia,Estoril,primeira-liga,RW,25,67,fc26,0.5,0.4,0.1,False,2028,False,appearances,Cape Verde
Diogo Dias,Estoril,primeira-liga,GK,23,59,fc26,0.5,0.2,0.1,False,2027,False,appearances,Portugal
Pedro Carvalho,Estoril,primeira-liga,RB,23,64,fc26,0.5,0.5,0.1,False,2028,False,appearances,Portugal
Ismael Sierra,Estoril,primeira-liga,CB,23,64,value-fit,0.5,0.2,0.1,False,2027,False,citizenship-window-invisible,Spain
Israel Salazar,Estoril,primeira-liga,ST,23,64,value-fit,0.5,0.15,0.1,False,2028,False,appearances,Spain
Tiago Brito,Estoril,primeira-liga,CM,22,63,value-fit,0.5,0.2,0.1,False,2029,False,appearances,Portugal
Rodrigo Pinho,Estrela Amadora,primeira-liga,ST,35,70,fc26,0.5,0.2,0.3,False,2027,False,citizenship-window-invisible,Brazil
Luan Patrick,Estrela Amadora,primeira-liga,CB,24,64,fc26,0.5,,0.3,False,2028,False,appearances,Brazil
Tom Moustier,Estrela Amadora,primeira-liga,CM,24,65,fc26,0.5,0.175,0.2,False,2028,False,appearances,France
Kevin Höög Jansson,Estrela Amadora,primeira-liga,CM,25,63,fc26,0.5,,0.1,False,2028,False,appearances,Sweden
Issiar Dramé,Estrela Amadora,primeira-liga,CB,27,67,fc26,0.5,0.4,0.1,False,2027,False,appearances,Mali
David Grilo,Estrela Amadora,primeira-liga,GK,29,67,salary-fit,0.5,,0.1,False,2028,False,appearances,Portugal
Max Scholze,Estrela Amadora,primeira-liga,RB,21,62,fc26,0.5,0.7,0.1,False,2028,False,appearances,Germany
Yahya Kalley,Estrela Amadora,primeira-liga,LB,25,63,fc26,0.5,0.3,0.1,False,2028,False,appearances,The Gambia
Otávio,Estrela Amadora,primeira-liga,CB,20,62,value-fit,0.5,0.5,0.1,False,2029,False,appearances,Brazil
Jorge Meireles,Estrela Amadora,primeira-liga,LW,22,62,fc26,0.5,,0.1,False,2028,False,appearances,Portugal
Jefferson Encada,Estrela Amadora,primeira-liga,RB,28,66,fc26,0.5,0.3,0.1,False,2028,False,appearances,Guinea-Bissau
Francisco Meixedo,Estrela Amadora,primeira-liga,GK,25,66,value-fit,0.5,0.4,0.2,False,2027,False,appearances,Portugal
Roméo Beney,Famalicao,primeira-liga,LW,21,62,fc26,0.5,,0.1,False,2030,False,appearances,Switzerland
Leny Meyer,Famalicao,primeira-liga,LB,22,62,fc26,0.5,,0.1,False,2030,False,citizenship-no-tm,Switzerland
Jonathan Buatu,Gil Vicente,primeira-liga,CB,32,69,fc26,0.5,0.6,0.3,False,2028,False,citizenship-window-invisible,Angola
Tidjany Touré,Gil Vicente,primeira-liga,LW,23,68,fc26,0.5,0.3,0.1,False,2027,False,appearances,France
Jonathan Mutombo,Gil Vicente,primeira-liga,RB,23,65,fc26,0.5,0.4,0.1,False,2027,False,appearances,France
Arthur Tchaptchet,Gil Vicente,primeira-liga,CB,20,61,value-fit,0.5,0.05,0.1,False,2027,False,citizenship-window-invisible,France
Adrián Butzke,Marítimo,primeira-liga,ST,27,67,value-fit,0.5,0.3,0.2,False,2027,False,appearances,Spain
Afonso Freitas,Marítimo,primeira-liga,LB,26,67,value-fit,0.5,0.3,0.2,False,2027,False,appearances,Portugal
Alfonso Pastor,Marítimo,primeira-liga,GK,25,64,fc26,0.5,0.25,0.1,False,2027,False,appearances,Spain
André Ferreira,Moreirense,primeira-liga,GK,30,68,fc26,0.5,0.6,0.4,False,2028,False,appearances,Portugal
Rodri Alonso,Moreirense,primeira-liga,CM,23,65,fc26,0.5,0.3,0.3,False,2028,False,appearances,Spain
Nile John,Moreirense,primeira-liga,CM,23,65,value-fit,0.5,0.4,0.1,False,2029,True,citizenship-plus-appearances,England
Gilberto Batista,Moreirense,primeira-liga,CB,22,65,fc26,0.5,0.4,0.1,False,2027,False,appearances,Guinea-Bissau
Afonso Assis,Moreirense,primeira-liga,CM,19,60,value-fit,0.5,0.3,0.1,False,2030,False,appearances,Portugal
Jimi Gower,Moreirense,primeira-liga,CM,21,66,fc26,0.5,0.1,0.1,False,2028,True,citizenship-plus-appearances,England
Alexandre Parsemain,Moreirense,primeira-liga,ST,23,63,fc26,0.5,,0.1,False,2030,False,appearances,Martinique
Guilherme Liberato,Moreirense,primeira-liga,CM,25,66,value-fit,0.5,0.3,0.2,False,2028,False,appearances,Brazil
Joel Jorquera,Moreirense,primeira-liga,LW,25,66,fc26,0.5,0.2,0.2,False,2027,False,appearances,Spain
Ivanildo Fernandes,Nacional,primeira-liga,CB,30,66,fc26,0.5,0.2,0.2,False,2027,False,appearances,Cape Verde
Witi,Nacional,primeira-liga,LW,29,68,fc26,0.5,0.35,0.2,False,2028,False,appearances,Mozambique
Joel Silva,Nacional,primeira-liga,CM,23,70,fc26,0.5,0.4,0.1,False,2029,False,appearances,Portugal
Chico Gonçalves,Nacional,primeira-liga,CB,22,61,fc26,0.5,0.2,0.1,False,2029,False,appearances,Portugal
Chiheb Labidi,Nacional,primeira-liga,CM,25,64,fc26,0.5,0.5,0.1,False,2027,False,appearances,Tunisia
Motez Nourani,Nacional,primeira-liga,LW,24,60,fc26,0.5,0.175,0.1,False,2028,False,appearances,Tunisia
Victor Froholdt,Porto,primeira-liga,CM,20,71,fc26,0.5,0.4,1.0,False,2030,False,appearances,Denmark
Samuel,Porto,primeira-liga,GK,32,69,position-median,0.5,,0.3,False,2027,False,citizenship-no-tm,Brazil
Tamble,Rio Ave,primeira-liga,ST,25,66,value-fit,0.5,0.3,0.4,False,2027,False,appearances,Guinea-Bissau
Kevin Chamorro,Rio Ave,primeira-liga,GK,26,67,value-fit,0.5,0.3,0.3,False,2029,False,appearances,Costa Rica
Julien Lomboto,Rio Ave,primeira-liga,CB,24,65,fc26,0.5,0.2,0.2,False,2028,False,appearances,France
João Tomé,Rio Ave,primeira-liga,RB,23,66,fc26,0.5,0.4,0.1,False,2027,False,appearances,Portugal
Ennio van der Gouw,Rio Ave,primeira-liga,GK,26,66,fc26,0.5,0.4,0.1,False,2029,False,appearances,Netherlands
Amine Rehmi,Rio Ave,primeira-liga,RW,24,64,value-fit,0.5,0.1,0.1,False,2028,False,appearances,Netherlands
Antzelo Sina,Rio Ave,primeira-liga,GK,22,63,value-fit,0.5,0.2,0.1,False,2027,False,citizenship-window-invisible,Albania
Brenner,Santa Clara,primeira-liga,RW,24,65,value-fit,0.5,0.125,0.3,False,2028,False,appearances,Brazil
Pedro Pacheco,Santa Clara,primeira-liga,CB,29,67,fc26,0.5,0.4,0.3,False,2028,False,appearances,Portugal
Frederico Venâncio,Santa Clara,primeira-liga,CB,33,71,fc26,0.5,0.5,0.3,False,2027,False,citizenship-window-invisible,Portugal
Neneca,Santa Clara,primeira-liga,GK,22,62,fc26,0.5,0.4,0.1,False,2030,False,citizenship-window-invisible,Brazil
Alysson,Santa Clara,primeira-liga,CB,23,65,value-fit,0.5,0.4,0.2,False,2027,False,appearances,Brazil
Edney,Santa Clara,primeira-liga,RB,21,62,value-fit,0.5,0.3,0.1,False,2027,False,appearances,Brazil
Orest Lebedenko,Vitoria SC,primeira-liga,LB,27,69,fc26,0.5,0.4,0.4,False,2028,False,appearances,Ukraine
Miguel Nóbrega,Vitoria SC,primeira-liga,CB,26,66,fc26,0.5,0.4,0.3,False,2028,False,appearances,Portugal
Fabio Blanco,Vitoria SC,primeira-liga,LW,22,64,fc26,0.5,0.4,0.2,False,2029,False,appearances,Spain
Charles,Vitoria SC,primeira-liga,GK,32,69,fc26,0.5,0.3,0.2,False,2027,False,appearances,Brazil
Tony Strata,Vitoria SC,primeira-liga,RB,21,62,value-fit,0.5,0.05,0.1,False,2029,False,appearances,Romania
Gui,Vitoria SC,primeira-liga,GK,20,59,fc26,0.5,,0.1,False,2028,False,citizenship-window-invisible,Portugal
Gonçalo Nogueira,Vitoria SC,primeira-liga,CM,22,66,fc26,0.5,0.25,0.1,False,2028,False,appearances,Portugal
Dieu-Merci Michel,Vitoria SC,primeira-liga,ST,22,63,value-fit,0.5,0.3,0.1,False,2027,False,appearances,Canada
Jota Oliveira,Vitoria SC,primeira-liga,GK,23,64,value-fit,0.5,0.2,0.1,False,2027,False,citizenship-window-invisible,Portugal
Marco Cruz,Vitoria SC,primeira-liga,CM,22,64,value-fit,0.5,0.45,0.1,False,2028,False,appearances,Portugal
Thomas Foket,Anderlecht,pro-league,RB,31,69,fc26,0.5,0.6,0.3,False,2027,False,appearances,Belgium
Justin Heekeren,Anderlecht,pro-league,GK,25,66,fc26,0.5,0.25,0.2,False,2029,False,appearances,Germany
Alexis Flips,Anderlecht,pro-league,AM,26,70,fc26,0.5,0.4,0.3,False,2028,False,appearances,France
Anas Tajaouart,Anderlecht,pro-league,CM,20,54,fc26,0.5,0.4,0.1,False,2029,False,appearances,Morocco
Elyèss Dao,Anderlecht,pro-league,ST,19,59,fc26,0.5,0.4,0.1,False,2029,False,appearances,Morocco
Laurent Jans,Beveren,pro-league,RB,33,71,value-fit,0.5,0.35,0.4,False,2027,False,citizenship-window-invisible,Luxembourg
Christian Brüls,Beveren,pro-league,AM,37,71,position-median,0.5,,0.4,False,2027,False,citizenship-no-tm,Belgium
Chris Lokesa,Beveren,pro-league,LW,21,63,value-fit,0.5,0.375,0.1,False,2028,False,appearances,Belgium
Bruno Godeau,Beveren,pro-league,CB,34,72,value-fit,0.5,0.35,0.5,False,2027,False,citizenship-window-invisible,Belgium
Hannes Van Der Bruggen,Cercle Brugges,pro-league,CM,33,70,fc26,0.5,0.5,0.3,False,2027,False,citizenship-window-invisible,Belgium
Abdoul Kader Ouattara,Cercle Brugges,pro-league,ST,21,62,fc26,0.5,0.8,0.1,False,2028,False,appearances,Burkina Faso
Geoffrey Kondo,Cercle Brugges,pro-league,CB,24,62,fc26,0.5,,0.1,False,2029,False,appearances,France
Ibrahima Diaby,Cercle Brugges,pro-league,CM,19,51,fc26,0.5,,0.1,False,2029,False,appearances,France
Erick Nunes,Cercle Brugges,pro-league,RW,22,61,fc26,0.5,1.0,0.1,False,2029,False,appearances,Brazil
Bas Langenbick,Cercle Brugges,pro-league,GK,23,57,fc26,0.5,0.05,0.1,False,2028,False,appearances,Belgium
Royer Caicedo,Cercle Brugges,pro-league,CB,20,60,fc26,0.5,,0.1,False,2029,False,appearances,Colombia
Jonas Lietaert,Cercle Brugges,pro-league,CB,21,62,value-fit,0.5,0.15,0.1,False,2027,False,appearances,Belgium
Alama Bayo,Cercle Brugges,pro-league,RW,20,57,fc26,0.5,0.2,0.1,False,2028,False,appearances,Belgium
Antoine Colassin,Charleroi,pro-league,ST,25,64,fc26,0.5,0.6,0.1,False,2028,False,appearances,Belgium
Freddy Mbemba,Charleroi,pro-league,LW,23,61,fc26,0.5,,0.1,False,2028,False,appearances,France
Théo Defourny,Charleroi,pro-league,GK,34,65,fc26,0.5,0.2,0.1,False,2027,False,citizenship-window-invisible,Belgium
Amine Boukamir,Charleroi,pro-league,CM,19,57,fc26,0.5,0.3,0.1,False,2027,False,appearances,Morocco
Axl De Corte,Club Brugges,pro-league,GK,20,62,value-fit,0.5,0.4,0.1,False,2028,False,citizenship-window-invisible,Belgium
Adrián Palacios,Genk,pro-league,CB,22,59,fc26,0.5,1.0,0.1,False,2028,False,appearances,Venezuela
Aaron Bibout,Genk,pro-league,ST,21,59,fc26,0.5,,0.1,False,2029,False,appearances,Cameroon
Lucca Brughmans,Genk,pro-league,GK,18,59,fc26,0.5,,0.1,False,2030,False,citizenship-window-invisible,Belgium
Tom Vandenberghe,Gent,pro-league,GK,33,68,fc26,0.5,0.3,0.2,False,2027,False,citizenship-window-invisible,Belgium
Kjell Peersman,Gent,pro-league,GK,22,61,fc26,0.5,0.3,0.1,False,2028,False,citizenship-window-invisible,Belgium
Maksim Paskotsi,Gent,pro-league,CB,23,64,fc26,0.5,0.2,0.1,False,2029,False,appearances,Estonia
Tibe De Vlieger,Gent,pro-league,CM,20,61,fc26,0.5,0.4,0.1,False,2030,False,appearances,Belgium
Gilles De Meyer,Gent,pro-league,RB,19,61,fc26,0.5,0.5,0.1,False,2028,False,appearances,Belgium
Gilles Dewaele,Kortrijk,pro-league,RB,30,69,value-fit,0.5,0.25,0.3,False,2027,False,appearances,Belgium
James Ndjeungoue,Kortrijk,pro-league,CB,23,60,fc26,0.5,0.7,0.1,False,2028,False,appearances,Cameroon
Ebbe De Vlaeminck,Kortrijk,pro-league,GK,20,61,value-fit,0.5,0.25,0.1,False,2028,False,citizenship-window-invisible,Belgium
Mohamed Fofana,Kortrijk,pro-league,RB,20,61,value-fit,0.5,0.25,0.1,False,2028,False,citizenship-window-invisible,Cote d'Ivoire
Rudy Kohon,Kortrijk,pro-league,CB,22,63,value-fit,0.5,0.1,0.1,False,2029,False,appearances,France
Sixtus Ogbuehi,Kortrijk,pro-league,ST,23,64,value-fit,0.5,0.2,0.1,False,2028,False,appearances,Nigeria
Suf Podgoreanu,Kortrijk,pro-league,LW,24,65,value-fit,0.5,0.3,0.1,False,2030,False,appearances,Israel
Nachon Nsingi,La Louviere,pro-league,ST,25,66,fc26,0.5,0.3,0.2,False,2027,False,appearances,Belgium
Thierry Lutonda,La Louviere,pro-league,LB,25,64,fc26,0.5,0.6,0.1,False,2027,False,appearances,Belgium
Wagane Faye,La Louviere,pro-league,CB,32,66,fc26,0.5,0.4,0.2,False,2027,False,citizenship-window-invisible,Senegal
Sami Lahssaini,La Louviere,pro-league,CM,27,64,fc26,0.5,0.4,0.1,False,2027,False,appearances,Belgium
Mehdi Boukamir,La Louviere,pro-league,CB,22,62,fc26,0.5,0.6,0.1,False,2027,False,appearances,Morocco
Mouhamed Belkheir,La Louviere,pro-league,ST,27,70,fc26,0.5,0.35,0.3,False,2028,False,appearances,Algeria
Nolan Gillot,La Louviere,pro-league,LB,23,60,fc26,0.5,,0.1,False,2028,False,appearances,France
Joël Ito,La Louviere,pro-league,AM,28,65,fc26,0.5,,0.1,False,2028,False,appearances,Belgium
Célestin De Schrevel,La Louviere,pro-league,GK,24,61,fc26,0.5,0.1,0.1,False,2028,False,appearances,Belgium
Samuel Gueulette,La Louviere,pro-league,CM,26,64,fc26,0.5,,0.1,False,2027,False,appearances,Rwanda
Darío Benavides,La Louviere,pro-league,RB,23,65,fc26,0.5,0.4,0.1,False,2028,False,appearances,Spain
Théo Radelet,La Louviere,pro-league,GK,18,58,value-fit,0.5,0.05,0.1,False,2029,False,citizenship-window-invisible,Belgium
Siad Gourville,La Louviere,pro-league,CB,26,61,fc26,0.5,,0.1,False,2027,False,citizenship-no-tm,France
Quentin Benaets,La Louviere,pro-league,RW,22,53,fc26,0.5,0.1,0.1,False,2027,False,appearances,Belgium
Henok Teklab,Leuven,pro-league,LW,27,65,fc26,0.5,0.6,0.1,False,2027,False,appearances,Germany
Thibault Vlietinck,Leuven,pro-league,RB,28,65,fc26,0.5,0.4,0.1,False,2028,False,appearances,Belgium
Abdoul Karim Traoré,Leuven,pro-league,ST,19,56,fc26,0.5,,0.1,False,2028,False,appearances,Guinea
Wouter George,Leuven,pro-league,CM,24,59,fc26,0.5,0.7,0.1,False,2028,False,appearances,Belgium
Christ Souanga,Leuven,pro-league,CB,19,55,fc26,0.5,,0.1,False,2027,False,appearances,Belgium
Roggerio Nyakossi,Leuven,pro-league,CB,22,61,fc26,0.5,0.8,0.1,False,2027,False,appearances,Switzerland
Owen Jochmans,Leuven,pro-league,GK,23,58,fc26,0.5,0.15,0.1,False,2027,False,citizenship-window-invisible,Belgium
Manuel Osifo,Leuven,pro-league,CM,22,63,value-fit,0.5,0.25,0.1,False,2027,False,appearances,Belgium
Dani van den Heuvel,Leuven,pro-league,GK,23,60,fc26,0.5,0.2,0.1,False,2029,False,appearances,Netherlands
Zalán Vancsa,Lommel,pro-league,LW,21,63,value-fit,0.5,0.45,0.1,False,2027,False,appearances,Hungary
Ralf Seuntjens,Lommel,pro-league,ST,37,71,position-median,0.5,,0.4,False,2027,False,citizenship-no-tm,Netherlands
Dikeni Salifou,Mechelen,pro-league,CM,23,64,fc26,0.5,0.2,0.1,False,2028,False,appearances,Germany
Redouane Halhal,Mechelen,pro-league,CB,23,63,fc26,0.5,0.1,0.1,False,2027,False,appearances,Morocco
Massimo Decoene,Mechelen,pro-league,CM,22,63,value-fit,0.5,0.3,0.1,False,2027,False,appearances,Belgium
Tijn Van Ingelgom,Mechelen,pro-league,GK,19,57,fc26,0.5,,0.1,False,2027,False,citizenship-window-invisible,Belgium
Ian Struyf,Mechelen,pro-league,CB,18,60,fc26,0.5,,0.1,False,2028,False,appearances,Belgium
Halil Özdemir,Mechelen,pro-league,ST,20,58,fc26,0.5,,0.1,False,2027,False,appearances,Turkey
Amine Ouahabi,Mechelen,pro-league,CM,18,55,fc26,0.5,,0.1,False,2028,False,citizenship-window-invisible,Morocco
Axel Willockx,Mechelen,pro-league,GK,19,55,fc26,0.5,0.05,0.1,False,2027,False,citizenship-window-invisible,Belgium
Ryan Teague,Mechelen,pro-league,CM,24,69,fc26,0.5,0.175,0.3,False,2028,False,appearances,Australia
Noah Makanza,Mechelen,pro-league,CM,21,63,value-fit,0.5,0.35,0.1,False,2027,False,citizenship-window-invisible,Democratic Republic of the Congo
Geoffry Hairemans,Royal Antwerp,pro-league,RW,34,70,fc26,0.5,0.4,0.3,False,2027,False,citizenship-window-invisible,Belgium
Yuto Tsunashima,Royal Antwerp,pro-league,CB,25,62,fc26,0.5,,0.1,False,2028,False,appearances,Japan
Christopher Scott,Royal Antwerp,pro-league,LW,24,64,fc26,0.5,0.6,0.1,False,2028,False,appearances,Germany
Taishi Brandon Nozawa,Royal Antwerp,pro-league,GK,23,55,fc26,0.5,,0.1,False,2029,False,appearances,Japan
Yannick Thoelen,Royal Antwerp,pro-league,GK,35,64,fc26,0.5,0.2,0.1,False,2027,False,citizenship-window-invisible,Belgium
Gerard Vandeplas,Royal Antwerp,pro-league,ST,20,57,fc26,0.5,0.4,0.1,False,2028,False,appearances,Belgium
Gabriel Jesus David,Royal Antwerp,pro-league,ST,19,55,fc26,0.5,0.3,0.1,False,2029,False,appearances,Nigeria
Youssef Hamdaoui,Royal Antwerp,pro-league,CM,18,55,fc26,0.5,1.0,0.1,False,2027,False,citizenship-window-invisible,Morocco
Niels Devalckeneer,Royal Antwerp,pro-league,GK,22,58,fc26,0.5,0.1,0.1,False,2028,False,appearances,Belgium
Andreas Verstraeten,Royal Antwerp,pro-league,CB,20,58,fc26,0.5,0.8,0.1,False,2028,False,appearances,Belgium
Shogo Taniguchi,Sint-Truidense,pro-league,CB,34,69,fc26,0.5,0.8,0.3,False,2027,False,citizenship-window-invisible,Japan
Taiga Hata,Sint-Truidense,pro-league,LB,24,62,fc26,0.5,,0.1,False,2028,False,appearances,Japan
Visar Musliu,Sint-Truidense,pro-league,CB,31,68,fc26,0.5,0.9,0.2,False,2027,False,appearances,North Macedonia
Wolke Janssens,Sint-Truidense,pro-league,CB,31,65,fc26,0.5,0.3,0.1,False,2028,False,appearances,Belgium
Oumar Diouf,Sint-Truidense,pro-league,ST,23,63,value-fit,0.5,0.075,0.1,False,2029,False,appearances,Senegal
Alouis Diriken,Sint-Truidense,pro-league,CM,22,63,value-fit,0.5,0.3,0.1,False,2029,False,appearances,Belgium
Kaito Matsuzawa,Sint-Truidense,pro-league,LW,25,55,fc26,0.5,,0.1,False,2027,False,appearances,Japan
Isaías Delpupo,Sint-Truidense,pro-league,RW,23,61,fc26,0.5,0.3,0.1,False,2027,False,appearances,Argentina
Matt Lendfers,Sint-Truidense,pro-league,GK,20,55,fc26,0.5,0.15,0.1,False,2027,False,appearances,Belgium
Adam Nhaili,Sint-Truidense,pro-league,AM,20,57,fc26,0.5,0.1,0.1,False,2028,False,appearances,Belgium
Hugo Lambotte,Sint-Truidense,pro-league,CB,20,55,fc26,0.5,0.15,0.1,False,2028,False,appearances,Belgium
Jay-David Mbalanda,Sint-Truidense,pro-league,ST,19,59,fc26,0.5,0.1,0.1,False,2027,False,appearances,Belgium
Grejohn Kyei,Standard Liege,pro-league,ST,30,68,fc26,0.5,0.4,0.2,False,2027,False,appearances,France
Timothé Nkada,Standard Liege,pro-league,ST,26,70,fc26,0.5,0.15,0.3,False,2028,False,appearances,France
Josué Homawoo,Standard Liege,pro-league,CB,28,67,fc26,0.5,0.2,0.2,False,2027,False,appearances,Togo
Ibrahim Karamoko,Standard Liege,pro-league,CB,24,61,fc26,0.5,0.15,0.1,False,2030,False,appearances,France
Ibe Hautekiet,Standard Liege,pro-league,CB,24,69,fc26,0.5,0.25,0.3,False,2029,False,appearances,Belgium
Lucas Pirard,Standard Liege,pro-league,GK,31,67,fc26,0.5,0.4,0.2,False,2028,False,appearances,Belgium
Adnane Abid,Standard Liege,pro-league,RW,22,58,fc26,0.5,0.15,0.1,False,2029,False,appearances,Belgium
Daan Dierckx,Standard Liege,pro-league,CB,23,65,fc26,0.5,0.4,0.1,False,2028,False,appearances,Belgium
Gustav Mortensen,Standard Liege,pro-league,LB,22,63,value-fit,0.5,0.2,0.1,False,2030,False,appearances,Denmark
Belmin Dizdarevic,Standard Liege,pro-league,GK,24,65,value-fit,0.5,0.2,0.1,False,2027,False,citizenship-window-invisible,Bosnia-Herzegovina
Henry Lawrence,Standard Liege,pro-league,RB,24,65,fc26,0.5,0.4,0.1,False,2029,True,citizenship-plus-appearances,England
Bernard Nguene,Standard Liege,pro-league,ST,19,60,fc26,0.5,,0.1,False,2028,False,appearances,Cameroon
Bruny Nsimba,Standard Liege,pro-league,ST,26,68,fc26,0.5,0.4,0.2,False,2029,False,appearances,Belgium
Cristian Makaté,Union SG,pro-league,ST,23,59,fc26,0.5,0.15,0.1,False,2029,False,appearances,Equatorial Guinea
Vic Chambaere,Union SG,pro-league,GK,23,63,fc26,0.5,0.15,0.1,False,2027,False,appearances,Belgium
Guilherme Smith,Union SG,pro-league,LW,23,64,value-fit,0.5,0.1,0.1,False,2030,False,appearances,Brazil
Ivan Pavlic,Union SG,pro-league,CM,24,65,value-fit,0.5,0.25,0.1,False,2029,False,appearances,Belgium
Marc Giger,Union SG,pro-league,ST,22,60,fc26,0.5,1.0,0.1,False,2029,False,appearances,Switzerland
Giorgi Kavlashvili,Union SG,pro-league,GK,19,54,fc26,0.5,,0.1,False,2028,False,citizenship-window-invisible,Georgia
Nikki Havenaar,Union SG,pro-league,CB,31,66,fc26,0.5,,0.2,False,2029,False,citizenship-window-invisible,Japan
Serhii Sydorchuk,Westerlo,pro-league,CM,35,69,fc26,0.5,0.3,0.3,False,2027,False,citizenship-window-invisible,Ukraine
Seiji Kimura,Westerlo,pro-league,CB,24,59,fc26,0.5,,0.1,False,2029,False,appearances,Japan
Reda Laalaoui,Westerlo,pro-league,CM,21,61,fc26,0.5,,0.1,False,2029,False,appearances,Morocco
Amando Lapage,Westerlo,pro-league,CB,21,62,fc26,0.5,0.4,0.1,False,2029,False,appearances,Belgium
Brent Gabriël,Zulte Waregem,pro-league,GK,27,65,fc26,0.5,0.075,0.1,False,2028,False,appearances,Belgium
Jakob Kiilerich,Zulte Waregem,pro-league,CB,26,67,fc26,0.5,0.025,0.2,False,2027,False,appearances,Denmark
Laurent Lemoine,Zulte Waregem,pro-league,CB,28,65,fc26,0.5,0.25,0.1,False,2027,False,appearances,Belgium
Wilguens Paugain,Zulte Waregem,pro-league,RB,24,55,fc26,0.5,,0.1,False,2028,False,appearances,Haiti
Kadir Seven,Zulte Waregem,pro-league,CB,23,64,value-fit,0.5,0.325,0.1,False,2028,False,appearances,Turkey
Dirk Asare,Zulte Waregem,pro-league,CM,22,62,value-fit,0.5,0.05,0.1,False,2029,False,appearances,Belgium
Tobias Hedl,Zulte Waregem,pro-league,ST,23,63,fc26,0.5,,0.1,False,2027,False,appearances,Austria
Yannick Cappelle,Zulte Waregem,pro-league,LB,22,60,fc26,0.5,,0.1,False,2028,False,appearances,Belgium
Louis Bostyn,Zulte Waregem,pro-league,GK,32,64,fc26,0.5,0.3,0.1,False,2027,False,citizenship-window-invisible,Belgium
Arnaud Dobbels,Zulte Waregem,pro-league,GK,21,56,fc26,0.5,,0.1,False,2027,False,citizenship-window-invisible,Belgium
Hemsley Akpa-Chukwu,Zulte Waregem,pro-league,ST,20,61,fc26,0.5,,0.1,False,2029,False,citizenship-no-tm,Belgium
Lorenzo Torriani,AC Milan,serie-a,GK,21,61,fc26,0.5,0.01,0.4,False,2030,False,appearances,Italy
Lorenzo Bernasconi,Atalanta,serie-a,LW,22,63,value-fit,0.5,0.075,0.7,False,2028,False,appearances,Italy
Francesco Rossi,Atalanta,serie-a,GK,35,62,fc26,0.5,0.1,0.2,False,2027,False,citizenship-window-invisible,Italy
Lorenzo De Silvestri,Bologna,serie-a,RB,38,71,fc26,0.5,0.4,0.4,False,2027,False,citizenship-window-invisible,Italy
Nicolò Cavuoti,Cagliari,serie-a,AM,23,59,fc26,0.5,0.2,0.4,False,2030,False,appearances,Italy
Othniël Raterink,Cagliari,serie-a,RB,20,62,value-fit,0.5,0.45,0.2,False,2030,False,appearances,Netherlands
Giuseppe Ciocci,Cagliari,serie-a,GK,24,59,fc26,0.5,0.1,0.1,False,2027,False,appearances,Italy
Alessandro Romano,Cagliari,serie-a,CM,20,62,value-fit,0.5,0.5,0.2,False,2027,False,citizenship-window-invisible,Switzerland
Alessandro Gabrielloni,Como,serie-a,ST,31,68,fc26,0.5,0.5,0.8,False,2028,False,appearances,Italy
Adrian Lahdo,Como,serie-a,CM,18,57,fc26,0.5,,0.5,False,2031,False,appearances,Sweden
Jacobo Ramón,Como,serie-a,CB,21,64,fc26,0.5,0.1,0.3,False,2030,False,appearances,Spain
Ali Jasim,Como,serie-a,LW,22,62,fc26,0.5,,0.2,False,2027,False,appearances,Iraq
Luca Lezzerini,Fiorentina,serie-a,GK,31,69,fc26,0.5,0.35,0.3,False,2028,False,appearances,Italy
Francesco Gelli,Frosinone,serie-a,AM,29,67,fc26,0.5,,0.7,False,2027,False,citizenship-no-tm,Italy
Farès Ghedjemis,Frosinone,serie-a,RW,23,63,fc26,0.5,,0.6,False,2028,False,citizenship-no-tm,Algeria
Gabriele Bracaglia,Frosinone,serie-a,CB,22,61,fc26,0.5,,0.4,False,2028,False,citizenship-no-tm,Italy
Kevin Barcella,Frosinone,serie-a,RW,20,59,fc26,0.5,,0.3,False,2029,False,citizenship-no-tm,Italy
Lorenzo Palmisani,Frosinone,serie-a,GK,22,57,fc26,0.5,,0.3,False,2029,False,citizenship-no-tm,Italy
Jérémy Oyono,Frosinone,serie-a,RB,25,63,fc26,0.5,,0.2,False,2027,False,citizenship-no-tm,Gabon
Matteo Cichella,Frosinone,serie-a,CM,20,61,fc26,0.5,,0.1,False,2027,False,citizenship-no-tm,Italy
Ben Lhassine Kone,Frosinone,serie-a,CM,26,66,fc26,0.5,0.5,0.4,False,2029,False,appearances,Cote d'Ivoire
Patrizio Masini,Genoa,serie-a,CM,25,61,fc26,0.5,,0.3,False,2028,False,appearances,Italy
Franz Stolz,Genoa,serie-a,GK,25,66,fc26,0.5,0.2,0.3,False,2027,False,citizenship-window-invisible,Austria
Gabriele Calvani,Genoa,serie-a,CB,22,58,fc26,0.5,,0.2,False,2027,False,citizenship-no-tm,Italy
Franz-Ethan Meichtry,Genoa,serie-a,CM,20,60,fc26,0.5,,0.2,False,2030,False,citizenship-window-invisible,Switzerland
Raffaele Di Gennaro,Inter Milan,serie-a,GK,32,68,fc26,0.5,0.3,0.3,False,2027,False,citizenship-window-invisible,Italy
Carlo Pinsoglio,Juventus,serie-a,GK,36,69,fc26,0.5,0.2,0.6,False,2027,False,citizenship-window-invisible,Italy
Edoardo Motta,Lazio,serie-a,GK,21,59,fc26,0.5,,0.3,False,2030,False,appearances,Italy
Romano Floriani Mussolini,Lazio,serie-a,RB,23,68,fc26,0.5,0.075,0.2,False,2028,False,appearances,Italy
Alessio Furlanetto,Lazio,serie-a,GK,24,61,fc26,0.5,0.05,0.1,False,2028,False,appearances,Italy
Davide Renzetti,Lazio,serie-a,GK,20,61,value-fit,0.5,0.1,0.2,False,2027,False,citizenship-window-invisible,Italy
Corrie Ndaba,Lecce,serie-a,LB,26,65,fc26,0.5,0.35,0.3,False,2028,False,appearances,Ireland
Sebastian Esposito,Lecce,serie-a,CB,21,63,value-fit,0.5,0.5,0.3,False,2027,False,citizenship-window-invisible,Australia
Alexandru Borbei,Lecce,serie-a,GK,23,64,value-fit,0.5,0.15,0.3,False,2028,False,citizenship-window-invisible,Romania
Andrea Petagna,Monza,serie-a,ST,31,69,fc26,0.5,0.5,2.8,False,2027,False,appearances,Italy
Pedro Obiang,Monza,serie-a,CM,34,69,fc26,0.5,,1.3,False,2027,False,citizenship-no-tm,Equatorial Guinea
Leonardo Colombo,Monza,serie-a,CM,21,63,value-fit,0.5,0.4,0.5,False,2029,False,appearances,Italy
Arvid Brorsson,Monza,serie-a,CB,27,66,fc26,0.5,0.5,0.3,False,2027,False,appearances,Sweden
Alessandro Berretta,Monza,serie-a,CM,20,62,value-fit,0.5,0.35,0.2,False,2028,False,citizenship-window-invisible,Italy
Foe Ondoa,Monza,serie-a,AM,20,62,value-fit,0.5,0.4,0.2,False,2030,False,citizenship-window-invisible,France
Kevin Martins,Monza,serie-a,RW,21,62,fc26,0.5,,0.2,False,2028,False,appearances,Italy
Luca Marianucci,Napoli,serie-a,CB,21,68,fc26,0.5,0.175,1.9,False,2030,False,appearances,Italy
Nikita Contini,Napoli,serie-a,GK,30,67,fc26,0.5,0.4,1.1,False,2031,False,appearances,Italy
Antonio Vergara,Napoli,serie-a,AM,23,65,fc26,0.5,0.175,0.6,False,2030,False,appearances,Italy
Coli Saco,Napoli,serie-a,CM,24,61,fc26,0.5,0.2,0.2,False,2028,False,citizenship-window-invisible,Mali
Edoardo Corvi,Parma,serie-a,GK,25,65,fc26,0.5,0.7,0.9,False,2029,False,appearances,Italy
Nesta Elphege,Parma,serie-a,ST,25,62,fc26,0.5,,0.5,False,2030,False,appearances,France
Sascha Britschgi,Parma,serie-a,RB,19,52,fc26,0.5,,0.1,False,2030,False,appearances,Switzerland
Peter Amoran,Parma,serie-a,CB,22,61,fc26,0.5,,0.1,False,2027,False,citizenship-window-invisible,Sweden
Giovanni Daffara,Juventus,serie-a,GK,21,61,fc26,0.5,0.6,0.2,False,2031,False,citizenship-window-invisible,Italy
Devis Vásquez,Roma,serie-a,GK,28,72,fc26,0.5,0.35,0.6,False,2027,False,appearances,Colombia
Riccardo Pagano,Roma,serie-a,CM,21,61,fc26,0.5,,0.3,False,2027,False,citizenship-no-tm,Italy
Laurs Skjellerup,Sassuolo,serie-a,ST,23,65,fc26,0.5,0.15,0.7,False,2029,False,appearances,Denmark
Edoardo Pieragnolo,Sassuolo,serie-a,LB,23,67,fc26,0.5,0.3,0.6,False,2029,False,appearances,Italy
Gioele Zacchi,Sassuolo,serie-a,GK,22,62,fc26,0.5,0.15,0.4,False,2027,False,appearances,Italy
Patrick Nuamah,Sassuolo,serie-a,LW,20,61,fc26,0.5,,0.1,False,2030,False,citizenship-no-tm,Italy
Alberto Paleari,Torino,serie-a,GK,33,68,fc26,0.5,1.0,0.7,False,2027,False,citizenship-window-invisible,Italy
Alieu Njie,Torino,serie-a,LW,21,65,fc26,0.5,0.3,0.6,False,2029,False,appearances,Sweden
Ali Dembélé,Torino,serie-a,RB,22,62,fc26,0.5,0.3,0.3,False,2028,False,appearances,France
Marco Dalla Vecchia,Torino,serie-a,CM,21,63,value-fit,0.5,0.5,0.3,False,2027,False,citizenship-window-invisible,Italy
Nicolò Bertola,Udinese,serie-a,CB,23,68,fc26,0.5,0.15,0.7,False,2030,False,appearances,Italy
Daniele Padelli,Udinese,serie-a,GK,40,65,fc26,0.5,0.15,0.4,False,2027,False,citizenship-window-invisible,Italy
Edoardo Piana,Udinese,serie-a,GK,22,62,value-fit,0.5,0.025,0.2,False,2027,False,appearances,Italy
Ridgeciano Haps,Venezia,serie-a,LB,33,68,fc26,0.5,0.9,0.8,False,2028,False,citizenship-window-invisible,Suriname
Marin Šverko,Venezia,serie-a,CB,28,67,fc26,0.5,0.4,0.6,False,2028,False,appearances,Croatia
Bjarki Steinn Bjarkason,Venezia,serie-a,LW,26,64,fc26,0.5,0.45,0.4,False,2027,False,appearances,Iceland
Matteo Grandi,Venezia,serie-a,GK,33,70,value-fit,0.5,0.075,0.4,False,2028,False,citizenship-window-invisible,Italy
Saad El Haddad,Venezia,serie-a,AM,20,62,value-fit,0.5,0.4,0.2,False,2027,False,appearances,Morocco
Kornel Lisman,Venezia,serie-a,LW,20,61,fc26,0.5,,0.2,False,2030,False,appearances,Poland
Abdoulie Manneh,Cercle Brugges,pro-league,LW,21,71,fc26,6.0,,0.4,True,2031,False,unknown,Gambia
Adama Bojang,Charleroi,pro-league,ST,22,64,fc26,1.5,,0.1,True,2031,False,unknown,Gambia
Aidan Stokes,Brentford,premier-league,GK,18,52,fc26,0.5,,0.5,True,2031,False,unknown,United States
Benja Domínguez,Bologna,serie-a,LW,22,71,imputed_median,5.5,,1.0,True,2031,False,unknown,Argentina
Christian Corradi,Juventus,serie-a,CB,21,71,imputed_median,6.0,,1.0,True,2031,False,unknown,Italy
Clement Bischoff,NEC Nijmegen,eredivisie,LW,20,68,fc26,4.0,,0.3,True,2031,False,unknown,Denmark
Daiki Hashioka,Monchengladbach,bundesliga,RB,27,70,fc26,2.0,,0.9,True,2030,False,unknown,Japan
Daniel de la Cruz,Nacional,primeira-liga,RB,22,72,imputed_median,6.5,,0.5,True,2031,False,unknown,Ecuador
Daouda Traore,Le Mans,ligue-1,CM,20,72,imputed_median,8.5,,1.1,True,2031,False,unknown,France
Diego Pugno,Juventus,serie-a,ST,20,71,imputed_median,7.0,,0.5,True,2031,False,unknown,Italy
Diogo Nascimento,Rio Ave,primeira-liga,CM,23,68,fc26,2.5,,0.3,True,2031,False,unknown,Portugal
Elohim Kaboré,Beveren,pro-league,ST,19,62,fc26,1.5,,0.1,True,2031,False,unknown,Burkina Faso
Emmanuel Latte Lath,Union Berlin,bundesliga,ST,27,73,fc26,4.0,,1.5,True,2030,False,unknown,Cote d'Ivoire
Genesis Antwi,Chelsea,premier-league,RB,19,72,imputed_median,9.5,,1.2,True,2031,False,unknown,Sweden
Giorgio Cittadini,Atalanta,serie-a,CB,24,66,fc26,1.5,,0.4,True,2031,False,unknown,Italy
Gábor Szalai,Marítimo,primeira-liga,CB,26,69,fc26,2.0,,0.3,True,2030,False,unknown,Hungary
Ibrahim Salah,Royal Antwerp,pro-league,RW,24,70,fc26,3.5,,0.4,True,2031,False,unknown,Morocco
Israel Isaac Ayuma,Marítimo,primeira-liga,CM,20,72,imputed_median,8.5,,0.6,True,2031,False,unknown,Nigeria
Jay Robinson,Monza,serie-a,LW,19,59,fc26,1.0,,0.2,True,2031,False,unknown,England
Jean Ives Valou,Villarreal,la-liga,CB,19,71,imputed_median,8.0,,0.8,True,2031,False,unknown,Cote d'Ivoire
Jesse Derry,Chelsea,premier-league,LW,19,71,imputed_median,8.0,,0.5,True,2031,False,unknown,England
Jhon Durán,Benfica,primeira-liga,ST,22,79,fc26,25.0,,1.8,True,2031,False,unknown,Colombia
Johannes Schenk,Beveren,pro-league,GK,23,71,fc26,4.5,,0.4,True,2031,False,unknown,Germany
Josué Caicedo,Barcelona,la-liga,LB,18,72,imputed_median,10.0,,1.0,True,2031,False,unknown,Ecuador
Juan Cruz,Malaga,la-liga,LW,26,76,fc26,8.5,,1.8,True,2030,False,unknown,Spain
Kaiki,Como,serie-a,LB,23,72,imputed_median,5.5,,1.2,True,2031,False,unknown,Brazil
Kieron Bowie,Sassuolo,serie-a,ST,23,64,fc26,1.0,,0.3,True,2031,False,unknown,Scotland
Léo Linck,Estrela Amadora,primeira-liga,GK,25,69,imputed_median,2.5,,0.3,True,2031,False,unknown,Brazil
Malcolm Jeng,Groningen,eredivisie,CB,21,65,fc26,2.0,,0.2,True,2031,False,unknown,Sweden
Mario Mitaj,Genoa,serie-a,LB,22,68,fc26,3.0,,0.6,True,2031,False,unknown,Albania
Ole Romeny,Fortuna Sittard,eredivisie,ST,26,67,fc26,1.0,,0.2,True,2030,False,unknown,Indonesia
Quilindschy Hartman,Espanyol,la-liga,LB,24,77,fc26,15.0,,2.2,True,2031,False,unknown,Netherlands
Raphael Kofler,Cagliari,serie-a,CB,21,67,fc26,3.0,,0.5,True,2031,False,unknown,Italy
Sebastiano Desplanches,Frosinone,serie-a,GK,23,71,fc26,4.5,,1.0,True,2031,False,unknown,Italy
Selvi Clua,Casa Pia,primeira-liga,CM,21,72,imputed_median,7.5,,0.6,True,2031,False,unknown,Spain
Tolu Arokodare,Ajax,eredivisie,ST,25,71,imputed_median,3.5,,0.5,True,2031,False,unknown,Nigeria
Walid El Bouradi,Lecce,serie-a,CM,19,72,imputed_median,9.5,,1.2,True,2031,False,unknown,Italy
Yellu Santiago,Marítimo,primeira-liga,ST,22,68,fc26,3.0,,0.3,True,2031,False,unknown,Spain
João Gomes,Aston Villa,premier-league,CM,25,78,fc26,40.0,,4.2,True,2031,False,unknown,Brazil
Shea Charles,Fulham,premier-league,CM,22,72,fc26,30.4,,1.5,True,2031,False,unknown,Northern Ireland
Zadok Yohanna,Brighton,premier-league,RW,19,76,imputed_value,28.0,,3.1,True,2031,False,unknown,Nigeria
Caleb Yirenkyi,Coventry,premier-league,CM,20,67,fc26,27.0,,0.6,True,2031,False,unknown,Ghana
Christ Inao Oulaï,Fiorentina,serie-a,CM,20,76,imputed_value,26.0,,2.4,True,2031,False,unknown,Cote d'Ivoire
Dzenan Pejcinovic,Stuttgart,bundesliga,ST,21,65,fc26,25.0,,0.4,True,2031,False,unknown,Germany
Matthis Abline,Monaco,ligue-1,ST,23,76,fc26,25.0,,2.2,True,2031,False,unknown,France
Maxime Estève,Leipzig,bundesliga,CB,24,76,fc26,25.0,,2.5,True,2031,False,unknown,France
Issahaku Fatawu,Ipswich Town,premier-league,RW,22,77,imputed_value,23.5,,3.6,True,2031,False,unknown,Ghana
Konstantinos Tzolakis,Hull City,premier-league,GK,23,79,fc26,23.3,,5.1,True,2031,False,unknown,Greece
Ewen Jaouen,Newcastle,premier-league,GK,20,68,fc26,21.5,,0.8,True,2031,False,unknown,France
Hayden Hackney,Everton,premier-league,CM,24,73,fc26,19.3,,1.8,True,2031,False,unknown,England
Jannik Schuster,Brentford,premier-league,CB,20,61,fc26,18.0,,0.2,True,2031,False,unknown,Austria
Jaidon Anthony,Brentford,premier-league,LW,26,74,fc26,17.5,,2.1,True,2030,False,unknown,England
Konstantinos Koulierakis,Roma,serie-a,CB,22,77,fc26,17.0,,2.8,True,2031,False,unknown,Greece
Lucas Herrington,Hull City,premier-league,CB,18,59,fc26,14.8,,0.2,True,2031,False,unknown,Australia
Adam Daghim,Hoffenheim,bundesliga,RW,20,66,fc26,13.0,,0.5,True,2031,False,unknown,Denmark
Costinha,Brighton,premier-league,RB,26,75,fc26,12.7,,2.5,True,2030,False,unknown,Portugal
Jan Virgili,Club Brugges,pro-league,LW,20,72,imputed_value,12.0,,0.5,True,2031,False,unknown,Spain
Noel Aséko Nkili,Eintracht Frankfurt,bundesliga,CM,20,72,imputed_value,12.0,,1.3,True,2031,False,unknown,Germany
Daizen Maeda,Ipswich Town,premier-league,LW,28,79,fc26,11.7,,5.0,True,2030,False,unknown,Japan
Jeremy Monga,Manchester City,premier-league,LW,17,69,imputed_value,11.7,,1.0,True,2031,False,unknown,England
Facundo Bernal,Real Betis,la-liga,CM,22,73,imputed_value,10.5,,1.1,True,2031,False,unknown,Uruguay
Rafiu Durosinmi,Genk,pro-league,ST,23,75,fc26,10.5,,0.8,True,2031,False,unknown,Nigeria
Freddie Potts,Club Brugges,pro-league,CM,22,70,fc26,10.0,,0.4,True,2031,False,unknown,England
Chuba Akpom,Ipswich Town,premier-league,ST,30,76,fc26,9.3,,2.9,True,2028,False,unknown,England
Jens Hjertø-Dahl,Hull City,premier-league,CM,20,64,fc26,9.3,,0.4,True,2031,False,unknown,Norway
Leo Román,Deportivo,la-liga,GK,25,77,fc26,9.0,,2.2,True,2031,False,unknown,Spain
Víctor Valdepeñas,Fiorentina,serie-a,CB,19,70,imputed_value,8.0,,0.9,True,2031,False,unknown,Spain
Yacine Titraoui,Lens,ligue-1,CM,23,68,fc26,8.0,,0.6,True,2031,False,unknown,Algeria
Frank Onyeka,Coventry,premier-league,CM,28,74,fc26,7.0,,2.1,True,2030,False,unknown,Nigeria
Gustavo Hamer,Coventry,premier-league,CM,29,77,fc26,7.0,,3.5,True,2030,False,unknown,Netherlands
Han-beom Lee,Club Brugges,pro-league,CB,24,73,imputed_value,7.0,,0.6,True,2031,False,unknown,Korea South
Kauã Prates,Borussia Dortmund,bundesliga,LB,17,67,imputed_value,7.0,,0.6,True,2031,False,unknown,Brazil
Sadibou Sané,Monaco,ligue-1,CB,22,70,fc26,7.0,,0.8,True,2031,False,unknown,Senegal
Andrej Vasovic,Club Brugges,pro-league,ST,18,58,fc26,6.0,,0.1,True,2031,False,unknown,Switzerland
Cheveyo Tsawa,Club Brugges,pro-league,CM,19,62,fc26,6.0,,0.1,True,2031,False,unknown,Switzerland
David Puczka,Genoa,serie-a,LB,21,70,imputed_value,6.0,,0.8,True,2031,False,unknown,Austria
Jonathan Asp-Jensen,Deportivo,la-liga,AM,20,65,fc26,6.0,,0.3,True,2031,False,unknown,Denmark
Luis Milla,Como,serie-a,CM,31,79,fc26,6.0,,3.7,True,2028,False,unknown,Spain
Mattia Liberali,Como,serie-a,ST,19,65,fc26,6.0,,0.3,True,2031,False,unknown,Italy
Filip Thorvaldsen,Twente,eredivisie,RW,20,69,imputed_value,5.5,,0.4,True,2031,False,unknown,Norway
Danny Namaso,Auxerre,ligue-1,LW,25,73,fc26,5.0,,1.3,True,2031,False,unknown,Cameroon
Lukas Ambros,Anderlecht,pro-league,AM,22,62,fc26,5.0,,0.1,True,2031,False,unknown,Czech Republic
Tjark Ernst,Feyenoord,eredivisie,GK,23,69,fc26,5.0,,0.4,True,2031,False,unknown,Germany
Cédric Kipré,Ipswich Town,premier-league,CB,29,74,fc26,4.5,,2.1,True,2030,False,unknown,Cote d'Ivoire
Benjamin Cremaschi,Parma,serie-a,CM,21,68,fc26,4.0,,0.6,True,2031,False,unknown,United States
Jonathan Dubasin,Osasuna,la-liga,RW,26,73,fc26,4.0,,1.1,True,2030,False,unknown,Spain
Kayne van Oevelen,Ipswich Town,premier-league,GK,22,66,fc26,4.0,,0.5,True,2031,False,unknown,Netherlands
Sion Oppong,Toulouse,ligue-1,LW,18,66,imputed_value,4.0,,0.4,True,2031,False,unknown,Sweden
Andrej Kostic,AC Milan,serie-a,ST,19,66,imputed_value,3.5,,0.4,True,2031,False,unknown,Montenegro
Jack Butland,Hull City,premier-league,GK,33,75,fc26,3.5,,2.4,True,2027,False,unknown,England
Pierce Charles,Manchester City,premier-league,GK,20,65,fc26,3.5,,0.4,True,2031,False,unknown,Northern Ireland
Rahim Alhassane,Bologna,serie-a,LB,24,69,fc26,3.5,,0.7,True,2031,False,unknown,Niger
Loun Srdanovic,Lille,ligue-1,RB,19,57,fc26,3.0,,0.2,True,2031,False,unknown,Switzerland
Oskar Wojcik,Werder Bremen,bundesliga,CB,22,62,fc26,3.0,,0.2,True,2031,False,unknown,Poland
Rockson Yeboah,Osasuna,la-liga,CB,22,60,fc26,3.0,,0.1,True,2031,False,unknown,Ghana
Samuel Wiafe,Genoa,serie-a,CM,18,64,imputed_value,3.0,,0.3,True,2031,False,unknown,Italy
Mouhamed Ngom,Gent,pro-league,CB,26,71,imputed_value,2.7,,0.4,True,2030,False,unknown,Senegal
Christ Tapé,Toulouse,ligue-1,LB,20,66,imputed_value,2.5,,0.4,True,2031,False,unknown,Cote d'Ivoire
Elliot Stroud,Hull City,premier-league,LW,24,71,fc26,2.5,,1.3,True,2031,False,unknown,Sweden
Mateo Del Blanco,Strasbourg,ligue-1,LB,22,71,fc26,2.5,,1.0,True,2031,False,unknown,Argentina
Mohamed Ouédraogo,Lyon,ligue-1,LB,23,65,fc26,2.2,,0.3,True,2031,False,unknown,Burkina Faso
Salieu Drammeh,Standard Liege,pro-league,LW,23,68,imputed_value,2.2,,0.2,True,2031,False,unknown,Gambia
Ale Gomes,Venezia,serie-a,CB,18,63,imputed_value,2.0,,0.3,True,2031,False,unknown,Spain
Elias Havel,Genoa,serie-a,ST,23,63,fc26,2.0,,0.2,True,2031,False,unknown,Austria
Mamadou Diop,Auxerre,ligue-1,GK,26,69,fc26,2.0,,0.6,True,2030,False,unknown,Mauritania
Reigan Heskey,Koln,bundesliga,LW,18,63,imputed_value,2.0,,0.3,True,2031,False,unknown,England
Benjamin Brantlind,Strasbourg,ligue-1,LW,17,57,fc26,1.9,,0.2,True,2031,False,unknown,Sweden
Eirik Granaas,Porto,primeira-liga,GK,16,61,imputed_value,1.8,,0.1,True,2031,False,unknown,Norway
Gauthier Hein,Nice,ligue-1,RW,29,76,fc26,1.7,,2.2,True,2030,False,unknown,France
Diego Mascardi,Torino,serie-a,GK,19,53,fc26,1.6,,0.3,True,2031,False,unknown,Italy
Mame Alassane Niang,Porto,primeira-liga,ST,20,64,imputed_value,1.6,,0.1,True,2031,False,unknown,Senegal
Sima Suso,Augsburg,bundesliga,CM,21,59,fc26,1.6,,0.2,True,2031,False,unknown,Germany
Finn van Breemen,Famalicao,primeira-liga,CB,23,69,fc26,1.5,,0.3,True,2031,False,unknown,Netherlands
Khalil Ayari,PSG,ligue-1,RW,21,65,imputed_value,1.5,,0.3,True,2031,False,unknown,Tunisia
Sékou Fofana,Auxerre,ligue-1,LB,23,60,fc26,1.3,,0.1,True,2031,False,unknown,France
Cameron Congreve,Westerlo,pro-league,RW,22,62,fc26,1.0,,0.1,True,2031,False,unknown,Wales
Erik Flataker,Go Ahead Eagles,eredivisie,ST,21,63,fc26,1.0,,0.1,True,2031,False,unknown,Norway
Giacomo Faticanti,Juventus,serie-a,CM,21,63,imputed_value,1.0,,0.2,True,2031,False,unknown,Italy
Julio Díaz,Sevilla,la-liga,LB,21,63,imputed_value,1.0,,0.2,True,2031,False,unknown,Spain
Lasse Flø,Westerlo,pro-league,RB,20,60,fc26,1.0,,0.1,True,2031,False,unknown,Denmark
Paul Okon Engstler,Koln,bundesliga,CM,21,63,imputed_value,1.0,,0.3,True,2031,False,unknown,Australia
Sylvester Jasper,Standard Liege,pro-league,LW,24,66,imputed_value,1.0,,0.2,True,2031,False,unknown,Bulgaria
Joel Ndala,Cercle Brugges,pro-league,LW,20,63,fc26,0.9,,0.1,True,2031,False,unknown,England
Giuseppe Aurelio,Cagliari,serie-a,LB,26,68,fc26,0.8,,0.6,True,2030,False,unknown,Italy
Adam Tahaui,NEC Nijmegen,eredivisie,CM,20,62,imputed_value,0.7,,0.1,True,2031,False,unknown,Netherlands
André Gomes,Casa Pia,primeira-liga,GK,21,75,fc26,0.5,,0.9,True,2031,False,unknown,Portugal
Tomas Galvez,Go Ahead Eagles,eredivisie,LB,21,62,imputed_value,0.5,,0.1,True,2031,False,unknown,Finland
Alexis Trouillet,Standard Liege,pro-league,CM,25,68,fc26,0.4,,0.2,True,2031,False,unknown,France
Lukas Mondele,Cercle Brugges,pro-league,CM,22,62,imputed_value,0.4,,0.1,True,2031,False,unknown,Belgium
Sami Bouhoudane,Cambuur Leeuwarden,eredivisie,ST,18,59,imputed_value,0.4,,0.1,True,2031,False,unknown,Netherlands
Nick de Groot,Fortuna Sittard,eredivisie,LB,24,64,imputed_value,0.3,,0.1,True,2031,False,unknown,Netherlands
Kevin Müller,Schalke 04,bundesliga,GK,35,74,fc26,0.05,,1.7,True,2027,False,unknown,Germany
Aaron Murenzi,Levante,la-liga,LW,18,71,imputed_median,9.0,,0.8,True,2031,False,unknown,Belgium
Alessandro Longoni,PSG,ligue-1,GK,18,69,imputed_median,6.5,,0.7,True,2031,False,unknown,Italy
Alexander Schlager,Werder Bremen,bundesliga,GK,30,73,fc26,2.5,,1.5,True,2028,False,unknown,Austria
Anouar El Azzouzi,Frosinone,serie-a,CM,25,67,fc26,1.5,,0.5,True,2031,False,unknown,Morocco
Arthur Cremer,Charleroi,pro-league,GK,25,69,imputed_median,2.5,,0.3,True,2031,False,unknown,Belgium
Arthur Zagré,Utrecht,eredivisie,LB,24,67,fc26,1.5,,0.2,True,2031,False,unknown,Burkina Faso
Ben Zich,Koln,bundesliga,GK,23,69,imputed_median,3.0,,0.8,True,2031,False,unknown,Germany
Billal Brahimi,Le Mans,ligue-1,RW,26,71,imputed_median,3.0,,0.9,True,2030,False,unknown,Algeria
Callum Wilson,Brentford,premier-league,ST,34,78,fc26,4.5,,4.0,True,2027,False,unknown,England
Celton Biai,Excelsior,eredivisie,GK,25,69,imputed_median,2.5,,0.4,True,2031,False,unknown,Guinea-Bissau
Connor Krempicki,Borussia Dortmund,bundesliga,CM,31,66,fc26,0.5,,0.4,True,2028,False,unknown,Germany
Daley Blind,Ajax,eredivisie,CB,36,77,fc26,2.5,,1.3,True,2027,False,unknown,Netherlands
Dennis Praet,Mechelen,pro-league,CM,32,73,fc26,2.0,,0.6,True,2028,False,unknown,Belgium
Diego Rico,Osasuna,la-liga,LB,33,77,fc26,4.0,,2.1,True,2027,False,unknown,Spain
Emre Mor,NEC Nijmegen,eredivisie,RW,28,73,fc26,3.5,,0.7,True,2030,False,unknown,Denmark
Eray Cömert,Torino,serie-a,CB,28,72,fc26,2.5,,1.1,True,2030,False,unknown,Switzerland
Fernando Calero,Malaga,la-liga,CB,30,71,imputed_median,1.5,,0.7,True,2028,False,unknown,Spain
Florian Grillitsch,Frosinone,serie-a,CM,31,75,fc26,3.5,,1.9,True,2028,False,unknown,Austria
Gideon Mensah,Koln,bundesliga,LB,27,74,fc26,5.0,,1.8,True,2030,False,unknown,Ghana
Giorgi Tsitaishvili,Rayo Vallecano,la-liga,LW,25,72,fc26,4.5,,0.9,True,2031,False,unknown,Georgia
Jamiro Monteiro,NEC Nijmegen,eredivisie,CM,32,69,fc26,0.5,,0.3,True,2028,False,unknown,Cape Verde
Jesper Verlaat,Borussia Dortmund,bundesliga,CB,30,68,fc26,0.5,,0.6,True,2028,False,unknown,Netherlands
Josh Maja,Le Havre,ligue-1,ST,27,72,fc26,3.0,,1.1,True,2030,False,unknown,Nigeria
João Gonçalves,Nacional,primeira-liga,GK,25,69,fc26,2.5,,0.3,True,2031,False,unknown,Portugal
Julian Bock,Stuttgart,bundesliga,GK,22,55,fc26,0.5,,0.2,True,2031,False,unknown,Germany
Kaito Mizuta,Le Havre,ligue-1,AM,26,64,fc26,0.5,,0.2,True,2030,False,unknown,Japan
Kevin Akpoguma,Frosinone,serie-a,CB,31,74,fc26,2.5,,1.6,True,2028,False,unknown,Nigeria
Lasse Wilhelm,ADO Den Haag,eredivisie,CB,23,61,fc26,0.5,,0.1,True,2031,False,unknown,Germany
Luca Sirch,Elversberg,bundesliga,CB,27,71,fc26,2.5,,1.0,True,2030,False,unknown,Germany
Lucas França,Santa Clara,primeira-liga,GK,30,75,fc26,4.0,,0.9,True,2028,False,unknown,Brazil
Léandre Kuavita,Beveren,pro-league,CM,22,65,fc26,1.5,,0.1,True,2031,False,unknown,Belgium
Marcos Lavín,Academico Viseu,primeira-liga,GK,29,63,fc26,0.5,,0.1,True,2030,False,unknown,Spain
Martin Dúbravka,Tottenham,premier-league,GK,37,77,fc26,2.0,,3.3,True,2027,False,unknown,Slovakia
Martin James,Koln,bundesliga,GK,18,69,imputed_median,6.5,,0.8,True,2031,False,unknown,France
Marvin Peersman,Telstar,eredivisie,LB,35,68,fc26,0.5,,0.3,True,2027,False,unknown,Belgium
Maxime Busi,Royal Antwerp,pro-league,RB,26,68,fc26,1.5,,0.2,True,2030,False,unknown,Belgium
Milosz Piekutowski,Strasbourg,ligue-1,GK,20,62,fc26,1.0,,0.2,True,2031,False,unknown,Poland
Mohamed Hamdoune,Getafe,la-liga,CB,22,71,imputed_median,5.5,,0.8,True,2031,False,unknown,Morocco
Omar Traoré,Udinese,serie-a,RB,28,72,imputed_median,2.5,,1.1,True,2030,False,unknown,Germany
Patson Daka,Hamburg,bundesliga,ST,27,72,fc26,3.0,,1.3,True,2030,False,unknown,Zambia
Paul Nardi,Auxerre,ligue-1,GK,32,73,fc26,2.0,,1.3,True,2028,False,unknown,France
Paulo Fritschi,Freiburg,bundesliga,CB,21,55,fc26,0.5,,0.2,True,2031,False,unknown,Germany
Pedro Silva,Club Brugges,pro-league,GK,37,69,imputed_median,0.5,,0.3,True,2027,False,unknown,Switzerland
Prince Aning,Telstar,eredivisie,LB,22,72,imputed_median,6.5,,0.6,True,2031,False,unknown,Netherlands
Rafa Soares,Estrela Amadora,primeira-liga,LB,31,70,fc26,1.0,,0.4,True,2028,False,unknown,Portugal
Rico Benatelli,Elversberg,bundesliga,CM,34,63,fc26,0.5,,0.2,True,2027,False,unknown,Germany
Rui Mendes,Telstar,eredivisie,RW,26,65,fc26,0.5,,0.2,True,2030,False,unknown,Portugal
Saba Sazonov,Getafe,la-liga,CB,24,73,fc26,6.0,,1.1,True,2031,False,unknown,Georgia
Samuel Portugal,Gil Vicente,primeira-liga,GK,32,70,fc26,0.5,,0.4,True,2028,False,unknown,Brazil
Stan Naert,Mechelen,pro-league,ST,18,71,imputed_median,9.0,,0.4,True,2031,False,unknown,Belgium
Thierry Correia,Venezia,serie-a,RB,27,76,fc26,7.5,,2.3,True,2030,False,unknown,Portugal
Thomas Meunier,Sunderland,premier-league,RB,34,76,fc26,3.0,,2.9,True,2027,False,unknown,Belgium
Thorgan Hazard,Lens,ligue-1,CM,33,73,fc26,1.5,,1.2,True,2027,False,unknown,Belgium
Tiago Ferreira,Porto,primeira-liga,CB,32,71,imputed_median,1.0,,0.4,True,2028,False,unknown,Portugal
Vincent Sasso,Le Havre,ligue-1,CB,35,71,fc26,0.5,,0.9,True,2027,False,unknown,France
Óscar Mingueza,Crystal Palace,premier-league,RB,27,72,imputed_median,3.0,,1.5,True,2030,False,unknown,Spain
Ørjan Nyland,Leipzig,bundesliga,GK,35,76,fc26,2.5,,2.4,True,2027,False,unknown,Norway
Luke Chambers,Liverpool,premier-league,LB,22,65,manual,20.0,,0.78,True,2029,True,override,England
James McConnell,Liverpool,premier-league,CM,21,65,manual,20.0,,0.78,True,2029,True,override,England
Lewis Koumas,Liverpool,premier-league,ST,20,65,manual,20.0,,0.78,True,2029,True,override,Wales
